id,texto,label,fonte
hatebr_1,Mais um lixo,ofensivo,hatebr
hatebr_2,Essa nao tem vergonha na cara!!,ofensivo,hatebr
hatebr_3,Essa mulher é doente.pilantra!,ofensivo,hatebr
hatebr_4,Comunista safada...,ofensivo,hatebr
hatebr_5,Vagabunda. Comunista. Mentirosa. O povo chileno nao merece uma desgraça desta.,ofensivo,hatebr
hatebr_6,"COMUNISTA SAFADA, MALPARIDA, MAMAGUEVA, DESGRAÇADA, COÑO É TU MADRE.",ofensivo,hatebr
hatebr_7,Besta quadrada.,ofensivo,hatebr
hatebr_8,Se elegeu as nossas custas,ofensivo,hatebr
hatebr_9,Comunista lixo!,ofensivo,hatebr
hatebr_10,"Quem tem pena é galinha, mas ela é uma VACA LOUCA.",ofensivo,hatebr
hatebr_11,Mande essa Bachelet plantar batata no asfalto. Puta que pariu até o tamborete de bordel se acha no direito de falar do Brasil.,ofensivo,hatebr
hatebr_12,Mulherzinha safada,ofensivo,hatebr
hatebr_13,Oportunista essa corrupta.Agora todos os Comunistas querem se fazer de vítimas.,ofensivo,hatebr
hatebr_14,Porque é uma bandida,ofensivo,hatebr
hatebr_15,Mentem e roubam..... Não vai mais mamar.....,ofensivo,hatebr
hatebr_16,Tudo igual. Só pensam no próprio rabo,ofensivo,hatebr
hatebr_17,Plano da esquerda foi é e será sempre críticar não nunca teve um plano de governo único plano era como roubar .,ofensivo,hatebr
hatebr_18,"Guarde sua ""pena"" ...nos da ânsia de vômito",ofensivo,hatebr
hatebr_19,Quem não têm caráter é contra o presidente Bolsonaro,ofensivo,hatebr
hatebr_20,O problema dela é que a tetinha secou,ofensivo,hatebr
hatebr_21,Será que alguém em sã consciência ainda vai acreditar nesta farsante? Não acredito em um fio do seu cabelo pintado.,ofensivo,hatebr
hatebr_22,Ela tem cara de homem né? Macron deve achar gata,ofensivo,hatebr
hatebr_23,É uma cara de pau mesmo... 😡,ofensivo,hatebr
hatebr_24,Nojo dessa pilantra,ofensivo,hatebr
hatebr_25,Olha ai a hipocrisia dessa mulher,ofensivo,hatebr
hatebr_26,"Joga uma carteira de trabalho que correm todos, na verdade não gostam de trabalhar só sabem roubar o brasil",ofensivo,hatebr
hatebr_27,Velha idiota.,ofensivo,hatebr
hatebr_28,Outra bandida ...,ofensivo,hatebr
hatebr_29,BACHELETA DA TRETA E MUTRETA CHILENA..CANALHA SAPATONA.. BICHELETA..,ofensivo,hatebr
hatebr_30,Ridícula nojenta,ofensivo,hatebr
hatebr_31,"hipocrisia, mal do seculo: falta de caráter geral. Ser humano não deu certo.",ofensivo,hatebr
hatebr_32,"Isso é uma realidade da imbecilidade humana, não tem moral prá nada...",ofensivo,hatebr
hatebr_33,E eu tenho pena de vc sua ridícula.,ofensivo,hatebr
hatebr_34,"Eu tenho pena do Brasil, pois com o PT no poder todos os corruPTos do mundo tiraram vantagem das nossas riquezas. Inclusive essa hipócrita amiga da Dilma.🤔",ofensivo,hatebr
hatebr_35,Óleo de peroba pra lustrar a cara de pau!,ofensivo,hatebr
hatebr_36,"Mentir e roubar. Tudo que os comunistas sabem fazer. Trabalhar e produzir alguma coisa, jamais.",ofensivo,hatebr
hatebr_37,"Velha barriguda d bem folgada, heim?🧐🤔😤",ofensivo,hatebr
hatebr_38,"Esquerdista agora fala em democracia porque levou uma surra no voto, assim como vagabundo jura por Deus depois de um tapa na lateral.🤣",ofensivo,hatebr
hatebr_39,Aí a ganância falou mais alto... corrupta!,ofensivo,hatebr
hatebr_40,Nojo 🙈🙉🙊sempre assim,ofensivo,hatebr
hatebr_41,Devolve o dinheiro roubado via OAS...,ofensivo,hatebr
hatebr_42,Mais uma esquerdista ridícula💩💩,ofensivo,hatebr
hatebr_43,Isso não passa de uma mera oportunista! #michelebachelet #oas não passa de uma múmia esquerdista ainda em atividade minha querida @carla.zambelli . Obrigado pelas informações de sempre 🇧🇷💙,ofensivo,hatebr
hatebr_44,Rapariga de cego ! Quem essa vagabunda pensa que é pra dar pitaco aqui dentro ! Vagabunda,ofensivo,hatebr
hatebr_45,Bachelet vc como todo bom esquerdista é uma hipócrita. Tenha pena de vc e do seu povo.,ofensivo,hatebr
hatebr_46,Q mulher ordinária,ofensivo,hatebr
hatebr_47,"Realmente, uma verdadeira hipócrita!",ofensivo,hatebr
hatebr_48,Simples... São canalhas que amam o dinheiro do povo. 👊🏾 🇧🇷 Acabou pra eles aí ficam nesta choradeira de 🚮. Esgoto... Lama podre. Isso eh o comunismo. Povo na merda é eles de boa. Canalhas! 👊🏾,ofensivo,hatebr
hatebr_49,Pq é uma vaca.,ofensivo,hatebr
hatebr_50,Porca asquerosa🤮🤮🤮,ofensivo,hatebr
hatebr_51,Realmente a hipocrisia está estampada na cara de pau 👎👎👎👎,ofensivo,hatebr
hatebr_52,Ridícula vai cuidar da sua vida,ofensivo,hatebr
hatebr_53,Deve ter pena dela quando descobrir os podre dela essa imoral,ofensivo,hatebr
hatebr_54,Velha cretina,ofensivo,hatebr
hatebr_55,"Da esquerda não se aproveita nada, seja ela de qualquer país!",ofensivo,hatebr
hatebr_56,Horrorosa vaca suja,ofensivo,hatebr
hatebr_57,"Pena eu não tenho de vc corrupta, qdo for presa 👊",ofensivo,hatebr
hatebr_58,Hipocrisia esquerdopata oportunista,ofensivo,hatebr
hatebr_59,E nós sentimos ranço dela! Ela pode guardar a pena dela pra ela na mesma conta que o Lula mandou o dinheiro.,ofensivo,hatebr
hatebr_60,🇧🇷💪💪💪Bandidagem safados Globolixo globonewslixo mídia lixo nojenta apátridas,ofensivo,hatebr
hatebr_61,Falsa!!!! Que nem nota de $30!!!!🤪🤪🤪,ofensivo,hatebr
hatebr_62,Esquerdista ordinária e safada,ofensivo,hatebr
hatebr_63,"Enquanto a Bachelet comia toco do PT, estava caladinha.",ofensivo,hatebr
hatebr_64,Safada sem vergonha ! Velha asquerosa !🤮,ofensivo,hatebr
hatebr_65,Quem é essa ? Vai te catar...,ofensivo,hatebr
hatebr_66,Lixo ideológico,ofensivo,hatebr
hatebr_67,"Esses ""camaradas"" são ""tinhosos dimais"", quando o ""venha a nós"" acaba, começam a criticar, falar mal do ""vosso reino""! Pessoas que agem assim são imbecis para não dizer ""vampiros""!",ofensivo,hatebr
hatebr_68,Pois é deveria ter pena da própria ignorância.,ofensivo,hatebr
hatebr_69,"Vagabunda,Ordinária",ofensivo,hatebr
hatebr_70,"Maldita, quadrilha do PT é grande viu💩💩💩",ofensivo,hatebr
hatebr_71,Vou mandar um óleo de peroba pra ela de presente! 😂😂😂😂,ofensivo,hatebr
hatebr_72,Mulherzinha cara de pau🤮🤮🤮🤮🤮🤮🤮🤮🤮🤮🤮🤮🤮🤮🤮,ofensivo,hatebr
hatebr_73,Porque é corrupta é conivente com o desgoverno anterior,ofensivo,hatebr
hatebr_74,A cada dia fico mais admirado com a cara de pau da elite dominante desse mundo até quando irão nos fazer de otários,ofensivo,hatebr
hatebr_75,"Vá ter pena da puta que a pariu, corrupta",ofensivo,hatebr
hatebr_76,Piada esse tipo de gente !,ofensivo,hatebr
hatebr_77,"Comunista ladrona, padrão PT pissol PCdoB LULAPRESIDIARIO DILMATERRORISTA",ofensivo,hatebr
hatebr_78,"Porque Bachelet faz parte da esquerda Hipócrita da América latina. Pergunte se ela tem pena de Cuba, Nicarágua ou da Venezuela. #MicheleBacheletHipócrita",ofensivo,hatebr
hatebr_79,"Vai te catar ,cuida do teu país,o Brasil tem quem cuide🙏🇧🇷",ofensivo,hatebr
hatebr_80,Canalha vagabunda amiga de ditaduras,ofensivo,hatebr
hatebr_81,Essa gentalha tirando uma de vítima. Vão derrubar Já já. Coitados. Deus é Deus!,ofensivo,hatebr
hatebr_82,Sua TONTA SAFADA,ofensivo,hatebr
hatebr_83,Mentirosa enganadora 👎👎👎,ofensivo,hatebr
hatebr_84,Cachorra safada o Brasil tá sob nova direção,ofensivo,hatebr
hatebr_85,"A mim ela eh similar aquelas moças que ficam na rodovia que trocam ""serviços"" por $. Sem tirar nem por...",ofensivo,hatebr
hatebr_86,#foracomunismosocialismo🤬😠😡👊👊👊,ofensivo,hatebr
hatebr_87,Aff ranso desses corruptos,ofensivo,hatebr
hatebr_88,Bandida como todos esquerdopatas,ofensivo,hatebr
hatebr_89,Senhora Michele Bachelet! Com todo o respeito. Vai a merda.,ofensivo,hatebr
hatebr_90,"Velha cretina, vai cuidar do seu país..ah não te querem lá. Então vai pro inferno coisa ruim.",ofensivo,hatebr
hatebr_91,Toma distraída!!!,ofensivo,hatebr
hatebr_92,Velha idiota comunista e corrupta .,ofensivo,hatebr
hatebr_93,Demagoga se locupletando com dinheiro de propina,ofensivo,hatebr
hatebr_94,Porque é bandida igualmente a o presidiário cachaceiro do Lula,ofensivo,hatebr
hatebr_95,Eu tenho pena é de você não ter sido da época do grande General Pinochet que lamentavelmente deixou sobrar este resquício de desgraça.,ofensivo,hatebr
hatebr_96,Cai fora o Brasil não precisa de você,ofensivo,hatebr
hatebr_97,tá se revelando! corrupta ...nesse governo a gente tá realmente vendo quem é honesto e quem no presta!,ofensivo,hatebr
hatebr_98,Falou...Bacheria. . ...Brcelet.... ou seja lá como queira ser chamada sua raposa velhaca.,ofensivo,hatebr
hatebr_99,Bandidona e pilantrona o leitinho acabou,ofensivo,hatebr
hatebr_100,Hipooooooócrita essa senhoura...,ofensivo,hatebr
hatebr_101,Exato! Ela é um escrota!,ofensivo,hatebr
hatebr_102,Outra pilantra!,ofensivo,hatebr
hatebr_103,Farinha do mesmo saco nojo desses políticos,ofensivo,hatebr
hatebr_104,Essa senhora é uma currupta igual seus amiguinhos do PT.,ofensivo,hatebr
hatebr_105,"Cada coisa que aparece!!! Internacionarizaram a propina e a corrupção!!! Agora tem pena do Brasil, tem que ter pena dela mesmo, afinal ficou sem os recursos ilícitos!!!",ofensivo,hatebr
hatebr_106,Devolva o dinheiro,ofensivo,hatebr
hatebr_107,Pq. ELa é SAFADA igual ao 9 dedos. 😲😲,ofensivo,hatebr
hatebr_108,Terrorista FDP,ofensivo,hatebr
hatebr_109,Sem noção sobre o Brasil e uma corrupta 👎👎👿👿👿,ofensivo,hatebr
hatebr_110,Pena dessa senhorinha...,ofensivo,hatebr
hatebr_111,"Houve um tempo atrás que o Brasil recebeu milhares de chilenos, que veio arrumar emprego aqui no Brasil e os brasileiros os receberam de braços abertos, mas, o mundo e o povo é assim esquece rápido o bem que o outro fez! Mas, essa comunista está se achando, mas, é uma tremenda corrupta.",ofensivo,hatebr
hatebr_112,"VOCÊ TINHA DE TER PENA É QUANDO VÁRIOS BRASILEIROS MORRERAM NOS CORREDORES DOS HOSPITAIS PÚBLICOS POR CAUSA DAS ROUBALHEIRAS DOS CURRUPTOS, MAS VOCÊ VELHA CANALHA TAMBÉM FAZIA PARTE DO ESQUEMA SEGUNDO Á OAS 🐀🐀🐀🐀🐀🐀🐀🐀🐀🐀🐀🐀.",ofensivo,hatebr
hatebr_113,"Pois é, nojenta!!",ofensivo,hatebr
hatebr_114,Quem quer saber oq vc pensa comunista corrupta vc deveria estar na cadeia !,ofensivo,hatebr
hatebr_115,"Enfia a sua pena no seu rabo, velha nojenta",ofensivo,hatebr
hatebr_116,A única coisa que no momento a esquerda faz é rosnar!!,ofensivo,hatebr
hatebr_117,OQUE BACHELE FALA NÃO TEM VALOR!!! KKKK A PESSOA QUE SE ENVOLVE COM MARACUTAIA PARA ROUBAR UM POVO PERDE SEU VALOR E PRONTO ACABOU!!!,ofensivo,hatebr
hatebr_118,"Ela que cuidado quintal da própria casa, já que está sujos com dinheiro de propina!!",ofensivo,hatebr
hatebr_119,"A resposta para um senhora desse , já que o dinheiro não vai ser devolvido. É um grande VA SE LASCAR, esquece o BRASIL e vá cuidar dos seus problemas",ofensivo,hatebr
hatebr_120,"JA DIZIA O SANTO JOÃO BATISTA:""HIPOCRITAS!!!!! RAÇA DE VIBORAS!!!ENDIREITAI OS CAMINHOS.O Messias vem",ofensivo,hatebr
hatebr_121,Nossa mostre sua compaixão devolvendo o dinheiro que recebeu do MOLUSCO,ofensivo,hatebr
hatebr_122,"Essa safada... Dinheiro ela gosta né? Não tem ""pena"" de roubar do Brasil!",ofensivo,hatebr
hatebr_123,"Ah tá com pena?!Diz para ela vim doar alimento e roupas para os asilos,orfanatos e desabrigados ,hospitais que por conta das propinas que receberam esses lugares estão com deficiência de tudo,isso PR não mandar ele para Vênus!!",ofensivo,hatebr
hatebr_124,"Sim, ela tem penas.......com certeza",ofensivo,hatebr
hatebr_125,OH BACHELET RECEBEU PROPINA DA OAS ENTÃO NÓS BRASILEIROS PATRIOTAS ESTAMOS ENTENDENDO A SUA TRISTESA ACABOU A SUA MAMATA CANALHAS,ofensivo,hatebr
hatebr_126,"PORQUE É PORCA DO MESMO LODO,",ofensivo,hatebr
hatebr_127,Essa Brochelet tem cara de corrupta da quadrilha lulaladrão.,ofensivo,hatebr
hatebr_128,Secou a fonte pilantra. Devia estar na cadeia. Esquerdista cara de pau,ofensivo,hatebr
hatebr_129,ACABOU A MAMATAAA!!!✨🇧🇷✨,ofensivo,hatebr
hatebr_130,Velha ridícula e bandida!! Parece uma porca,ofensivo,hatebr
hatebr_131,CLARO QUE TEM PENA PORQUE ELA JUNTO COM O LULADRÃO SUGARAM O POVO DEVERIA TER VERGONHA NA CARA E DEVOLVER O DINHEIRO QUE LEVOU,ofensivo,hatebr
hatebr_132,"Esquerdopatas mentem para ver se vira verdade, isso é o lema deles.",ofensivo,hatebr
hatebr_133,SÓ SENTE PENA SE FOR REMUNERADA PRA ISSO...NÃO PRECISAMOS QUE ESSA GENTE SINTAM PENA DO NOSSO PAÍS...E SIM QUE SE AFASTEM DELE E DO NOSSO DINHEIRO...,ofensivo,hatebr
hatebr_134,Sim porque??? É muita hipocrisia. E a propina...,ofensivo,hatebr
hatebr_135,Ta com pena? Devolve a propina,ofensivo,hatebr
hatebr_136,Comunista hipócrita nojento lixos,ofensivo,hatebr
hatebr_137,POIS É DEVERIA DEVOLVER O DINHEIRO AOS COFRES PÚBLICOS DO Brasil.,ofensivo,hatebr
hatebr_138,Outra canalha.,ofensivo,hatebr
hatebr_139,Porque ela não era “paga” pra sentir pena e sim para contribuir e usufruir dos roubos.,ofensivo,hatebr
hatebr_140,essa imbecil falando e o cachorro cagando e a mesma coisa,ofensivo,hatebr
hatebr_141,Pois ela é uma sem vergonha😩,ofensivo,hatebr
hatebr_142,Esse povo de esquerda é asqueroso e corruptos,ofensivo,hatebr
hatebr_143,Que cara CÍNICA,ofensivo,hatebr
hatebr_144,"Pois é @carla.zambelli esta senhora pena do Brasil .... ela tem é sangue nas mãos de uma nação pois dinheiro de corrupção mata cidadão de bem dinheiro este que é desviado de segurança, saúde e educação esse tipo de gente classifico como genocida pois acabam com nações inteiras por um ideal onde eles ficam ricos dominam as pessoas como escravos ... diria que até pior que terroristas pois terroristas matam em nome da “religião” não que algo justifique mas chega ser pior ... corruptos safados ....😡😡😡😡 que Deus nos livre desta cambada que articula em tempo integral a nova destruição ...🙏🇧🇷🇧🇷🇧🇷🇧🇷",ofensivo,hatebr
hatebr_145,Propineira com pena pq a mamata acabou.... 🤮🤮,ofensivo,hatebr
hatebr_146,Ela tem pena agora pq não tá recebendo mais propinas. Bandida.,ofensivo,hatebr
hatebr_147,Cala essa boca sua vaca velha vai para Venezuela,ofensivo,hatebr
hatebr_148,Porque é bandido da organização criminosa do luladrao. Não aceita nosso presidente Bolsonaro. E melhor aceita que dói menos😂,ofensivo,hatebr
hatebr_149,"E uma coitada , não tem credibilidade aqui nao",ofensivo,hatebr
hatebr_150,"Que lixo, heim????",ofensivo,hatebr
hatebr_151,Mande essa nojenta pra Cuba.,ofensivo,hatebr
hatebr_152,Parece que para atuar na #ONU precisa ter postura e comportamento #desprezível #hipócrita #falsidade.,ofensivo,hatebr
hatebr_153,@veronica_michelle_bachelett e a propina recebida pela OAS teve pena quando recebeu? #hipocrita #oportunista #voltapromaroferenda,ofensivo,hatebr
hatebr_154,Vagabunda ordinária velha dó capeta vai cuidar da sua bunda velha esclerosada,ofensivo,hatebr
hatebr_155,"Ela não teve pena do Brasil quando Cuba ininteruptamente tentou interferir na nossa democracia. Amiga de comunistas sujos. Amiga de Fidel Castro, um rato ditador e assassino que hoje ocupa um cargo na ONU que não condiz com seu caráter e nem com suas convicções políticas.",ofensivo,hatebr
hatebr_156,O BRASIL ESTÁ COM BOLSONARO. VAI PARA A VENEZUELA. LIXO.,ofensivo,hatebr
hatebr_157,Porque ela é uma ladra morfética,ofensivo,hatebr
hatebr_158,Barchelet vai catar coco . Esquece nosso povo.,ofensivo,hatebr
hatebr_159,DONA BACHELET A SENHORA DEVIA TER PENA E VERGONHA NA CARA VIM ROUBAR DINHEIRO DO POVO BRASILEIRO QUE FALTA DE VERGONHA SENHORA BACHELET,ofensivo,hatebr
hatebr_160,Ou quando o Brasil estava sendo saqueado pelo PT? ?,ofensivo,hatebr
hatebr_161,Safada !! ONU não vale nada!!,ofensivo,hatebr
hatebr_162,Essa vagabunda devia ter pena é da propina que ela levou que tirou de um hospital inteiro do Brasil,ofensivo,hatebr
hatebr_163,Esquerdista dos inferno.,ofensivo,hatebr
hatebr_164,"Sai fora vaga, vagaba",ofensivo,hatebr
hatebr_165,Uma safada sem caráter.,ofensivo,hatebr
hatebr_166,Essa aí é uma maior 171,ofensivo,hatebr
hatebr_167,Que ela enfie a pena dela no $%$@&^ ... devolva nosso dinheiro isso sim. 🤔🤔,ofensivo,hatebr
hatebr_168,Essa ja fez parte da quadrilha,ofensivo,hatebr
hatebr_169,Hipócrita esta senhorinha bachelet,ofensivo,hatebr
hatebr_170,Sem vergonha trate do seu País o nosso temos Bolsonaro@,ofensivo,hatebr
hatebr_171,Porquê ela é uma velha escrota de MERDA.. só isso,ofensivo,hatebr
hatebr_172,Que devolva a propina e pare de se meter onde nao foi chamada brachelenta!,ofensivo,hatebr
hatebr_173,"Vagabunda, roubou o Brasil agora tá com pena, vá se fuder",ofensivo,hatebr
hatebr_174,"Pena porque não vai mais roubar nosso Brasil, sua quenga velha",ofensivo,hatebr
hatebr_175,Conheco uma vagabunda de longe!!! 💩💩💩,ofensivo,hatebr
hatebr_176,Pilantra vadia,ofensivo,hatebr
hatebr_177,Que devolva o dinheiro 💰,ofensivo,hatebr
hatebr_178,Vagabunda fingida...,ofensivo,hatebr
hatebr_179,Bachelet está com pena é dela não receber mais dindin dos nossos impostos. Hipócrita corrupta!...😎😎😎😎,ofensivo,hatebr
hatebr_180,Hipocrisia Pura😡😡,ofensivo,hatebr
hatebr_181,Veia safada.,ofensivo,hatebr
hatebr_182,Pois é.... A pena dela é exatamente pq não vai mais receber propina,ofensivo,hatebr
hatebr_183,#maiatraidordapatria,ofensivo,hatebr
hatebr_184,Vagabunda. Cala essa boca imunda pra falar do meu País .,ofensivo,hatebr
hatebr_185,"Velha sem vergonha, vagabunda !",ofensivo,hatebr
hatebr_186,"Não precisamos da pena de ninguém ,ainda mais dessa desqualificada ,guarde ela ,as muitas penas que tem pra si mesma 🐔, #Bolsonaro2022 ,sem mais .....",ofensivo,hatebr
hatebr_187,A fonte secou! Não tem mais propininha!😂😂😂😂,ofensivo,hatebr
hatebr_188,É comunista! Voces acham que ela não é igual ao ladrões do pt?,ofensivo,hatebr
hatebr_189,"Que mulher babaca! Vai cuidar do seu Chile, estúpida!",ofensivo,hatebr
hatebr_190,"Pena do Brasil??? O qué será que pensa essa corrupta, tentando dar uma de pessoa íntegra, correta, quando não passa de uma vigarista! 😠🤔😠",ofensivo,hatebr
hatebr_191,"Será que vai querer devolver o dindin da propina,😂😂",ofensivo,hatebr
hatebr_192,Esse lixo tem pena e da propina que andava ganhando ilicitamente,ofensivo,hatebr
hatebr_193,"Percebem que , todo bandido no final de sua gestão , é convidado para trabalhar na ONU ! Porque será ???!",ofensivo,hatebr
hatebr_194,Bruxa ladra dozinferno 🔥,ofensivo,hatebr
hatebr_195,É outra HIPÓCRITA 😔😔😔,ofensivo,hatebr
hatebr_196,É a bandida defendendo os colegas de bandidagem.,ofensivo,hatebr
hatebr_197,Essa é uma canalha esquerdopata! Nós brasileiros não precisamos de suas condolências! Bandida!,ofensivo,hatebr
hatebr_198,Essa é pior que o pai.,ofensivo,hatebr
hatebr_199,Pena da de vc devolva o que nunca foi teu,ofensivo,hatebr
hatebr_200,Devia ter pena? Ela tem agora pq não tem parceria na corrupção...,ofensivo,hatebr
hatebr_201,Que mulher nojenta,ofensivo,hatebr
hatebr_202,Além de desonesta e metida a boa de sela,ofensivo,hatebr
hatebr_203,Pena porque não tem milhões para sua conta mais não é tranbiqueira.,ofensivo,hatebr
hatebr_204,Quem quer saber a opinião dela? Vai procurar tua turma!,ofensivo,hatebr
hatebr_205,Dissimulada! Agora ela sabe que a mamata acabou! Governo Bolsonaro colocando todos no devido lugar!Sem.corrupção a bandidagem chora!,ofensivo,hatebr
hatebr_206,"pois é, né? O dinheiro da OAS fez com que ela esquecesse de ter pena do Brasil. Muito cínica.",ofensivo,hatebr
hatebr_207,"Velhinha safada senil, alguém faça a gentileza de calar esses canalhas, já não suporto mais nem ver a cara desses hipócritas, Bachelet, Macron, Maduro, os petralhas e por aí vai",ofensivo,hatebr
hatebr_208,Essa vagabunda não tem que falar nada!,ofensivo,hatebr
hatebr_209,Tem cara de bandida,ofensivo,hatebr
hatebr_210,💚💛pena do Brasil ou saudade da bagaçeira.,ofensivo,hatebr
hatebr_211,"😂😂 abstinência de propina faz isso, cria até pena kkkk",ofensivo,hatebr
hatebr_212,Pq é uma PILANTRA do mesmo NÍVEL BAIXO de LULADRÃO E DIMANTA!,ofensivo,hatebr
hatebr_213,"E outra coisa, quem perguntou a opinião dela? O que nos interessa? VAZA OMELETE PODRE",ofensivo,hatebr
hatebr_214,"Deixe de hipocrisia, comedora de propina.Você deve tá sentindo falta é do dindo que não está caindo mais na sua conta.",ofensivo,hatebr
hatebr_215,É uma idiota! Não precisamos da pena dela...,ofensivo,hatebr
hatebr_216,Ela que legue a pena dela e faça um travesseiro pra ver se consegue dormir depois de ter aceitado dinheiro sujo.,ofensivo,hatebr
hatebr_217,Viver do comunismo é triste!! Uma hora o dinheiro acaba e você vai ter que trabalhar...!😡👊🏾😎🇧🇷🙏🏻,ofensivo,hatebr
hatebr_218,Uma mulher dessa idade já deveria ter aprendido a ter vergonha na cara.,ofensivo,hatebr
hatebr_219,"Essa esquerdopata imbecil não consegue ser ouvida nem no Chile, sua terra!",ofensivo,hatebr
hatebr_220,Q velha ordinária!! A Esquerdalha tem todos a mesma face!!🤮🤮🤮,ofensivo,hatebr
hatebr_221,"Por isso que SSA senhora defende o PT, e ela me dá NOJO.",ofensivo,hatebr
hatebr_222,Porque é suja e adora dinheiro alheio,ofensivo,hatebr
hatebr_223,É apenas mais uma vagabundos.,ofensivo,hatebr
hatebr_224,"Coisa feia, vai cuidar da sua casa,",ofensivo,hatebr
hatebr_225,😂😂 Ela é galinha! Pena?! Q é isso!?,ofensivo,hatebr
hatebr_226,Clínica. Faz parte da esquerda demoníaca.,ofensivo,hatebr
hatebr_227,Velha gagá FDP,ofensivo,hatebr
hatebr_228,Mas é falsa hein?Acabou a mamata.quer dinheiro vá trabalhar.,ofensivo,hatebr
hatebr_229,Ela é muito espuma. Fica em cima do muro e vai para onde o vento sopra ( biruta),ofensivo,hatebr
hatebr_230,Porque é LADRA!!,ofensivo,hatebr
hatebr_231,"Hipócrita,vai procurar tua turma. O BRASIL não precisa da tua pena.",ofensivo,hatebr
hatebr_232,Receber propina não te envergonha Bachelet? #BolsonaroPresidente2022🇧🇷,ofensivo,hatebr
hatebr_233,Cara pálida devolve o dinheiro a propina para o Brasil então,ofensivo,hatebr
hatebr_234,Nojenta! Lava a boca pra falar do nosso Presidente!,ofensivo,hatebr
hatebr_235,Ah tá com pena? Devolve o dinheiro do 🇧🇷,ofensivo,hatebr
hatebr_236,Eu que tenho pena dessa mulher feia e de um caráter duvidoso.,ofensivo,hatebr
hatebr_237,💩💩💩💩 É isso que essa louca fala!🖕🖕,ofensivo,hatebr
hatebr_238,Dispensamos sua pena sra Michele Bachelet.Temos misericórdia dos pobres de espírito que manipulam os pobres.,ofensivo,hatebr
hatebr_239,E quando recebeu dinheiro ilegal de propina e portanto de nossos impostos suados? Hipócrita.,ofensivo,hatebr
hatebr_240,Pena pq a boquinha secou né sua socialista de merda!!!! 👊🏻👊🏻👊🏻,ofensivo,hatebr
hatebr_241,"Coitadinha, ninguém liga pra ela",ofensivo,hatebr
hatebr_242,Hipócrita! Esquerda Nunca Mais!,ofensivo,hatebr
hatebr_243,"Quando ouvimos uma sujeita dessas 💩 falando assim é sinal que estamos no caminho certo. Ela gostava do Brasil quando recebia mesada, dinheiro fruto de roubo.",ofensivo,hatebr
hatebr_244,Tenha pena de você mesma imbecil!!🤬,ofensivo,hatebr
hatebr_245,Ninguém está preocupado com a pena dela. É melhor ela cuidadar do pais dela .,ofensivo,hatebr
hatebr_246,"Otária, BABACA.",ofensivo,hatebr
hatebr_247,"Se ela acha tão bacana o socialismo porque não vai morar na Venezuela, Cuba ou Coreia do Norte? Hipocrisia!!!!",ofensivo,hatebr
hatebr_248,Vagabunda safada👊👊👊,ofensivo,hatebr
hatebr_249,"Cínica , não tem o que dizer e fica falando abobrinha",ofensivo,hatebr
hatebr_250,É típico dessa gente a cara de pau!!!🤢,ofensivo,hatebr
hatebr_251,"Ela teria que ter pena qndo tirou dos hospitais do Brasil,pra continuar defendendo bandidos!!!",ofensivo,hatebr
hatebr_252,"Isso é caso de polícia, de FBI ,de CIA para esta vigarista ladra igual a DILMA e a CRISTINA KIRCHNER da ARGENTINA.CRIME ORGANIZADO.",ofensivo,hatebr
hatebr_253,Pilantra comunista oportunista,ofensivo,hatebr
hatebr_254,"Bachelet, não tem o que fazer?Sugestão: vau catar coquinho!!!",ofensivo,hatebr
hatebr_255,"O que dizer além de ""vaca véia"" ??? E no pior sentido da palavra.",ofensivo,hatebr
hatebr_256,"Vai cuidar do seu quintal, que o nosso a gente cuida,,corrupta😤",ofensivo,hatebr
hatebr_257,Comunista vagabunda,ofensivo,hatebr
hatebr_258,Cretina Hipócrita!,ofensivo,hatebr
hatebr_259,Porque ela também é BANDIDA,ofensivo,hatebr
hatebr_260,Pq é uma safada,ofensivo,hatebr
hatebr_261,Pq é criminosa do foro de São Paulo !,ofensivo,hatebr
hatebr_262,Cara horrorosa dessa senhora,ofensivo,hatebr
hatebr_263,Só defende Lula por ser igual a ele...corrupta.,ofensivo,hatebr
hatebr_264,Outra esquerdista cara de pau! Não basta os do Brasil! 😡,ofensivo,hatebr
hatebr_265,Que bom que ela tem pena do Brasil 🇧🇷 assim ela já pode dividir com a população brasileira a propina que recebeu da OAS.,ofensivo,hatebr
hatebr_266,"Bandida, safada, comunista e corrupta!!! Fora do Brasil!! Lixo!!!",ofensivo,hatebr
hatebr_267,"Enquanto não se revela os podres desses ladrões da nossa pátria todos tem alguma coisa para falar, quero ver agora.",ofensivo,hatebr
hatebr_268,Essa puta não tem dó da Venezuela???,ofensivo,hatebr
hatebr_269,Penalizada tem que estar do povo Venezuelano e envergonhada por receber propina😱,ofensivo,hatebr
hatebr_270,LIXO. Lixo iDIOTA.,ofensivo,hatebr
hatebr_271,A ONU é pior esquerda que temos no mundo atualmente.,ofensivo,hatebr
hatebr_272,"🇧🇷 Vergonha mundial, não tem moral pra falar nada do Brasil.",ofensivo,hatebr
hatebr_273,Velha canalha,ofensivo,hatebr
hatebr_274,Vagabunda! Sem vergonha!,ofensivo,hatebr
hatebr_275,"O que essa bandida corrupta ta falando do presidente, velha idiota.",ofensivo,hatebr
hatebr_276,É que o dindin pra ela acabou 😂😂😂,ofensivo,hatebr
hatebr_277,"Corrupta, formiga e ladrão tem em todo lugar, até na ONU.",ofensivo,hatebr
hatebr_278,"Essa ridícula aí, tinha que pedir desculpa ao nosso presidente",ofensivo,hatebr
hatebr_279,"Sério???? Engraçado que quem invadiu a Polônia foram os Nazistas. Você estava comemorando isso???? A invasão???? Fascista que fala, né!!!",ofensivo,hatebr
hatebr_280,"Celebrar a morte de milhões de judeus? Estúpido, nojento",ofensivo,hatebr
hatebr_281,NAZISTA SAFADO FILHO DA PUTA! VAI DOUTRINAR CRIANÇA NA PUTA QUE TE PARIU,ofensivo,hatebr
hatebr_282,Seu doente! A invasão da Polônia marca o início da segunda guerra mundial onde milhões de pessoas foram mortas e torturadas.,ofensivo,hatebr
hatebr_283,Só um doente para achar que isso é motivo para comemorar....não cansa de passar vergonha acho que as aulas pelo you tube não estão funcionando.,ofensivo,hatebr
hatebr_284,"Os inteligente na pista kkkk o que mais que a galera sabe me contam eu não sabia dessa será que sou burra, a não eu não estava lá na guerra opis",ofensivo,hatebr
hatebr_285,Gente burra não sabe o que é ato solene isso não é comemoração é um ato que lembra o fato é homenageia os refugiados da Polônia no Brasil pesquisa antes de fala merda,ofensivo,hatebr
hatebr_286,Lamento sua pequenez...,ofensivo,hatebr
hatebr_287,"Até pelos comentários, a gente percebe quem é ""normal"" e quem é ""esquerdopata""... Por que será né?",ofensivo,hatebr
hatebr_288,"O Brasil está se tornando uma ditadura dos corruptos ! Estamos assistindo o congresso desrespeitar o executivo, o STF fazendo barbaridades pra soltar bandidos!! De quem é a culpa ? A culpa é de todos os brasileiros que estão inertes dentro de casa ! Enquanto ficarmos marcando encontros nos domingos de Sol, esses corruptos não vâo tomar vergonha na cara, ou até mesmo ser punidos! Temos que comessar a pensar em greve geral !! Fazer o país parar de verdade enquanto isso não acontecer vamos ficar assistindo essa vergonha!! Chega de impunidades, não Podemos ter um presidente do congresso nem da Câmara sem vergonha.",ofensivo,hatebr
hatebr_289,"Vai tomar no seu cu milicianos, isso é inveja do PT",ofensivo,hatebr
hatebr_290,NAZISTINHA ESCROTO DO CARALHO,ofensivo,hatebr
hatebr_291,Seu pai é um safado,ofensivo,hatebr
hatebr_292,"O Lula deu um pé na bunda de um.monte de mulheres no governo dele pra acomodar vários homens velhos, indicou 2 ministros homens para o STF e ela falando em igualdade kkk isso que os eleitores do PT não entendem, eles querem impor igualdade para os outros, enquanto eles podem ter o privilégio de viver e fazer o que querem kkkk e vc jurando que o PT defensor de ditadores e ditaduras é um partido democrático kkk",ofensivo,hatebr
hatebr_293,Que faz este cara ainda morando fora da prisão？,ofensivo,hatebr
hatebr_294,Eduardo é moleque !,ofensivo,hatebr
hatebr_295,Colonialista de merda,ofensivo,hatebr
hatebr_296,"Grande bosta se seu pai fica demorando pra vetar o abuso de autoridade e pra mandar o exercito no congresso, grande bosta essas coisas",ofensivo,hatebr
hatebr_297,"Sugestão a Bolsonaro: convoque as Forças Armadas e faça uma invasão do bem na Amazônia. Expulse as ONGs que estejam ilegais. Grave as queimadas, os garimpos ilegais, os índios que fazem contrabando, as pistas de aterrissagem clandestinas. Grave tudo. Convoque uma cadeia de rede nacional em horário nobre e revele tudo! Não adianta esperar honestidade de setores que foram derrotados nas últimas eleições! Aja agora! Ou depois perderá o controle das ações! Cadê os militares que estudaram estratégia e devem ter aprendido que articula-se no país um estado de insurreição ao novo governo? Quando Napoleão esperou a chuva passar para o ataque final em Waterloo, no dia seguinte era tarde e perdeu a batalha! Alô! Não perceberam ainda que estamos num estado de pré-convulsão social? Que todos os dados indicam a tentativa de derrubada do novo governo?! Saco! Não vou mais ficar postando textos que acabam por ficar repetitivos, enquanto a articulação esquerdista vai ganhando terreno!",ofensivo,hatebr
hatebr_298,É isso família Bolsonaro. Aposto que foi farinha do msm saco do macron que ateou fogo na Amazônia pra atacar o governo. Vamos nos preparar pois bendita será a nação que teme ao Senhor. Macron que va se f****,ofensivo,hatebr
hatebr_299,"aí sim em capita, quem quiser comer meu cusinho só chame 🔥🔥",ofensivo,hatebr
hatebr_300,"Isso aí sim e postura de criança em ensino 👏🏻👏🏻 Não aquela lacracao de criança usando shortinho dançando funk ameaçando professor em sala de aula , como a esquerda incentivou os últimos 15 anos . #BolsonaroNeles 😎👉🏻👉🏻",ofensivo,hatebr
hatebr_301,"Que coisa linda a gente não conhecia, ISSO Políticos LADROES NEM IMAGINAVAM QUE; EXISTIAM TANTOS, PORQUE ???, sabia se um entrasse alguém do exercito deu no que deu, tirar verbas de Vagabundos ,;PARA SOBRAR PARA O BRASIL, E TEM MULAS QUE AINDA FALAM EM ESQUERDA MEU DEUS AS BURRiCES ESTÃO VENDO A REALIDADE E NÃO ACEITAM , CRIMES INVADINDO OS RESPONSÁVEIS PELO BRASIL, ATÉ ISSO ACORDARAM , NINGUÉM QUE VIROU P ESQUERDA FINGIRAM EM NAIO ENTENDER , BANDIDOS AGINDO JUNTOS COM 0S BANDIDOS DA ESQUERDA E PCC VIU COM QUEM ESSAS MULAS QUETEM QUE FOCAM NO BRASIL????",ofensivo,hatebr
hatebr_302,"dessa vez ninguém quebrou a mesa, né? vaza daqui playboy filho da puta",ofensivo,hatebr
hatebr_303,"Muita saúde João gordo,mas não se mistura com esse tipo de gente se não vc se contamina.esses petralhada não prestam",ofensivo,hatebr
hatebr_304,@miqueiasmonteiro e a do seu presiBozo de ir p o manicômio! Fdp,ofensivo,hatebr
hatebr_305,"@ronaldosnascimento1_ Mas tu é baixo nível, né cara? Dá dó!",ofensivo,hatebr
hatebr_306,"@guilhermeribeiro7735 Vai se instruir um pouco! Caia fora, aqui ñ é lugar para pessoas como vc",ofensivo,hatebr
hatebr_307,@ricardobedendo Vc ainda ñ caiu fora? Va seguir seu jegue!,ofensivo,hatebr
hatebr_308,@jose1ete nem pra isso ele tem competencia! Ô medão!,ofensivo,hatebr
hatebr_309,O cara não trabalha meu ....,ofensivo,hatebr
hatebr_310,João traidor do movimento!,ofensivo,hatebr
hatebr_311,"Realmente handrade kkk lembro do slogan da campanha "" Lula é Haddad Haddad é Lula"" hahhahaha os dois condenados.",ofensivo,hatebr
hatebr_312,"Coitado desse Jão gordo, fracassado.",ofensivo,hatebr
hatebr_313,"Mulher vc é casada? Alguém sabe dizer se essa mulher tem homem? Porque não é normal ser mal amada assim, amarga, triste, focada em uma coisa que não vai te levar a se elevar nunca, só derrocada fia, gaste seu precioso tempo procurando um boy nega, daí você vai ver o tempo perdido inventando coisas, mentindo descaradamente, vai dmsegue meu conselho, vc já está idosa mais ainda dá um caldo./",ofensivo,hatebr
hatebr_314,"Vou ver não, seu verme.",ofensivo,hatebr
hatebr_315,É RIDICULO UNS BABÕES DO ATUAL PRESIDENTE VIR POR HASTAG DO BURRO QUE HOJE GOVERNA O PAÌS.,ofensivo,hatebr
hatebr_316,"Sou baiano, já voltei na desgraça do PT e, graças a Deus fui libertado dessa praga. Bolsonaro é o verdadeiro presidente e o melhor do brasil. Chupa esquerdalhas! Lula e sua quadrilha tem que ser estirpados da política e do Brasil.🤬🤬👎🏾👎🏾👎🏾 Parabéns para o povo, para os prefeitos e governadores!🇧🇷🇧🇷🇧🇷🇧🇷",ofensivo,hatebr
hatebr_317,Sua mal informada ...suas narrativas não pegam mais porque é exatamente pela democracia que o Brasil está lutando. Esse encontro é contra a ditadura desse desgoverno comunista ...não venha com falácias baratas que o povo já está bem esclarecido e com o saco cheio de todos do PT,ofensivo,hatebr
hatebr_318,Faz um programa com o Lula. Sugestão para o nome: Sol Quadrado.,ofensivo,hatebr
hatebr_319,Difícil saber quem é mais escroto,ofensivo,hatebr
hatebr_320,Ai sabe roubar ...prefeitão de SP....kkkk...,ofensivo,hatebr
hatebr_321,"Aproveita, o regime fechado tá na porta.",ofensivo,hatebr
hatebr_322,Esse aí é o tal do Presidente de vcs. Esse aí é o que foi condenado por caixa 2s. 👎👎👎,ofensivo,hatebr
hatebr_323,"E a Amazônia professor? Não dá pra limpar a agenda pra focar nessa emergência? Faz alguma coisa útil. Nem tudo é voto. Onde vocês estão quando o país precisa de vocês ? @cirogomes dando palestra e entrevista enquanto a Amazônia queima. Pq vcs não vão no encontro do g20 representar o Brasil já que o bozo não serve pra isso? Bate na porta. Fala ""vim ajudar"". Depois usa isso na campanha. Façam alguma coisa útil porra!",ofensivo,hatebr
hatebr_324,Comenta sobre a condenação e a péssima gestao a frente da prefeitura. A derrota para o novato Joao Doria e depois para o ignorante xucro JB,ofensivo,hatebr
hatebr_325,"Veja abaixo o twiter de Dinesh D´Souza: “Crianças – principalmente meninas brancas nórdicas com tranças e bochechas vermelhas – eram frequentemente usadas na propaganda nazista. Uma velha técnica de Goebbels! Parece que os progressistas de hoje ainda estão aprendendo o jogo da esquerda, anterior da década de 1930.”",ofensivo,hatebr
hatebr_326,@fernandohaddadoficial a esquerda precisa se unir pra mudar o rumo dessa situação no país. .nosso país está sendo destruído por esse demente que se diz presidente. ...dor e desolação com essa destruição da Amazônia. ...por favor precisamos tomar alguma atitude. ...esse monstro precisa ser derrubado,ofensivo,hatebr
hatebr_327,Kkkkkkk condenado por caixa 2 pqp nao da uma dentro,ofensivo,hatebr
hatebr_328,"Condenado a 4,5 anos por caixa dois.......kkkkkkkkkk...",ofensivo,hatebr
hatebr_329,Aoooo caaixa 2 kkkkkkk,ofensivo,hatebr
hatebr_330,"Que dor no ❤️, toda vez que olho para o Haddad e me dou conta que poderíamos tê-lo como presidente. Intelectual, professor, de uma simplicidade incrível, acima de tudo, humano. Que ao invés disso temos, um lunático, despreparado, incapacitado intelectualmente, ditatorial, autoritário, fascista, desrespeitoso...afff, se continuar ficarei 3 dias adjetivando a “besta fera”.",ofensivo,hatebr
hatebr_331,Sua hora de ir morar com o LULA tá chegando,ofensivo,hatebr
hatebr_332,Ansiso pra ver atrás das grades!,ofensivo,hatebr
hatebr_333,"Ele só fala besteira, idiotice ou porcaria 😡😡",ofensivo,hatebr
hatebr_334,Isso é um doente,ofensivo,hatebr
hatebr_335,"Nossa Manuela. Imaginei que vc fosse mais inteligente ou no mínimo tivesse um pouco de empatia. Você já foi á Roraima saber o que está se passando? Tem venezuelano fugindo da fome, da falta de remédios. Imagina a quantidade de venezuelano que prefere deixar a sua casa pra ir a um país estrangeiro morar na rua. Se submetem a situações deploráveis. Mas você não enxerga isso dentro do seu mundinho comunista, não é mesmo? Parabéns, HIPOCRITA!",ofensivo,hatebr
hatebr_336,"Gente, num aguento mais as palhaçadas desse cara. E ainda tem gente que acha que ele é apenas engraçado. Ridículo. Vergonhoso",ofensivo,hatebr
hatebr_337,Esse imbecil não cansa se falar asneiras🤮🤮🤮🤮,ofensivo,hatebr
hatebr_338,Esse bolha falador de merdas já passou dos limites so5de ter nascido. 💩,ofensivo,hatebr
hatebr_339,"Pior do que ele falando esse monte de asneira, é um bando de asno no meio da chuva, na estrada e com um frio da porra pra ouvir essas idiotices e bater palma! 😒😒😒",ofensivo,hatebr
hatebr_340,Esse miliciano é um fdp,ofensivo,hatebr
hatebr_341,"Depois dessa vitória dá esquerda na Argentina o cocô do RACISTA até parou de sair todo dia, trancou o 👌🏽😂",ofensivo,hatebr
hatebr_342,"Na moral, onde foi parar a sensatez? Kirchner pode ser esquerda, mas é corrupta pra caralho!!!",ofensivo,hatebr
hatebr_343,Puta que pariu! Imbecilidade! Dele e do povo que o elegeu!,ofensivo,hatebr
hatebr_344,Aja paciência para ouvir tanta babaquice meu ouvido não é pinico uff,ofensivo,hatebr
hatebr_345,Não consegue falar nada que presta esse cara. Nada! Senhor!,ofensivo,hatebr
hatebr_346,Interdição nessa praga Já,ofensivo,hatebr
hatebr_347,"Boa Manu, pelos ataques dos Bozonarianos, vc está no caminho certo, da para notar que esses lixos humanos estão literalmente ""se cagando"" preferimos Venezuelanos e Hermanos do que esses esses doidos que votaram no maluco fascista, miliciano, e sua família de bandidos!!!",ofensivo,hatebr
hatebr_348,Profeta dos estúpidos. Se preocupa não. A turma do Tramp vai manipular as eleições lá também,ofensivo,hatebr
hatebr_349,Será q o Bozo e seus filhos tb vão fraudar as eleições da Argentina??,ofensivo,hatebr
hatebr_350,É um merda ambulante 💩💩💩,ofensivo,hatebr
hatebr_351,PPELO AMOR DE DEUS ALGUÉM CANCELA ESSE CARA! GENTEEEEE COMO PODE ALGUÉM TER VOTADO NESSE ESTRUME DE VACA PODRE,ofensivo,hatebr
hatebr_352,😂😂 esse Borsa é um bosta mesmo,ofensivo,hatebr
hatebr_353,Só resta aceitar Sr Caga pela boca.,ofensivo,hatebr
hatebr_354,Ele está certo. Vai ter um monte de argentino faminto invadindo aqui,ofensivo,hatebr
hatebr_355,Esse lixo só vomita bosta ! Incapaz,ofensivo,hatebr
hatebr_356,E um viva à esquerdalha!!!!!!,ofensivo,hatebr
hatebr_357,"Certo, só que Cristina é tudo, menos de eaquerda, sem falar que é super corrupta. Não sei quem é pior, Macri, ela ou Bostonaro.",ofensivo,hatebr
hatebr_358,Esse peste do fala merda 😈,ofensivo,hatebr
hatebr_359,"Q merda é essa? Ah, Bozo abriu a boca de novo.",ofensivo,hatebr
hatebr_360,"Esse moço é triste, um sujeito anormal 😱🤣",ofensivo,hatebr
hatebr_361,Hahahaha. Sofrendo porque não pode fazer nada a respeito. Que se foda.,ofensivo,hatebr
hatebr_362,Tu manuela é um resumo de tudo que não presta nesse mundo! Você presta um desserviço à sociedade brasileira. Pegue suas coisinhas é saia de mansinho. #avantebrasil,ofensivo,hatebr
hatebr_363,Quanta besteira dita por este imbecil.,ofensivo,hatebr
hatebr_364,Nem aguento mais! Nojento!,ofensivo,hatebr
hatebr_365,"Ele desrespeita o país de Norte a Sul. Ponham este homem pra fora. Ele não é, nunca foi e nem será digno do posto que ocupa.",ofensivo,hatebr
hatebr_366,"Terrorismo, além do preconceito contra RORAIMA 🤮🤮🤮🤮",ofensivo,hatebr
hatebr_367,"Sabe, fico até sem palavras pra tanta loucura em uma só pessoa!!!!",ofensivo,hatebr
hatebr_368,"Pensei que eu era crazy até conhecer o bolsofurado e os bolsofãs dele, sou mais sã do que eu gostaria....",ofensivo,hatebr
hatebr_369,Isso é um LIXO.!!!! COMPROVADAMENTE!!,ofensivo,hatebr
hatebr_370,Que besteira!!! Só podia vir de uma boca insana...,ofensivo,hatebr
hatebr_371,"Pra quem é de mercado e conhece o tamanho do desastre que pode acontecer caso Macri não vença as eleições sabe o porquê do massacre com a moeda argentina hoje, o mundo não tolera fracassados, não tolera esquerdistas bandidos!!! Deus salve a Argentina! Hoje foi um recado do planeta terra para ela!",ofensivo,hatebr
hatebr_372,Ele é muito burro,ofensivo,hatebr
hatebr_373,Ele podia não abrir a boca dia nenhum...Idiota d mais esse presidente.,ofensivo,hatebr
hatebr_374,Ele vai ter que engolir a esquerdalhada. 💅🏽,ofensivo,hatebr
hatebr_375,Esse presidente e um louko,ofensivo,hatebr
hatebr_376,Esse cara é um louco ! Fora Bozó!,ofensivo,hatebr
hatebr_377,"Este Senhor, é terrível. 😢",ofensivo,hatebr
hatebr_378,Mimizenta do caralho... A relação que fez com Roraima é para que não haja pessoas fugindo pro RS dos regimes de esquerda como acontece em Roraima. Sabemos que tu torce pra que dê merda. Um dia ainda te vejo presa!,ofensivo,hatebr
hatebr_379,Essa coisa só diz asneiras.,ofensivo,hatebr
hatebr_380,"É um imbecil mesmo. Bem se vê que não tem a menor habilidade para estar no lugar que está..Truculento, burro, só suscita asco.",ofensivo,hatebr
hatebr_381,Não me canso de chamá-lo de IMBECIL!!,ofensivo,hatebr
hatebr_382,"Deputada com certeza a sua massa cinzenta não foi feita para separar o par de orelhas. Está na constituição sim, manifestações são livres e podem sim serem feitas e em locais públicos, independente de autorização - Artigo QUINT0 parágrafo XVI. Fale com lisura, pare de mentiras.",ofensivo,hatebr
hatebr_383,Tão burro que doi😒 #elenao,ofensivo,hatebr
hatebr_384,"Perguntem quantos votos esse energúmeno teve em Roraima, então poderemos ter compreensão do porque ele sente liberdade para as atrocidades que diz e faz sem pudor.",ofensivo,hatebr
hatebr_385,O Boçal como sempre abrindo sua latrina para espalhar merda.,ofensivo,hatebr
hatebr_386,Imbeciloide esse homi.,ofensivo,hatebr
hatebr_387,Oh diabo doido!,ofensivo,hatebr
hatebr_388,Ele fala da esquerdalha brasileira como se fossem apenas umas centenas mas são milhões de brasileiros que pensam diferente desse sujeito.,ofensivo,hatebr
hatebr_389,"Ele podia perder a voz, né? Afff..",ofensivo,hatebr
hatebr_390,"O MAIOR ERRO E DIZER QUE ELE ""DIZ""PORQUE NA VERDADE ELE NAO DIZ NADA, APENAS CAGA PELA BOCA..",ofensivo,hatebr
hatebr_391,O Boca de Lixo Tóxico,ofensivo,hatebr
hatebr_392,😂😂😂😂 Ele doente deveria está no hospício,ofensivo,hatebr
hatebr_393,ele poderia arrumar o que fazer esse bosta,ofensivo,hatebr
hatebr_394,"Esse elemento não fala uma frase sem insultar, desprezar e desmerecer algo ou alguma coisa. Que tipo de mulher criou essa criatura.",ofensivo,hatebr
hatebr_395,"Vaca falando, não sabe concatenar duas vogais 😳",ofensivo,hatebr
hatebr_396,"Mi mi mi mi mi mi mi mi. Vc é uma vergonha, não representa o povo do RS.",ofensivo,hatebr
hatebr_397,Esse meliante só fala bosta.,ofensivo,hatebr
hatebr_398,"Hahahahaha olha isso, ele com certeza usa drogas não é normal",ofensivo,hatebr
hatebr_399,Nem sei pq me impressiono com a quantidade de ódio que esse ser espalha.,ofensivo,hatebr
hatebr_400,"Venezuelanos correm para o território brasileiro pedindo socorro,e esses esquerdistas que só pensam no poder apoiando aquele filho da puta daquele psicopata. Falei",ofensivo,hatebr
hatebr_401,"Esse babaca está brincando com os Argentinos,os caras não arregaram para os Ingleses,ta querendo arrumar treta com os países vizinhos,e vai achar",ofensivo,hatebr
hatebr_402,Xenofóbico este daí Taoquei ????😂😂😂,ofensivo,hatebr
hatebr_403,Esse cara trocou o lugar da boca pelo fiofó...,ofensivo,hatebr
hatebr_404,"Eu acho bom ele dizer bastante cocô,pq assim quem o apoiou pode acordar e perceber que ele mitou e está nós matando de vergonha.",ofensivo,hatebr
hatebr_405,"Ainda tem “especialista” da @globonews dizendo que @manueladavila pode torcer pela eleição de Cristina kirchner e Alberto Fernández, o Bolsonada pode ameaçar os eleitores livres da Argentina. Vergonha dessa imprensa descarada e burlesca.",ofensivo,hatebr
hatebr_406,Esse imbecil! Cavalo sem freio!,ofensivo,hatebr
hatebr_407,"Meus olhos doem demais quando leio oq esse bobão fala, socorrrro",ofensivo,hatebr
hatebr_408,Esse demônio só fala merda!,ofensivo,hatebr
hatebr_409,Que louco este maluco,ofensivo,hatebr
hatebr_410,Qual a droga que ele anda consumindo em? Pqp! 🤦,ofensivo,hatebr
hatebr_411,O cara conseguiu fazer ninguém mais se chocar com as merdas que sai da boca dele. Ninguém aguenta mais. O país comandado por um lixo humano e apoiado por 29% de malucos.,ofensivo,hatebr
hatebr_412,Nojo desse homem 🤮🤮🤮,ofensivo,hatebr
hatebr_413,O que esperar de um NAZISTA?,ofensivo,hatebr
hatebr_414,"Gente, na moral, Foda-se as asneiras que esse débil fala. Vamos parar de dar Ibope",ofensivo,hatebr
hatebr_415,esse cavalo batizado no Jordão fala cada merda. 😡,ofensivo,hatebr
hatebr_416,"Kkkkk, os argentinos não são tapados como os Minions aqui no Brasil para viver as eguagens desse verme.",ofensivo,hatebr
hatebr_417,Engraçado @manueladavila quando sua cara apareceu no fantástico você sumiu e bloqueou os comentários nas suas redes sociais. Você é manipuladora!,ofensivo,hatebr
hatebr_418,CALE-SE BOZO🙈,ofensivo,hatebr
hatebr_419,Agora o panaca vai falar mal dos brasileiros do norte. É um imbecil.,ofensivo,hatebr
hatebr_420,Fora bozzolino! Christina vamos a volver✌✌✌,ofensivo,hatebr
hatebr_421,Venceremos a direitalha. Não percam suas esperanças.,ofensivo,hatebr
hatebr_422,Só fala merda! Fora da realidade,ofensivo,hatebr
hatebr_423,Real foi a 16 e dólar a 65 hj dale macri burro para caralho!😅😅,ofensivo,hatebr
hatebr_424,"Acho pouco, o sul elegeu esse imbecil, agora toma!",ofensivo,hatebr
hatebr_425,A Argentina do Macri com 50% de inflação e o Bozo asno vem falar isso sem nem saber nada. O povo aqui da Argentina tá rindo da cara do Bozo e pedindo pra ele ficar calado.,ofensivo,hatebr
hatebr_426,Um imbecil inepto ! 🤦🏻‍♂️,ofensivo,hatebr
hatebr_427,"Pqp apoiar a Cristina eh o fim, parece q vcs n tem cerebro. Soh cm a maior probabilidade da eleicao dela, a bolsa caiu 28% e o BC aumentou os juros pra 74% a.a. Alem de todos os esquemas de corrupcao nos quais essa mulher eh suspeita, colocando a argentina em uma crise absurda. Parece q vcs n pensam n eh possivel",ofensivo,hatebr
hatebr_428,"Certeza q a esquerda eh doente. Apoio a maduro, Cristina. Só pode ser doença",ofensivo,hatebr
hatebr_429,"Esse homem é ridículo e sem noção, aja paciência p ouvir tanta asneiras 🙄",ofensivo,hatebr
hatebr_430,Esse cara só evacua pela boca?,ofensivo,hatebr
hatebr_431,"Ridículo e mentiroso. Nojento, abjeto. 🤮🤮🤮🤮🤮 #impeachmentdobolsonaro",ofensivo,hatebr
hatebr_432,Esse cara é muito imbecil mesmo.,ofensivo,hatebr
hatebr_433,Vamos passar 4 anos ouvindo bosta😢😢😢😢,ofensivo,hatebr
hatebr_434,"Como sempre, onde vai estimula ódio. Os ares estiveram poluídos por aqui com a presença desta criatura maléfica.",ofensivo,hatebr
hatebr_435,"O pior foi um abraço pros Machos e um beijo nas Mulheres, um Escroto....🤮🤮🤮🤮🤮",ofensivo,hatebr
hatebr_436,Vai cagar bolsadefezes,ofensivo,hatebr
hatebr_437,O sul ja ta um lixo com o fascista do eduardo leite,ofensivo,hatebr
hatebr_438,Esse bostonaro desconhece a soberania e autonomia dos povos? Será que ele acha que os países civilizados apoiavam sua candidatura?,ofensivo,hatebr
hatebr_439,É mais uma ameaça desse louco!?,ofensivo,hatebr
hatebr_440,"Respeita nosso presidente, eleito pela maioria dos votos! Olha o preço da nossa gasolina! Pequena comparação, recalcadas",ofensivo,hatebr
hatebr_441,Meus olhos sagram com tanta besteiras que sai da boca desse ser,ofensivo,hatebr
hatebr_442,Assim cm o Brasil se tornara uma Venezuela? Por que o metodo de governo ja se parece bastante. Ambos ditadores que oprimem adversarios e os dois presidentes acham que as cabecinhas deles so tem ideias geniais. Mas em ambas so tem merda.,ofensivo,hatebr
hatebr_443,"O que ele quis dizer foi que, se a esquerda vencer na Argentina, os argentinos vão fugir para o RS, assim como os venezuelanos estão imigrando no Brasil por Roraima. Logicamente isso é uma imbecilidade, como tudo que ele diz!",ofensivo,hatebr
hatebr_444,"Esse merda vai inaugurar obras que ele jamais faria pela incompetência, está inaugurando obras que ele nem participou e ao invés de saudar, só fala merda. Horrivel esse escroto",ofensivo,hatebr
hatebr_445,"A esquerda é teimosa, esquece esse lixo. Deixa ele falar, se ninguém ligar pra isso e ser um jeito de achar o Queiroz, logo logo ele cala a boca. Mas vcs ficam dando audiência pra essas idiotices.",ofensivo,hatebr
hatebr_446,Manu...como faz pra tirar este monstro do governo? Dwpois de tantas falas escrotas..ele ainda pode ficar assim...fazendo e falando o que quer? Atacando tudo e todos? Não tem ninguém pra tirar este 💩 daí?,ofensivo,hatebr
hatebr_447,"Pensei que ele mesmo ia seguir sua ""dica"": cagar dia sim - dia não. Mas pelo visto todo dia ele está aí cagando por isso que chama de boca.",ofensivo,hatebr
hatebr_448,Esse cara so abre a boca pra falar merda. Cala-te !,ofensivo,hatebr
hatebr_449,Esse cara não consegue passar um dia a fazer merda!!!,ofensivo,hatebr
hatebr_450,Bozo n faz o dele de presidente q se meter no país dos outros.,ofensivo,hatebr
hatebr_451,"Daqui a pouco o povo brasileiro que vai migrar pra outros lugares, migração em massa. Com esse governo ridículo autoritário e idiota.",ofensivo,hatebr
hatebr_452,Que dia é o impeachment desse senhor mesmo? Já deu 💩💩💩💩💩💩💩💩💩💩💩💩💩💩,ofensivo,hatebr
hatebr_453,👏🏼👏🏼👏🏼👏🏼 Adorei! “Ele nem deveria abrir a boca” só da 💩💩,ofensivo,hatebr
hatebr_454,"Achei q esse tipo de comentário era só dia sim, dia não. Todo dia de diarreia verbal, tá difícil",ofensivo,hatebr
hatebr_455,Temos o presidente mais tosco de toda a história!,ofensivo,hatebr
hatebr_456,Esse traste pensa que o Brasil é o quintal da casa dele. Aff!,ofensivo,hatebr
hatebr_457,Que cara idiota,ofensivo,hatebr
hatebr_458,@mcarolinabau amiga vc viu essa merda?,ofensivo,hatebr
hatebr_459,Quem dera que a gauchada retrógrada abrisse os olhos... Mas por aqui peão acha que é fazendeiro... 😢,ofensivo,hatebr
hatebr_460,Vai fazer campanha pra Argentina tb? O gado dele não vota lá...,ofensivo,hatebr
hatebr_461,A mãe dele não ensinou que não poderia comer as próprias fezes. Deu nisso... Até a boca se moldou no formato de um ânus...,ofensivo,hatebr
hatebr_462,"Eu tenho ranço desse estocador de cocô, mas entendi o que ele quis dizer em relação à Roraima. A população desse estado teve muitos problemas com os imigrantes venezuelanos. Agora ele errou ao dizer, que um governo de esquerda na Argentina faria isso, está mais fácil a gente emigrar para lá se isso acontecer.",ofensivo,hatebr
hatebr_463,Maldito congresso Nacional está cheio de comunista,ofensivo,hatebr
hatebr_464,"Vou filosofar: ""O cocô sai pelo ânus, mas pelo jeito, em algumas pessoas do congresso, se acumula no cérebro"" 💩 🧠",ofensivo,hatebr
hatebr_465,NAO TEM CADEIA NEN PRA VAGABUNDOS VAI TER PRA QUEM FAS FAKE NEWS ESSES CARAS ESTA DOIDOS.,ofensivo,hatebr
hatebr_466,Estão loucos....Revisão do Código Penal URGENTE,ofensivo,hatebr
hatebr_467,513 cabeça pensando só dá merda ! Pra mim o Brasil só precisava de 175 deputados e 54 senadores !,ofensivo,hatebr
hatebr_468,Por que será? Bandido defende bandido,ofensivo,hatebr
hatebr_469,Tem q prender todos os petistas psolistas pcdobistas etc.,ofensivo,hatebr
hatebr_470,Tenho a convicção que a esquerda está dando MAIS um tiro no pé!!! ESSE modus operandi de fake News é típico da esquerdalhada !!!,ofensivo,hatebr
hatebr_471,Não consigo intender a força que estes demônios tem. Tá na hora de botar estes lixos pra fora,ofensivo,hatebr
hatebr_472,Tao esperando o q p fechar esse puteiro?!?,ofensivo,hatebr
hatebr_473,Congresso que não vale o que o gato enterra.,ofensivo,hatebr
hatebr_474,"Deixa, o povo da esquerda vai ter que ir todo pra cadeia nas eleições",ofensivo,hatebr
hatebr_475,"Que sirva pra esquerda, que foi a maior propulsora de fakenews nas últimas eleições... Sabe qual o caminho agora? Denunciar os canalhas de esquerda e inclusive a mídia podre!",ofensivo,hatebr
hatebr_476,Quem manda nesse Pais? Votamos pra presidente mas quem decide é a corja do mal !Que merda é essa ? Só pilantras se dão bem?,ofensivo,hatebr
hatebr_477,Vergonha nacional deste congresso podre turma de CANALHAS,ofensivo,hatebr
hatebr_478,"Vai faltar cadeia para o pessoal do Pt, Psol, e outros 😂😂😂😂",ofensivo,hatebr
hatebr_479,QM deve teme.. UM ESTADO COMUNISTA E NAZISTA AGE IGUAL.. ACABEI LEMBRANDO D MADURO E DE CUBA..😂😂😂,ofensivo,hatebr
hatebr_480,Quem mais disseminou fake news foi o ptfake.😎,ofensivo,hatebr
hatebr_481,Mas gente vamos deixar! Haddad já foi contemplado! Agora o resto da esquerda vai em cana! Eles vivem de publicar Fake News!,ofensivo,hatebr
hatebr_482,Todos sem vergonha cupado e o povo que ELEGERÃO,ofensivo,hatebr
hatebr_483,"Tá sem saída Satanaro, nem fugir tu podes, passaporte apreendido, não tem mais o avião presidencial, na qual tu usou pra fugir no dia do golpe de 08 de janeiro. Éeeee a casa caiu pra você e sua familicia",ofensivo,hatebr
hatebr_484,😝😝😝😝 CORJA MALDITA.,ofensivo,hatebr
hatebr_485,"Prisão deveria p esses Ladrões, isso sim.",ofensivo,hatebr
hatebr_486,É projeto do traíra do Kim,ofensivo,hatebr
hatebr_487,Na verdade esse Congresso nacional é uma verdadeira FAKE NEWS.,ofensivo,hatebr
hatebr_488,Quem manda eleger esses merdas!!,ofensivo,hatebr
hatebr_489,Vai faltar cadeia kkkkk,ofensivo,hatebr
hatebr_490,"Vejo um negócio desse e fico puto cara porque o exército não entra em ação logo esses canalhas estão fudendo com o Brasil com todos os brasileiros. Isso dá uma indignação tremenda, triste",ofensivo,hatebr
hatebr_491,"Engraçado que essas coisas eles aprovam rapidamente, podia se fazer uma pesquisa dos milhares de processos de gente comum, pessoas humildes, que aguardam decisão desses juízes, mais o foco deles, parece ser o de livrar esses bandidos políticos de serem presos ou continuar presos!",ofensivo,hatebr
hatebr_492,Tudo bandido esses corruptos desgraçados,ofensivo,hatebr
hatebr_493,Vao procurar o que fazer vão aprovar coisas mais importantes do que isso seus mequetrefes caras de pau,ofensivo,hatebr
hatebr_494,"Na próxima eleição o PT vai ser extinto então, vive de mentiras.",ofensivo,hatebr
hatebr_495,Ainda bem que do PT e do Lula Ladrao só falamos a verdade.,ofensivo,hatebr
hatebr_496,"Perde não, Carla. As notícias verdadeiras é que são válidas mesmo. Quem corre risco maior é a esquerda, que inventou muito na eleição.",ofensivo,hatebr
hatebr_497,Da pra botar uma pá de petezada na cadeia então...,ofensivo,hatebr
hatebr_498,Como eu gostaria que caísse uma bomba no STF!!,ofensivo,hatebr
hatebr_499,FORA CONGRESSO. LIXO,ofensivo,hatebr
hatebr_500,Governo sem pulso !! Frouxos !!,ofensivo,hatebr
hatebr_501,"Os caras não prendem bandido, ladrão e assassino e agora vão prender quem compartilha fake news?! Isso ai é para rir estou imaginando o julgamento 200 instâncias e aí depois o STF kkkkkk esse país da desgosto, melhor dizendo é um esgoto",ofensivo,hatebr
hatebr_502,Pq essas merdas são votadas rapidinho e coisas importantes não são 😡,ofensivo,hatebr
hatebr_503,O Brasil vive uma calamidade onde todas as instituições estao tentando privilegiar a elite bandida política!! Sinto que nao temos maos a quem recorrer senao ao militares....triste fim!!!,ofensivo,hatebr
hatebr_504,"Não podemos mais nem compartilhar?Como vamos saber o que é mentira ou verdade?Eu disser que a esposa do Macron é muito feia,eu@poço ser punida?é FAKE?",ofensivo,hatebr
hatebr_505,A esquerdalha e a que mais fábrica fake News eles são Mestre. Nisto,ofensivo,hatebr
hatebr_506,Só vai dar ESQUERDISTA na cadeia te prepara Globo lixo,ofensivo,hatebr
hatebr_507,Só quero saber quem irá julgar os esquerdopatas ? Sabemos muito bem que eles são os reis em FakeNews.,ofensivo,hatebr
hatebr_508,Então a #Globo vai toda presa,ofensivo,hatebr
hatebr_509,Vixe PT vai tudo enjaulado Então.... são fábricas de fake News,ofensivo,hatebr
hatebr_510,"Os maiores produtores de fake news são o PT, G1, Veja Uol serão punidos?",ofensivo,hatebr
hatebr_511,"Esse congresso é uma Vergonha Nacional, salvo belíssimas excessoes! 😢😢😢",ofensivo,hatebr
hatebr_512,"E corrupcao e o que, que matou milhares de brasileiros com roubalheira do dinheiro do povo?",ofensivo,hatebr
hatebr_513,"Então esses jornalecos de plantão deverão ser todps presos, pois só praticam fake news, contra o governo Federal, especialmente contra nosso Presidente..afff",ofensivo,hatebr
hatebr_514,"Na verdade Bolsonaro não está governando, continuamos nas mãos da esquerda maldita!!!",ofensivo,hatebr
hatebr_515,"Quem manda é o Congresso e o STF, pelo visto. O pior, é ver a esquerdalha comemorando e dizendo que a militância Bolsonarista é a que mais propaga fake news. Fim dos tempos!",ofensivo,hatebr
hatebr_516,"Disseram que houve renovação. Que nada, quem manda são os caciques corruptos de sempre.",ofensivo,hatebr
hatebr_517,"Não poderíamos esperar outra coisa destes bandidos , salafrários , ladrões",ofensivo,hatebr
hatebr_518,"Presidente serve pra PORRA nenhuma, so pra tomar pau da imprensa, pq na hora de fazer algo so toma na cabeca",ofensivo,hatebr
hatebr_519,Então a Globolixo vai fechar 😂😂por que publica fak,ofensivo,hatebr
hatebr_520,"País de bananas, bando de canalhas que não estão nem aí para o povo",ofensivo,hatebr
hatebr_521,"Hora de prender os jornalistas da Globo, UOL e etc...",ofensivo,hatebr
hatebr_522,"Que nada! Deram mais um tiro no próprio pé! Quem espalha fake news?? Ós comunistas, ptistas, psolistas e outra iiiistas. Então, nao criemos pânico.",ofensivo,hatebr
hatebr_523,Bando de canalhas.,ofensivo,hatebr
hatebr_524,O congresso parece um reunião de marginais.,ofensivo,hatebr
hatebr_525,Haddad vai pegar prisão perpétua,ofensivo,hatebr
hatebr_526,Congresso lixo,ofensivo,hatebr
hatebr_527,Alguém têm quê parar essa desgraça do STF,ofensivo,hatebr
hatebr_528,"Quando falam de intervenção militar ficam de mi mi mi, mas só dão motivos né?",ofensivo,hatebr
hatebr_529,É MUITO LIXO ESSE CONGRESSO!! 🤮,ofensivo,hatebr
hatebr_530,"vcs não estão valendo mais nada ,o presidente está sem valor algum .",ofensivo,hatebr
hatebr_531,O Congresso mostrando de que lado esta. dos bandidos.,ofensivo,hatebr
hatebr_532,Isso é uma putaria!,ofensivo,hatebr
hatebr_533,"Fecha esse STF, só faz merda",ofensivo,hatebr
hatebr_534,"Ridículos !!! Deveriam estar dando andamento às PRISÕES DOD CORRUPTOS !!! Quando assim o fizerem, não teremos mais FAKE NEWS !!!! TRABALHA DIREITO AÍ CONGRESSO. E O PACOTE ANTI CRIME ??? O QUE ESTÃO ESPERANDO PARA VOTAR ???? TRM MUITA GENTE AÍ BORRANDO NAS CALÇAS NÉ, PPR ISSO NAO VAI PRA FRENTE O QUE REALMRMTE INTERESSA AOS BRASILEIROS. Affffffff",ofensivo,hatebr
hatebr_535,"Se essa lei for seria, a #globolixo que se cuide ...",ofensivo,hatebr
hatebr_536,Ou derruba esse congresso e STF ou o Brasil será derrubado.,ofensivo,hatebr
hatebr_537,Bom. Não vejo problemas para nós mas sim para a esquerda que se sustenta somente em fake news.,ofensivo,hatebr
hatebr_538,Congresso do cão,ofensivo,hatebr
hatebr_539,Se gritar pega ladrão na frente do congresso até a estrutura física muda de lugar exceto alguns Zanbelli...,ofensivo,hatebr
hatebr_540,Se prender a turma do lula que passa o dia soltando mentiras. Como o caso do @brasil_247 que só mente,ofensivo,hatebr
hatebr_541,Será que iram prender todos os militontos de esquerda?!...,ofensivo,hatebr
hatebr_542,Lixo de congresso Senado e STF,ofensivo,hatebr
hatebr_543,Então já pode prender o HADDAD NÉ!,ofensivo,hatebr
hatebr_544,FDP ESSES DEPUTADOS E SENADORES TRAIRAS,ofensivo,hatebr
hatebr_545,"Vão colocar a #globolixo, #bandlixo e #folhadesaopaulolixo na cadeia?",ofensivo,hatebr
hatebr_546,A petralha tá fudida,ofensivo,hatebr
hatebr_547,Os PTistas se fuderao muito,ofensivo,hatebr
hatebr_548,"Se o povo brasileiro não se unir para tirar esses bandidos do poder, logo estaremos presos e eles comendo lagostas com nosso dinheiro. Esse congresso é um lixo.",ofensivo,hatebr
hatebr_549,"Pois é... Pena pra fale News: de 2 a 8 anos de prisão. Pena pra quem matar alguém atropelado ou em acidente de trânsito: pra quê prender. Não foi intencional?! Como sempre, só criam leis, com duras penas, quando é do interesse deles. Esse é o desgoverno do legislativo brasileiro👍👎👌💩👏👏👏👏",ofensivo,hatebr
hatebr_550,Absurdooooo!!! Não sei onde vamos parar!! Tem que ter uma solução pra essa pouca vergonha chamada CONGRESSO NACIONAL que deveria defender os interesses do povo mas não fazem outra coisa a não ser defender seus PRÓPRIOS interesses!!🤬🤬🤬🤬🤬🤬,ofensivo,hatebr
hatebr_551,Eita que vai ter petistas presos a bambam.,ofensivo,hatebr
hatebr_552,Oq os comunistas postarem = VERDADEIRO. Oq a direita postar = FAKENEWS,ofensivo,hatebr
hatebr_553,"Isso vai ser para todos os partidos ou só para o partido do presidente????? E qual vai ser o critério para isso, e quem cai julgar, porque vi o pt fazer muitos faknews e ninguém fez nada! O próprio candidato do pt às vésperas das eleições aprontou.",ofensivo,hatebr
hatebr_554,"Discordo, eu gostei desse veto do Congresso, temos que ter em mente que, embora vários políticos de todos os partidos utilizem essa pratica, os de esquerda é que são profissionais neste assunto.",ofensivo,hatebr
hatebr_555,A esquerda. E o Dep Kim kataguiri usado como boi de piranha. Fim do mundo. CENSURA TOTAL. ESTE CONGRESSO tem que responder.,ofensivo,hatebr
hatebr_556,OLHA AI QUEM CENSURA????? A ESQUERDA E OS VELHOS POLÍTICOS,ofensivo,hatebr
hatebr_557,"OQ VCS DEPUTADOS E SENADORES ESTÃO ESPERANDO P ACABAR C ESTS PALHAÇADA,ELES JAH PASSARAM DO LIMITE DA ORDEM,VÃO SOLTAR O BANDIDO E VAI HAVER MANIFESTOS GRAVES DA SOCIEDADE EM PROTESTO AOS MANDOS E DESMANDOS DLES, ACORDEM,TOMEM ATITUDES QUANTO A ELES...",ofensivo,hatebr
hatebr_558,"Este governo não ganha uma 😡😡😡 Bolsonaro precisa agir , senão será um banana mesmo 😡😡",ofensivo,hatebr
hatebr_559,O presidente não tem moral de nada nesse país .,ofensivo,hatebr
hatebr_560,"Pessoal , vamos nos unir sempre. Kim e MBL são nossos aliados. A esquerda deste país se junta e não têm caráter. Ponto. A direita precisa ser firme. Um ou outro ponto poderá ser divergido. Normal. Conversem. DIREITA sempre. Unidos é que vencemos eles. Kim é um político honesto. Ele só precisa ter maldade. E sair do DEM. Claro",ofensivo,hatebr
hatebr_561,Como assim derruba?? A palavra final tinha q ser do presidente nao é?! Affff... assim fica dificil...causando cada vez mais furia nos cidadãos. Prender todos esses corruptos do stf urgente,ofensivo,hatebr
hatebr_562,O STF acaba com qualquer bom sonho dos Brasileiros !!Vermes .,ofensivo,hatebr
hatebr_563,"Tudo bem !!! Assim o grupo Globo vai todo em cana, junto com a folha e outros!!!",ofensivo,hatebr
hatebr_564,Acho que foi um tiro no pé....!!! Dos safados.,ofensivo,hatebr
hatebr_565,Já sabe que a esquerda toda vai presa né.,ofensivo,hatebr
hatebr_566,A globolixo faz isso tido dia.,ofensivo,hatebr
hatebr_567,O povo é culpado por eleger essas aberrações aí. Ou aprende a votar ou cifra trouxa pro resto da vida.,ofensivo,hatebr
hatebr_568,STF uma vergonha nacional #intervençãomilitarjá,ofensivo,hatebr
hatebr_569,Infelizmente quem vai contra o sistema corrupto criado por Lula e PT saem perdendo sempre.,ofensivo,hatebr
hatebr_570,nunca vi um desmame tão difícil e complicado,ofensivo,hatebr
hatebr_571,Congresso Brasileiro é uma vergonha para a nação.,ofensivo,hatebr
hatebr_572,"Mas, o que esperar de um congresso quase todo CORROMPIDO? Um reino, uma associação,cooperativa, Senado Federal,Suprema Corte ou até mesmo a Câmara Federal, jamais subsistirá se não estiverem focados no mesmo objetivo(se protege), limitando, diminuindo a interação da sociedade brasileira, em assuntos pertinentes à mesma.",ofensivo,hatebr
hatebr_573,"#GloboSempreLixo tinha que ser a primeira, junto com o PT",ofensivo,hatebr
hatebr_574,Essa lei vai servir para punir a globolixo e a imprensa que propagam fake news o tempo todo!😠,ofensivo,hatebr
hatebr_575,"Fofoqueira, oq vc vai fazer em relação as pessoas na ilha do marajó? Vai ficar seu mandato todo falando de Bolsonaro enquanto crianças são traficadas e abusadas naquele lugar, faça algo útil, vc e seu partido de merda.",ofensivo,hatebr
hatebr_576,Qual ameaça? O corno bêbado fez discurso em cima do caixão da esposa falecida e deu um beijo de pinga na SUA boca em pleno velório quando já era foragido da polícia... isso é um atentado,ofensivo,hatebr
hatebr_577,"Alguém ainda dúvida q vivemos uma ditadura do Congresso, Senado e Supremo? Desse jeito vai cobtinyar ""tudo como Dantes no quartel de Abrantes!"" E o Exército se fingindo de morto!😐",ofensivo,hatebr
hatebr_578,"Sonhando a hora em que o barril de banha do inhonho botafogo, for condenado. Aí será a Vitória.",ofensivo,hatebr
hatebr_579,"Vou morrer na prisão, #ptnuncamais",ofensivo,hatebr
hatebr_580,Nojento isso. Da náuseas😍,ofensivo,hatebr
hatebr_581,Vocês só entendem de ditadura e roubalheiras ...esse é o lema da esquerda e do PT....democracia é liberdade e patriotismo...isso vcs não sabem o que é...e a nossa Bandeira será sempre verde e amarela,ofensivo,hatebr
hatebr_582,Gente! Esse Brasil está sem rumo. Os vândalos é que manda,ofensivo,hatebr
hatebr_583,"Pelo visto a justiça vai se ferrar com o volume de processos, as prisões vão entupir de gente. Tem que começar a prender o pessoal da Globo, folga, Uol, o globo, etc. Em dois tempos eles vão pressionar por mudanças.",ofensivo,hatebr
hatebr_584,Verdade! Então a pessoa da esquerda já pode ser presa por ficar publicando que o PR não fez nada até agora.,ofensivo,hatebr
hatebr_585,"Ou o povo pede a saída desses BANDIDOS de toga, ou o império do STF ditará as regras.",ofensivo,hatebr
hatebr_586,"Pra qualquer Zé Mané é cadeia, todo rigor da lei, já pra bandido que arrasa o país, que desvia milhões, bilhões de reais de dinheiro público, que faz falta nos hospitais, nas creches, na segurança, aí esses canalhas não fazem nada, ou melhor, são totalmente coniventes e até participantes. Querida @carla.zambelli acho que o presidente deveria entregar o país para o Exército, só assim esse Congresso satânico seria fechado, o STF destituído e esses canalhas presos ou expulsos do Brasil. Não vejo outra saída.",ofensivo,hatebr
hatebr_587,"Pelo que vejo grande parte do congresso legisla somente em causa própria, ladrões, corruptos não podem ser preso mas por fake news sim... Então a Globo está ferrada e PT nem se fala !",ofensivo,hatebr
hatebr_588,CHEGA CHEGA CHEGA CHEGA CHEGA CHEGA CHEGA CHEGA CHEGA JÁ NÃO DEU ????? ACORDA 🇧🇷 PENSÁVAMOS QUE TÍNHAMOS ACORDADO MAS DEIXAMOS LIVRES OS PIORES LADROES DA NAÇÃO !,ofensivo,hatebr
hatebr_589,Bandidos legislando em favor próprio!,ofensivo,hatebr
hatebr_590,O que isso está significando é que esses canalhas corruptos e sujos é quem manda no país?! Derrubam vetos do presidente e fica por isso mesmo! E o presidente não pode fazer nada para anular esses abusos desses canalhas?,ofensivo,hatebr
hatebr_591,"Veta tudo pois no abuso de autoridade eles TB vão derrubar eu sou a favor do ART 142 fecha esta merda cara e o STF caro também. Coloca uma base militar forte das três armas na cabeça do cachorro e vamos explorar tudo junto com nossos índios e exilar todos os traidores para cuba Venezuela limpa o Brasil dos anti patriotas a prisão perpétua para todos os ladrões do dinheiro público, Lula Cabral aí vai",ofensivo,hatebr
hatebr_592,Então pode começar pela SEITA PT.,ofensivo,hatebr
hatebr_593,@cidaa24 falou a véia que provavelmente recebeu alguma herança de um senhor conservador de direita que deixou para ela kkkkk A esquerda é a escória da sociedade,ofensivo,hatebr
hatebr_594,"Isso é o comunismo , são essas criaturas das trevas , 😢😢😢😢😢😢😀",ofensivo,hatebr
hatebr_595,"Mais um tapa na incompetência dos congressistas que se diz a favor do governo, com um apoio incopetente desses o governo tá ferrado. Só vencem batalhas de riacho, as de alto mar não ganham uma",ofensivo,hatebr
hatebr_596,Tem que fechar esses puteiro logo ja encheu o saco.,ofensivo,hatebr
hatebr_597,Deputada! Temos que ir pra cima dessa corja.,ofensivo,hatebr
hatebr_598,Perde o povo brasileiro que te sustenta estes bandidos políticos tarde de mais os três poderes mandam no país o Bolsonaro e figurinha de brinquedo da mídia triste realidade não há mais nada a fazer.,ofensivo,hatebr
hatebr_599,Queria ver qual o macho que vai prender o Bolsonaro pq se isso conhecer o PT cai amanhã o Brasil vai virar um caos não tem prisão sem crime se liga Muié,ofensivo,hatebr
hatebr_600,ENTÃO PRENDE TODOS DA GLOBO LIXO GLOBO BOSTA GLOBO ESGOTO QUE SÃO CAMPEÃO DE FAKE NEWS E FECHA ESSA MERDA.,ofensivo,hatebr
hatebr_601,"OUTRO BANDIDO COMUNISTA Q VCS APOIARAM A REELEIÇÃO DO CHILENO CORRUPTO MESMO SABENDO Q ELE NO GOVERNO PASSADO ENGAVETOU AS 10 MEDIDAS DA LAVA JATO, COMO PODEM DEIXAR DE APOIAREM O MARCEL DEPUTADO BRILHANTE,INTELIGENTE P REELEGER ESSE CORRUPTO COM PAI RÉU E ELE COM PROCESSO EM CURSO,VCS FORAM ILUDIDOS PELOS TRAIDORES DO DEM INFILTRADO NO GOVERNO P ATRAPALHAR OS PLANOS DA NAÇÃO BRASILEIRA E DO GOVERNO BOLSONARO, SÓ IDIOTA NÃO VÊ Q ÔNIX LORENZZONI É TRAIDOR, ACORDA BRASIL...",ofensivo,hatebr
hatebr_602,Esse Congresso bandido tem mais poder que o presidente!!!,ofensivo,hatebr
hatebr_603,"Enquanto isso, os verdadeiros corruptos são soltos! Que deputados são esses?",ofensivo,hatebr
hatebr_604,"O nosso congresso são os ladroes do Ali Baba Lularapio, só que tem mais de 40 ladroes que terão de ser eliminados nas próximas eleições.",ofensivo,hatebr
hatebr_605,"Que ridículo!! Coisas de ministro do STF Dias Tofolli e Alexandre de Moraes para calar a população tendo em vista das notícias sobre eles publicadas, que de fake não tem nada!! #lavatoga #forastf #lavajato",ofensivo,hatebr
hatebr_606,😡😡😡 No Congresso Nacional tem bandidos.,ofensivo,hatebr
hatebr_607,IDIOTAS INUTEIS. 37 mil por mes. e so fudendo os brasileiros...ta na hora do pau...,ofensivo,hatebr
hatebr_608,Será que eles vão punir a #GloboLixo que todos os dias pública #FakeNews ?,ofensivo,hatebr
hatebr_609,Infelizmente não seria em uma eleição que esse Congresso seria renovado a ponto de extirpar da vida pública essa cambada de mercenários. Dessa turma da “renovação” ainda existe um monte de canalhas...,ofensivo,hatebr
hatebr_610,A globo então deveria ser presa por divulgar um monte de fake news,ofensivo,hatebr
hatebr_611,"Nada de novo, o Brasil ainda está infestado de bandidos !",ofensivo,hatebr
hatebr_612,E os esquerdopatas vão perder todas as eleições.,ofensivo,hatebr
hatebr_613,"Isso só serve de exemplo para a população aprender a votar, pois é a única arma que o povo tem contra estes vermes é o VOTO🇧🇷",ofensivo,hatebr
hatebr_614,"Mas criminalizar o MST essa bosta que sabemos que é realmente criminoso esse STF vergonha não só nacional, mas INTERNACIONAL!!!",ofensivo,hatebr
hatebr_615,"Fecha a Globo,ela é um caminhão de fake News",ofensivo,hatebr
hatebr_616,PRESIDENTE NÃO TEM AUTORIDADE...QUE RAIO DE PRESIDENTE QUE NÃO MANDA....FECHA LOGO ESTE COVIL DE COBRAS....SENADORES CORRUPTOS...MAFIOSOS....,ofensivo,hatebr
hatebr_617,#cadeiaparaverdevaldo #prisaoglenngreenwald #impeachmentgilmarmendes #impeachmenttoffoli #somostodosmoro #somostodosdeltandallagnol #euapoioalavajato #euapoiobolsonaro #prisaoemsegundainstancia #impeachmentrodrigomaia #impeachmentdavialcolumbre #forafelipesantacruz #fimdoforoprivilegiado #fimdofundopartidario #lulaladrao #lulapreso #foratoffoli #fimdofundoeleitoral #cpilavatoga #globofakenews #bandlixo #fimdafolhasp #fimdopteseuspuxadinhos #fimdapecdabengala #impeachmentlewandowski #pacoteanticrimeja #portaria666ja #stfvergonhanacional #bolsonarovetaoabuso #vetabolsonaro,ofensivo,hatebr
hatebr_618,Esses corruptos só vão parar quando começarem a morrer...um por um! Eles estão cavando a própria cova.,ofensivo,hatebr
hatebr_619,"Que absurdo, STF não tem o que fazer ao não ser defender bandidos 😒",ofensivo,hatebr
hatebr_620,Os piores bandidos tão aí STF LIXOS,ofensivo,hatebr
hatebr_621,Congresso vergonha nacional.,ofensivo,hatebr
hatebr_622,Que vergonha!! STF trabalham em função da corrupção e bandidagem lamentável! 👎🏼👎🏼👎🏼,ofensivo,hatebr
hatebr_623,"Tem que prender os congressistas que saquearam o país e se escondem atrás das leis que os beneficiam, isso sim",ofensivo,hatebr
hatebr_624,A cada dia rumamos para o fortalecimento da ditadura de criminosos,ofensivo,hatebr
hatebr_625,Por isso que eu falo que só tem bandido nesse congresso e senado,ofensivo,hatebr
hatebr_626,"Esse congresso só trabalha contra o país. E por acaso são intocáveis? Ninguém consegue fazer nada???? Ninguém pode fazer nada? É isso??? Estamos estamos refém de representantes #corruptos, que ao invés de olhar para o seu povo , só trabalham com viés políticos e para seus próprios umbigos. O presidente não tem poder para nada??? É isso mesmo???",ofensivo,hatebr
hatebr_627,"Até onde isso vai? Cade o exército pra derrubar esses desgraçados que tomam o poder e riem da nossa cara @carla.zambelli o povo agoniza com esses desmandos da mal- dita justiça brasileira....nosso dinheiro pagamdo os ricos dalarios desses corvos, carniceiros ...homens que andam cercados de guarda costas, comendo nosso dinheiro em forma de caviar, e vinhos caros, viajando de primeira classe com a familia, soltando bandidos que ameaçam o povo trabalhadores de bem, sugam tudo que é do povo e dos xofres públicos....😡😡😡😡😡😡😡 indignação total....😡😡😡😡😡",ofensivo,hatebr
hatebr_628,Eu já disse : Se às Forças Armadas não FECHAREM este Congresso Nacional Corrupto nossa NAÇÃO estará condenada à Venezualizacao ; Seremos uma Republiqueta bolivariana !,ofensivo,hatebr
hatebr_629,"Que absurdo isso, cadeia para esses fdp ninguém coloca limites ne... raça dos infernos, quabdo morrerem vão tudo queimar no inferno essas pragas.",ofensivo,hatebr
hatebr_630,Congresso nacional vergonha do Brasil 😣😣😣😣😣😣,ofensivo,hatebr
hatebr_631,"#congressocontraopovo, 🤬🤮tudo dentro do costume da Casa do Povo!🤮🤬 #congressoVERGONHA",ofensivo,hatebr
hatebr_632,Até quando o STF vai trabalhar contra o país?,ofensivo,hatebr
hatebr_633,Porra o presidente não serve pra porra nenhuma? Pra que presidente então? É o STF que governa o país? Estamos fudidos então... Se for isso mesmo o Brasil precisa de intervenção militar porque a nossa corte está recheada de bandidos!!!,ofensivo,hatebr
hatebr_634,"O Brasil é governado por corruptos, a câmara cria as leis e aprova pra beneficiar eles mesmos e o STF retifica. E o @jairmessiasbolsonaro só observa e não faz nada.",ofensivo,hatebr
hatebr_635,"PT só faz merdas nas prefeituras, aqui na minha cidade foi 20 anos de retrocesso. Entrou outro partido de centro e fez em dois anos que em 20 PT não fez.",ofensivo,hatebr
hatebr_636,"Cretinos, porrada neles!!! 👊👊👊",ofensivo,hatebr
hatebr_637,Pensado bem... saímos no lucro!! Não vai ter cadeia suficiente para tantos esquerdistas fanáticos. 😂😂😂🇧🇷🇧🇷,ofensivo,hatebr
hatebr_638,Mais um projeto de esquerdista dominada pelo ódio.,ofensivo,hatebr
hatebr_639,Até uma criança tem mais cérebro que esse povo👏👏👏,ofensivo,hatebr
hatebr_640,"Mistura do Chuck com a Chiquinha ! Uma garotinha sueca, de trancinha, com ar de inocência, atriz perfeita para as massas esquerdistas! Que feio. Deveriam ter vergonha!",ofensivo,hatebr
hatebr_641,"Na boa, deixa o planeta acabar. Ta na hora da humanidade ser extinta. Vida longa as bactérias, plantas e animais. ❤️",ofensivo,hatebr
hatebr_642,"CRIA DE GEORGE SORUS... RICA , FINA E ESPERTA.. NÃO ENGANA A NINGUEM. ROUBARAM AQUI AS MERENDAS É O PT NAÕ FEZ NADA PARA PUNIR OS DESVIOS DE VERBA DOS ALIMENTOS E FARDAMENTOS .",ofensivo,hatebr
hatebr_643,Vcs sabem quem está financiando a marionete??,ofensivo,hatebr
hatebr_644,"PRA TA FALANDO ESSA BESTEIRA AI PRA MEIA DUZIA DOS RETARDADOS QUE TE SEGUEM, TU DEVERIA LER O QUE É DEMOCRACIA, E NAO DEMONIOCRACIA QUE SE VICE HJ AQUI NO PAIS",ofensivo,hatebr
hatebr_645,Deveria tocar o coração destes governantes malditos,ofensivo,hatebr
hatebr_646,"A nova Tábata da esquerda identitária . A queridinha do imperialismo ""verde"" ,empenhar que eu já achei que existia esquerda no Brasil .",ofensivo,hatebr
hatebr_647,Filha do demônio soros !,ofensivo,hatebr
hatebr_648,"ELA DIZENDO QUE OS CAPITALISTAS LHES ROUBARAM A INFÂNCIA POR CAUSA DO AQUECIMENTO GLOBAL.. SE ELA SOUBESSE QUE LULA, O PT, O PMDB E CABRAL ROUBARAM ESCOLA, MERENDA, HOSPITAIS, REMÉDIOS DE TODAS AS CRIANÇAS BRASILEIRA.. ACHO QUE ELA NEM BOTAVA A CARA NA ONU....",ofensivo,hatebr
hatebr_649,"Para que tanta inveja Muié, o povo tem que manifestar mesmo para provar que Bolsonaro é mais amado que o *L* o persona non grata, aceita que dói menos tá?",ofensivo,hatebr
hatebr_650,"Chora na cama que é lugar quente kkkkkk. Vcs não conseguem colocar 10% nas ruas!!! Hum...acho que conseguem sim, mas terão que soltar os presidiários, assim, fica tudo em casa",ofensivo,hatebr
hatebr_651,"E o dinheiro também por debaixo dos panos, esse pastoreco dizendo que financiou esse ato, tem que investigar a máquina de roupa suja que está por trás dessa manifestação.",ofensivo,hatebr
hatebr_652,"Estarrecido com o discurso do Bozo!!! Da asco, ele está nos fazendo passar vergonha na Onu",ofensivo,hatebr
hatebr_653,Já começou a vergonha mundial ... tá doendo meus ouvidos!,ofensivo,hatebr
hatebr_654,Coitada da menina @manueladavila porque a esquerda adora usar pessoas assim tipo ela?,ofensivo,hatebr
hatebr_655,Isso que dá NÃO ter Lei nesse Brasil .se tivessem prendido o bolsonaro o povo ja esyaria no seu lugar ..mais tão alimentando o gado depois NÃO reclama,ofensivo,hatebr
hatebr_656,Ela não deixa MIJÓIA MIJONA FALAR O QUE QUER... REBATE COM FORÇA A ( EX TRAFICANTE MIJÓIA MIJONA ) NÃO PODE CHAMAR A MIJOIA MIJONA DE TRAFICANTE ......,ofensivo,hatebr
hatebr_657,"O gado saúda pneu e come capim ... Né... lamentável que tenhamos que passar por situações de fascismo apoiado, discurso de ódio apoiado pela igreja 😢",ofensivo,hatebr
hatebr_658,@carpi.nilza pra veia que mama na teta do governo tbm,ofensivo,hatebr
hatebr_659,"Falou e falou e não falou nada, só vejo ódio na vida dela. nada vê essa menina 😂😂😂😂😂😂",ofensivo,hatebr
hatebr_660,Pega seu dinheiro comunista de merda e da pra ela 😂😂😂😂😂,ofensivo,hatebr
hatebr_661,Parabéns a garotinha do George Sorus. Uma laranjinha sendo usada pelas grandes corporações parabéns a menina usada por sua mãe e as gigantes de seu contrato.,ofensivo,hatebr
hatebr_662,"Sei não hein!? Pertinente, porém vejo um desvio de pensamento arquitetado aí!",ofensivo,hatebr
hatebr_663,Noussa. Quanta hipocrisia.,ofensivo,hatebr
hatebr_664,"A verdade que a minha geração já tá podre, tomara que a próxima mude tudo isso, porque tá foda",ofensivo,hatebr
hatebr_665,Demagogia Manipulada Sensacionalismo,ofensivo,hatebr
hatebr_666,Ela comendo o cu deles e eles aplaudindo ?????!!!,ofensivo,hatebr
hatebr_667,Bosta pura,ofensivo,hatebr
hatebr_668,Mais verdadeira que nota de 3 reais 🐷,ofensivo,hatebr
hatebr_669,Que milagre não pareceu os gados dizendo bobagens 😒😒😒,ofensivo,hatebr
hatebr_670,O gado baba de ódio por não terem tamanha sensatez!! Ótimo ver o gado convulsionando!,ofensivo,hatebr
hatebr_671,Quero ela na presidência no lugar desse incompetente,ofensivo,hatebr
hatebr_672,Bozo nem chegou na ONU e já foi humilhado pelo discurso da Greta. 😅😅😅😅,ofensivo,hatebr
hatebr_673,"Ela pode militar uma causa importante, mas essa voz chorosa forçada não agrega, muito pelo contrário. Parece apenas uma menina histérica e muito chata. Podemos creditar isso a uma imaturidade, mas ela poderia ter sido melhor aconselhada. Perdi a simpatia por ela.",ofensivo,hatebr
hatebr_674,"Meu Deus essa criatura só reclama, vc nao é deputada? Deputada tem que ter projetos mas vc só dica de fuxico e baixaria eu heim",ofensivo,hatebr
hatebr_675,👏👏👏16 anos o PT roubando o Brasil. Como vocês se atrevem?,ofensivo,hatebr
hatebr_676,Que atuação comovente. Merece o Oscar.,ofensivo,hatebr
hatebr_677,Aí depois dela Bolosolixo. É um péssimo dia para existir,ofensivo,hatebr
hatebr_678,Atriz da pior qualidade... CONTE ME QUANTAS ARVORES VCS HIPÓCRITAS PLANTARAM HJ?,ofensivo,hatebr
hatebr_679,"Legal. Roubamos os sonhos dela. Kkkkkkk. Vamos acabar com as plantações de alimentos, com a pesca , a criação de gado e viver felizes para sempre!!! Isso sim é um conto de fadas. Vai pra escola minha filha. Quem sabe vc não aprende alguma coisa de útil ao invés de seguir a cartilha marxista que dizimou milhões pela fome e pela miséria.",ofensivo,hatebr
hatebr_680,"A grande destruição ambiental no Brasil ocorreu principalmente durante os anos que a europa nos colonizava e hj europeu vem nos dar lição de moral, isso é um grande hipocrisia. Deixando claro que votei em Haddad Nordeste13",ofensivo,hatebr
hatebr_681,Conversa pra boi 🐄 dormir!,ofensivo,hatebr
hatebr_682,Seguir vc nas redes sociais já tá dando nojo pq vc só pensa 24 horas no Bolsonaro seu namorado deve morrer de ciúmes né não?.,ofensivo,hatebr
hatebr_683,"Manuela doa seu salário pra mim, SUA COMUNISTA",ofensivo,hatebr
hatebr_684,Toda forma de protestos pacíficos e ordeiros são permitidos pela constituição brasileira!!!! Não venha com essa ladainha de ato anti democrático que isso não cola,ofensivo,hatebr
hatebr_685,"Combate ao crime só é risco, quando o PAÍS é comunista. O BRASIL não tem vez para o comunismo senhora. VAI TRABALHAR SENHORA !",ofensivo,hatebr
hatebr_686,Bolsolixo ouviu oq esse ser falou? Acho q não ele tá muito ocupado no Twitter postando merda !,ofensivo,hatebr
hatebr_687,"E Bozominions defendendo pacote anti crime de um juiz corrupto, excludente de ilicitude. Meu ovo.",ofensivo,hatebr
hatebr_688,"Branco fazendo branquice. Quando o escandinavo resolve salvar o mundo, sai da frente que lá vem discurso grandioso, em inglês perfeito. Que preguiça.",ofensivo,hatebr
hatebr_689,"Vcs jovens são nossas esperanças,pq acreditamos em vcs. Agora esses capitalistas são os enganadores quem te procuram com a falsa esperança.",ofensivo,hatebr
hatebr_690,"Agora vai ser assim "" votem em quem eu indicar"" pelo amor de Deus para de frescura no toba e deixa o povo votar",ofensivo,hatebr
hatebr_691,Mude as leis eleitorais. As mulheres e demais gêneros (?) vendem seus espaços e candidaturas. Deixa de ser picareta e conte a verdade.,ofensivo,hatebr
hatebr_692,O bolzo tem parte com diabo junto com os compasso dele no sem comoas pessoas torçe por esse diabo pq e diabo tb,ofensivo,hatebr
hatebr_693,"O povo ODEIA vcs, bando de marginais",ofensivo,hatebr
hatebr_694,Tudo vagabundos! Kkkkkkkkk,ofensivo,hatebr
hatebr_695,A cara da desgraça,ofensivo,hatebr
hatebr_696,Dá medo em saber Q essas mentes maquinan o mal...falam bonito mais negam sua eficácia,ofensivo,hatebr
hatebr_697,Só faltam as barras de ferro na frente da foto ... aí ia ser perfeito,ofensivo,hatebr
hatebr_698,Algema em tds😂😂,ofensivo,hatebr
hatebr_699,quanta gente ruim em uma unica foto,ofensivo,hatebr
hatebr_700,"Se organizar direitinho, cabe todo mundo num camburão só!",ofensivo,hatebr
hatebr_701,Onde é esse presídio?,ofensivo,hatebr
hatebr_702,Não se aproveita nada dessa foto,ofensivo,hatebr
hatebr_703,"Ele colocou todos os programas de pé, só que são peças de dominó, num único toque, na primeira peça, todos os programas caem por terra. Só não vê quem não quer ou está mamando nas tetas.",ofensivo,hatebr
hatebr_704,"Minha querida o vc está dizendo é vetdade e muito importante, mas aqui pasdanfo para lhe dizer que sou sua admiradora, vc é PT raiz grande partido que defende os trabalhadores. Entendo que precisa alianças com os Terríveis Partidos O oportunistas, mas não esqueça os membros Petistas que sempre resistiram a toda luta e agora são deixados de fora.",ofensivo,hatebr
hatebr_705,Diabo reencarnado,ofensivo,hatebr
hatebr_706,Cambada de mentirosos!,ofensivo,hatebr
hatebr_707,"Se gritar pega ladrao, nao fica um",ofensivo,hatebr
hatebr_708,@incriveislugares2 Engano seu! Isso é coisa da direita burra q fica querendo mostrar q escolheu o lado certo,ofensivo,hatebr
hatebr_709,"Enquanto um protege nossas riquezas, o outro se preocupa com o cú alheio",ofensivo,hatebr
hatebr_710,esses caras dão muito é CÚ,ofensivo,hatebr
hatebr_711,"Mete o pé nesta cambada de peba aí, presidente!!! Kkkkkkk",ofensivo,hatebr
hatebr_712,Se jogar um carteira de trabalho não sobra um,ofensivo,hatebr
hatebr_713,Tinha que ser todos presos,ofensivo,hatebr
hatebr_714,Normal e receber a dona do tráfico,ofensivo,hatebr
hatebr_715,Belo disfarce hein bandidagem 😁,ofensivo,hatebr
hatebr_716,Kkkkk agradeço a Deus pelo livramento de ter Haddad como PRESIDENTE,ofensivo,hatebr
hatebr_717,O único que não presta é o ex_ governador da Paraíba👎👎👎,ofensivo,hatebr
hatebr_718,A farsa está armada. Verdadeiro circo.,ofensivo,hatebr
hatebr_719,Tira esse ameba do Wellington Dias daí. Governador vira casaca,ofensivo,hatebr
hatebr_720,"Meu ídolo, a esperança para nos salvar da insanidade desse presidente idiota. @fernandohaddadoficial",ofensivo,hatebr
hatebr_721,"Gente, tirem o Wellington Dias de perto de vcs. Ele é só queimação de filme. O Piauí, meu Estado, vem sendo afundado. Nem os carros para transportar os alunos ele está pagando. Nossos alunos não estão frequentado as aulas",ofensivo,hatebr
hatebr_722,"Se ajeitar direitinho, cabe num camburão!",ofensivo,hatebr
hatebr_723,Tomou ridícula!😂😂😂😂,ofensivo,hatebr
hatebr_724,Chupa sua pistoleira,ofensivo,hatebr
hatebr_725,Globo lixo inimiga do Brasil,ofensivo,hatebr
hatebr_726,Prostitutazinha da #globolixo vai se LASCAR,ofensivo,hatebr
hatebr_727,"😂😂😂😂...a criatura se lascou!!! Vá se informar , vá!",ofensivo,hatebr
hatebr_728,Kkkkkkkkklkkkkkk kkkkkkkkkkkkkkkkkkk toma sebosa kkkkkkkkkkkkkkkk,ofensivo,hatebr
hatebr_729,Sra Leilane repita comigo por favor por várias vezes !! ME FUDI !!!!! Kkkkk,ofensivo,hatebr
hatebr_730,toma pra deixa de ser besta .kkk,ofensivo,hatebr
hatebr_731,Hahahaha jornalista de merda,ofensivo,hatebr
hatebr_732,Deixei de assistir essa burralda há muitos meses !!,ofensivo,hatebr
hatebr_733,Toma lixo esquerdalha !,ofensivo,hatebr
hatebr_734,"As perguntas já são induzidas. Tentando obter somente respostas que queimem o governo, mesmo assim não conseguiu, além dessa reporte q é ruuuim pra caramba...😂😂",ofensivo,hatebr
hatebr_735,👏👏👏👏👏👏👏👏muito bom ! Isso mesmo .essa globo é um lixo podre !,ofensivo,hatebr
hatebr_736,"Esquerdista mentirosa , saia daí antes de ser demitida se liberte dos Comunista marinho .",ofensivo,hatebr
hatebr_737,Mulher idiota,ofensivo,hatebr
hatebr_738,"Globo lixo com seus repórter de bosta, falando mentira",ofensivo,hatebr
hatebr_739,Cala essa boca vocês não canção de passar vergonha 😡😡😡😡😡,ofensivo,hatebr
hatebr_740,"Toma idiota útil, você poderia ter ficado sem essa vergonha.",ofensivo,hatebr
hatebr_741,O melhor comentário dessa publicação bosta 😂😂😂,ofensivo,hatebr
hatebr_742,Tudo é culpa do presidente!? Globo lixo vá a merda. Parem de atrapalhar o Brasil,ofensivo,hatebr
hatebr_743,Essa globo é lixo mesmo 😠😠😠😠,ofensivo,hatebr
hatebr_744,Amo ver a Globolixo pagar mico kkkk,ofensivo,hatebr
hatebr_745,"Assisti a Globo falando mal do governo bolsonaro, e depois mudei para a Record, sbt, band , redetv, todas noticiando completamente ao contrário! 😂😂😂🤷🏻‍♀️ #globolixo",ofensivo,hatebr
hatebr_746,😂 Porisso gosto dele pq eu sou afiada igual a ele povo pela saco!,ofensivo,hatebr
hatebr_747,A ânsia de culpar Bolsonaro é tanta que recorrem a mentiras,ofensivo,hatebr
hatebr_748,As viúvas do Partido das trevas PT estão em todos os lugares tentando enganar o povo desinformado e estimulan os analfabetos funcionais a acreditar que podem se dar bem sem fazer esforço nenhum para melhorar o Brasil 👈🤣🤣🤣🤣🤣🤣,ofensivo,hatebr
hatebr_749,Crie vergonha com tantas mentiras,ofensivo,hatebr
hatebr_750,Toma no fiofo globo lixo,ofensivo,hatebr
hatebr_751,Incompetente ela sempre foi!,ofensivo,hatebr
hatebr_752,"Kkkkkkkkkk toma, aprendeu sua orelhuda.",ofensivo,hatebr
hatebr_753,#globolixo gosta de passar uma vergonha! 😂😂😂😂,ofensivo,hatebr
hatebr_754,Globo lixo quando essa emissora vai fechar insisted na mentira,ofensivo,hatebr
hatebr_755,A GLOBOLIXO NÃO CANSA DE PASSAR VERGONHA!! #GLOBOLIXO,ofensivo,hatebr
hatebr_756,"BEM FEITO, TOMOU PAPUDA🐀",ofensivo,hatebr
hatebr_757,Essa repórter pau mandado da GLOBO LIXO só fala merda. E o caso Celso Daniel a globo não fala nada .🤮,ofensivo,hatebr
hatebr_758,"Essa emissora está indo para o buraco , cavado por eles mesmos , não noticiam a verdade , os apresentadores se lambuzam com o próprio veneno e acontece isso ao vivo !🤢🤮",ofensivo,hatebr
hatebr_759,"Sem novidades, lixo sendo lixo.",ofensivo,hatebr
hatebr_760,Que jornalismo das coxas fake...globoxta!,ofensivo,hatebr
hatebr_761,Isso é uma palesma RIDÍCULA... ESSA.MULHER É UMA PIADA KKKKE SE ACHA COM ESSA VOZ FORÇADA. R I D Í C U L A!!!!!!!,ofensivo,hatebr
hatebr_762,"Eu esperava tudo nessa vida, menos a Globo passar tanta vergonha! Que jornalistas tendenciosas, não escapam um. Todos com viés ideológico contra o Governo Federal, que até agora não fez nada de bom para essa emissora lixo.",ofensivo,hatebr
hatebr_763,"Toma, palhaça 🤦🤣🤣🤣",ofensivo,hatebr
hatebr_764,MENTIROSA NÃO MERECE RESPOSTA PORQUE A SUA PERGUNTA JÁ É UMA MENTIRA QUE FALA POR SI SÓ. CHUPA GLOBOLIXO!😡🤜💥🐀💨👉,ofensivo,hatebr
hatebr_765,Globo ridícula !!!!!,ofensivo,hatebr
hatebr_766,Toma vergonha #redelixo🇧🇷,ofensivo,hatebr
hatebr_767,Só vergonha. Tomou papuda!!!!,ofensivo,hatebr
hatebr_768,Lixo comunista,ofensivo,hatebr
hatebr_769,😂😂😂😂😂 vai se fuder globolixo,ofensivo,hatebr
hatebr_770,Jornalista pilantra!,ofensivo,hatebr
hatebr_771,Se lascou Globolixo 🤮🤣🤣🤣,ofensivo,hatebr
hatebr_772,Toma sua FDP! Ahahahahahahaaa,ofensivo,hatebr
hatebr_773,Rapaz nem entrevista de emprego é tão rápido igual foi essa kkkkkkkkkk cara deu tapa na cara dela de um lado depois do outro kkkkk,ofensivo,hatebr
hatebr_774,"Esta idiota não cansa de passar vergonha, parece que se não passar o dia fica perdido",ofensivo,hatebr
hatebr_775,Adoram fazer papel de bobos 🤡,ofensivo,hatebr
hatebr_776,"Kkkkkk idiota essa Lei sei lá. Muito idiota ""mexmo"".",ofensivo,hatebr
hatebr_777,Mídia lixão 🤮,ofensivo,hatebr
hatebr_778,coisa nojenta sim,ofensivo,hatebr
hatebr_779,Globosta sempre passando vergonha,ofensivo,hatebr
hatebr_780,Bando de FDP 💩💩💩💩💩,ofensivo,hatebr
hatebr_781,"Ñ pode ser feito mais nada, secou a teta.",ofensivo,hatebr
hatebr_782,Se deu mal...globolixo,ofensivo,hatebr
hatebr_783,"Se ferrou linguaruda, esquerdista idiota",ofensivo,hatebr
hatebr_784,"Tá feio e cansativo essa globo, claramente buscando ou plantando notícias falsas pra derrubar o governo",ofensivo,hatebr
hatebr_785,Está idiota só faz cagada.,ofensivo,hatebr
hatebr_786,Esses jornalistas não aprendem que não dá pra deixar a bola quicando na frente do nosso Bolsonaro. Ele não perdoa pergunta idiota. Adoro isso!👏🏻👏🏻👏🏻👏🏻,ofensivo,hatebr
hatebr_787,"@leilaneneubarth Essa menina já foi uma boa jornalista, mas hoje ? Por questão de comodismo, para não perder o emprego, só fala 💩💩💩! É pau mandado, só fala besteira! É lamentável o que as pessoas fazem e falam para garantir o emprego.",ofensivo,hatebr
hatebr_788,Globo lixo falida,ofensivo,hatebr
hatebr_789,Essa globo lixo não cansa de passar vergonha!!,ofensivo,hatebr
hatebr_790,"Bem feito.Não tem vergonha na cara,fuça..",ofensivo,hatebr
hatebr_791,A cara de frustração da vagabunda.😒😂,ofensivo,hatebr
hatebr_792,Mó cara de cu essa mulher ficou depois😂😂😂😂,ofensivo,hatebr
hatebr_793,É vergonha alheia atrás de vergonha alheia! Ainda bem que existem guerreiros com disposição suficiente para assistirem essas aberrações e nos manterem informados!,ofensivo,hatebr
hatebr_794,"😂😂😂😂😂 aí q burra, da zero pra ela...",ofensivo,hatebr
hatebr_795,Cadelinha de estimação da lixo,ofensivo,hatebr
hatebr_796,Vichi....CANALHA....#globolixo #globobosta #globonewslixo....#bolsonarotemrazao #somostodosbolsonaro #Bolsonaro2022,ofensivo,hatebr
hatebr_797,RIDÍCULA e não vai ter. #globolixo 🤮,ofensivo,hatebr
hatebr_798,"🤣🤣🤣🤣🤣🤣 Imbecilidade dessa repórter, que leva tudo para o lado pessoal...",ofensivo,hatebr
hatebr_799,Deixou a tola sem argumentos 😆😆😆😆,ofensivo,hatebr
hatebr_800,TCHAU QUERIDA GLOBOLIXO,ofensivo,hatebr
hatebr_801,Desespero da globolixo,ofensivo,hatebr
hatebr_802,😂😂😂😂 A globo passando vergonha 🆘🆘🆘🆘 GLOBOLIXO,ofensivo,hatebr
hatebr_803,Leilane vergonha alheia 🤣🤣🤣🤣,ofensivo,hatebr
hatebr_804,Essa comunista de bosta da Globo lixo não vale nada.,ofensivo,hatebr
hatebr_805,"Vcs não tem vergonha de mentir desta forma,",ofensivo,hatebr
hatebr_806,TOMA VERGONHA NOS CORNOS SUA ESCROTA,ofensivo,hatebr
hatebr_807,Ela é uma nojenta.😡,ofensivo,hatebr
hatebr_808,É Globo é uma vergonha. #globolixo,ofensivo,hatebr
hatebr_809,Chupa esquerdista!,ofensivo,hatebr
hatebr_810,"Globolixo, só mentiras 👹",ofensivo,hatebr
hatebr_811,Que delícia ver a cara de tacho dela !,ofensivo,hatebr
hatebr_812,"Esses vermes fala todo dia desse derramamento de óleo, não por preocupação ambiental é para tentar ferrar o governo!",ofensivo,hatebr
hatebr_813,😂😂😂😂😂😂😂 fala burrice idiota,ofensivo,hatebr
hatebr_814,Mulher chata 🙄,ofensivo,hatebr
hatebr_815,Vergonha alheia da porra,ofensivo,hatebr
hatebr_816,Mais uma vergonha!!!!,ofensivo,hatebr
hatebr_817,"Leilane Neubarth ja foi jornalista de qualidade, NJ, nao passa de uma fanatica hater contra o Bolsonaro.. ela e A Cristina Lobo sao INTRAGAVEIS",ofensivo,hatebr
hatebr_818,"Mentirosa, manipuladora, a serviço da desinformação e manipulação. Onde essa rede lixo, e seus lixos de locutores e apresentadores quer chegar? Já não chega o que a família proprietária vem ganhando desde o regime militar, sempre puxando o saco daquele governo por 21 anos?",ofensivo,hatebr
hatebr_819,A Globo e sua trupe de apresentadores não cansam de passar recibo de idiotas desonestos da desinformação. Aí tomam invertida ao vivo!🤣🤣🤣🤣,ofensivo,hatebr
hatebr_820,A Globolixo tá falindo está mandado todo mundo embora,ofensivo,hatebr
hatebr_821,"😂😂😂😂😂😂😂😂😂😂😂😂😂😂😂😂😂😂😂😂😂😂😂😂GLOBOLIXO, NAZISTAS! A POPULAÇÃO DEVERIA VER O QUE REALMENTE A GLOBOSTA É . NUNCA MAIS SINTONIZAR NESTA MERDA.",ofensivo,hatebr
hatebr_822,Vergonha ! Globolixo sempre contra o governo,ofensivo,hatebr
hatebr_823,Amei ver está idiota passando vergonha. ficou até sempre rumo🤪,ofensivo,hatebr
hatebr_824,MAIS UMA CANALHA DA GLOBO LIXO.,ofensivo,hatebr
hatebr_825,"Esses bostas da Globo, tentam a todo momento responsabilizar o atual governo, sobre tudo de ruim que acontece. Chega ser vergonhoso @jornaloglobo @globo_lixo2019 não percebem que o povo acordou e não dá mais créditos as suas falsas matérias.",ofensivo,hatebr
hatebr_826,Inbecil essa jornalista,ofensivo,hatebr
hatebr_827,"Aqui , não ligo a Globo...mentirosa e articuladora do mal..",ofensivo,hatebr
hatebr_828,Esquerdista do cacete,ofensivo,hatebr
hatebr_829,Todo dia essa esquerda quer desmoralizar nosso governo. 🇧🇷💚🙏🇧🇷🙏🏿,ofensivo,hatebr
hatebr_830,Lamentável saber que quem deveria informar a população está a serviço da desinformação. #redeesgoto,ofensivo,hatebr
hatebr_831,"Bem feito, que todos aqueles que tentam manipular as informações sejam desmentidos e envergonhados.",ofensivo,hatebr
hatebr_832,#globolixo passando vergonha mais uma vez.,ofensivo,hatebr
hatebr_833,@leilaneneubarth para de disseminar lixo... parece q passar vergonha p vc se tornou rotina🤪🤪🤪,ofensivo,hatebr
hatebr_834,Não cansam de passar vergonha né???? Pqp,ofensivo,hatebr
hatebr_835,Leilane mentirosa fofoqueira vcs não prestam só fica atacando nosso Presidente jornalista da Globo 🐍🐍🐍🐍🐍🐍🐍🐍🐍,ofensivo,hatebr
hatebr_836,Chata pra caramba. Tá velhota e horrível.,ofensivo,hatebr
hatebr_837,globo lixo não cansa de passar vergonha,ofensivo,hatebr
hatebr_838,Chupa Leilane! É por isso que vcs perdem audiência!😠😠,ofensivo,hatebr
hatebr_839,"Papel ridículo dessa jornalista. Agressiva, tentando colocar palavras na boca do entrevistado.",ofensivo,hatebr
hatebr_840,Kkkkkkkkk GloboLixo ja virou chacota!,ofensivo,hatebr
hatebr_841,Sifuuuuuuu #globolixo,ofensivo,hatebr
hatebr_842,Só passando vergonha esse bando de inútil,ofensivo,hatebr
hatebr_843,Só podia ser da Globolixo mesmo! Esse povinho não cansa de passar vergonha. Lastimável!🧐,ofensivo,hatebr
hatebr_844,Ridicula e fraca jornalidta global.Cultura alguma.Conhecimento algum.Repete o que lhe mandam.Falta de caráter,ofensivo,hatebr
hatebr_845,"@redeglobo lixo não cansa de passar vergonha, para tá ficando feio 😂😂😂😂😂😂😂😂😂😂😂",ofensivo,hatebr
hatebr_846,"Ja passou,da hora de saírem de cena seus comunistas da globo lixo!!!",ofensivo,hatebr
hatebr_847,Frustrada sexual.,ofensivo,hatebr
hatebr_848,Essa calhorda já está enrugada de tanto mentir e de pagar mico contra o governo Bolsonaro! Quando será que vai tomar vergonha na cara?,ofensivo,hatebr
hatebr_849,"Cara foi a Venezuela que fez a cagada, mas é o Bolsonaro o culpado. Eita gentinha nojenta e baixa",ofensivo,hatebr
hatebr_850,Não cansam de passar vergonha!! #GloboLixo,ofensivo,hatebr
hatebr_851,"Parabéns, ex presidente inelegível. Quem sabe no seu próximo aniversário vai comemorar na Papuda. 😂😂😂",ofensivo,hatebr
hatebr_852,"Olha o ódio dessa mulher, ela nem disfarça, toma mentirosa, a verdade sempre prevalecerá.",ofensivo,hatebr
hatebr_853,"Globolixo sendo globolixo, mentem descaradamente. Está Leilane e um nojo, mentirosa contumais.",ofensivo,hatebr
hatebr_854,"E a #Globolixo passa vergonha de novo! 😂 Eee novela chata, que não acaba nunca..aff!!!",ofensivo,hatebr
hatebr_855,#globolixo para tá muito feio pra vocês 🤮🤮🤮🤮,ofensivo,hatebr
hatebr_856,Essa zero já era para ter aposentado e parar de fazer jornalismo parcial e@mentiroso,ofensivo,hatebr
hatebr_857,"👆👆 cada escorregada, q o programa caiu muito de audiência, além CLARO, das ""caras e bocas"" q são horríveis!! Essa #PTRALHADA cansou!! Ñ dá nem p tentar assistir!! DESINFORMAÇÃO e com viés ideológico e político!!🤮🤮🤮🤮",ofensivo,hatebr
hatebr_858,Só sabem mentir. Faz um tempão que não assisto.,ofensivo,hatebr
hatebr_859,So podia ser a Globo lixo,ofensivo,hatebr
hatebr_860,Rsrsrsrs Globo sem globolixo,ofensivo,hatebr
hatebr_861,Toma globo bosta sua lixo,ofensivo,hatebr
hatebr_862,Essa Globo é uma bosta,ofensivo,hatebr
hatebr_863,"Kkkkkkkkkkkkkkkkkkkkkkkkkkkkk, esses jornalistas podres da GLOBOLIXO tentam de toda forma boicotar o Governo Bolsonaro, só pra vocês saberem, o povo está vacinado contra vocês viu.",ofensivo,hatebr
hatebr_864,NA LATA DESSA JORNALISTA IDIOTA,ofensivo,hatebr
hatebr_865,🤣🤣🤣lixinho da globolixo!!,ofensivo,hatebr
hatebr_866,"Globo só passa vergonha, globolixo",ofensivo,hatebr
hatebr_867,"Isso passou dos limites, porque a Globo não é punida?deveria ser, só fala as notícias distorcidas e falsas.",ofensivo,hatebr
hatebr_868,😂😂😂😂😂😂😂!!! Lembrei da propaganda da Parmalat!! TOMOU 😂😂😂😂😂Globo lixo 🤮🤮🤮,ofensivo,hatebr
hatebr_869,"Mais é muito cara de pau,sensacionalista e desinformada🤮🤮",ofensivo,hatebr
hatebr_870,Globolixo! Globonews lixo!!,ofensivo,hatebr
hatebr_871,Lixo de profissional,ofensivo,hatebr
hatebr_872,Toma abestada.😂😂😂,ofensivo,hatebr
hatebr_873,Globo lixo acabou fim..🤣🤣🤣🤣,ofensivo,hatebr
hatebr_874,É a clara tentativa da globo de achar defeito em td do governo e tem gente que acredita nas informações dessa globolixo!,ofensivo,hatebr
hatebr_875,"Isso está ficando ridículo, estes jornalistas não tem vergonha? Afff.🤦‍♀️🤦‍♀️🤦‍♀️🤦‍♀️",ofensivo,hatebr
hatebr_876,Rede esgoto todos os dias passando vergonha e desinformado a população👎👎,ofensivo,hatebr
hatebr_877,A Globo é um.lixo hoje falou o tempo todo acusando o Bolsonaro..Cadê os 19 governadores da esquerda do Nordeste??,ofensivo,hatebr
hatebr_878,Poderia ter evitado essa vergonha se não aceitasse a cartilha da Globo a qualquer custo desmoralizar o governo. Bem feito!!!,ofensivo,hatebr
hatebr_879,Por isso não assisto nada da Clobo...lixo.,ofensivo,hatebr
hatebr_880,GLOBOLIXO GLOBOLIXO GLOBOLIXO GLOBOLIXO GLOBOLIXO GLOBOLIXO GLOBOLIXO GLOBOLIXO GLOBOLIXO GLOBOLIXO,ofensivo,hatebr
hatebr_881,"Essa senhora é uma vergonha para a classe jornalística, onde estavam os questionamentos dela qdo o Brasil era roubado descaradamente? Onde estão hoje os questionamentos dela qdo o STF quer soltar Lula e trocentos ladrões presos pela Lava Jato? VERGONHA👿",ofensivo,hatebr
hatebr_882,Da nojo de ver as deformação ttudo pra culpar Bolsonaro eita desgraça.,ofensivo,hatebr
hatebr_883,"😂😂😂😂😂 cortaram ele na hora kkkk nem deixaram ele continuar explicando, Globolixo",ofensivo,hatebr
hatebr_884,Vergonha dessa bandida!!!,ofensivo,hatebr
hatebr_885,FICOU COM CARA DE TACHO.🤣🤣🤣🤣🤣🤣 #MarinhosCorruptos #MarinhosSãoLixos,ofensivo,hatebr
hatebr_886,Mulher IMBECIL,ofensivo,hatebr
hatebr_887,"Que credibilidade tem? Não sabe nem se informar do assunto, resultado passando vergonha! #globolixo",ofensivo,hatebr
hatebr_888,Eles não cansam de passar vergonha,ofensivo,hatebr
hatebr_889,Quem joga óleo e@pt esquerda todo vai pagar por isto não come peixe que pecado cai quem sujou mar de óleo,ofensivo,hatebr
hatebr_890,Sempre dando fora ! 🐴 burros,ofensivo,hatebr
hatebr_891,O Leilane cala essa boca suja greluda,ofensivo,hatebr
hatebr_892,Não tem jeito pra essa gentalha da Globosta!,ofensivo,hatebr
hatebr_893,Assisti duas vezes pra vê-la passar vergonha!!! 😂😂😂😂😂😂👏👏👏👏👏👏👏👏👏👏,ofensivo,hatebr
hatebr_894,"Já deu pra globolixo,tá na HR de se aposentar,e deixar o jornalismo pra pessoas q querem da notícias verdadeiras,já nem assisto jornal da globolixo,a tantos anos sendo enganados por notícias mentirosas q cansamos.",ofensivo,hatebr
hatebr_895,"Mas o q esperar da Globo lixo, e seus funcionários pagos pra lerem o script ?? Cabecinhas vazias..... 🇧🇷🇧🇷🇧🇷🇧🇷🇧🇷",ofensivo,hatebr
hatebr_896,A ânsia de atacar nosso Presidente é insana. qual a dificuldade desta gente em respeitar os resultados das urnas? que vão para o inferno. Tem que respeitar meu voto sim.,ofensivo,hatebr
hatebr_897,Esse rapaz não foi eleito presidente voces estão se tornando imsuportaveis,ofensivo,hatebr
hatebr_898,Fora #Globolixo,ofensivo,hatebr
hatebr_899,Alimentação dessa senhora é peroba pura,ofensivo,hatebr
hatebr_900,"Eduardo, ow pena do Brasil ! Vcs lutando por ele .... mas os ratos só prejudicam ! Globo, STF, Rodrigo Maia e o Davi Alcolumbre...agora parte do PSL . Muita força eu desejo para vcs ! Rezo pelo meu país ! Só Deus e vcs por nós! 🙌🏻🙏🏻",ofensivo,hatebr
hatebr_901,"@bolsonarosp @jairmessiasbolsonaro @carla.zambelli @carlosbolsonaro , com a matéria de ontem divulgada no JN, sobre a suposta ligação do caso da deputada, então o que vejo e que todos sabemos que a globo criou um álibi, ""perfeito"" só que não. Agora já podemos ligar uma fato do Adélio, quem foi seu possível mandante, não resta Dúvida, pode ligar às coisas, primeiro a Globo defende de unhas e dentes uma narrativa do PSOL tentando ligar a família de Bolsonaro ao crime, segundo agora tenta criar esse álibi, mas fracassou. Podemos agora identificar o mandante do crime, Rede Globo, não resta dúvida, eles pagam advogados caros para defender o vagabundo para tirar a vida do PR. Porém Deus é maior, Não adianta, Globo, STF, Congresso, PSL, Esquerda, Centrão etc. Tentar contra Jair, Jair foi o todo Poderoso que o escolherá para governar o Brasil. Só por uma atitude dele, a de ser amigo de Israel, Deus é agraciado por Jair ser voto a favor de Israel, Jair vai ser novamente em 2022 nosso presidente. Viva o Brasil viva Israel!.",ofensivo,hatebr
hatebr_902,Mais uma vez a globolixo distorce a matéria . Impressionante ....,ofensivo,hatebr
hatebr_903,Como sempre atrapalhando o teu pai. Nunca vi tanto filho atrapalhando o próprio pai como presidente da República. #calaabocaeduardobolsonaro,ofensivo,hatebr
hatebr_904,@bolsonarosp pega tua viola e sai fora ignorante de nível máximo.,ofensivo,hatebr
hatebr_905,Acabei de assitir essa merda de entrevista que vc deu seu bostinha vc fala em Ai5 ? Falta homem pra fazer isso ta pra nascer quem vai fazer isso. Vc e um fdp idiota so fala merda seu arrombado,ofensivo,hatebr
hatebr_906,"Ai5 é meus ovos , entrevista de qualidade de gente sem cérebro🍊🍊🍊🍊🍊🍊🍊🍊",ofensivo,hatebr
hatebr_907,"Embaixador 😂😂😂foi líder do governo a força,fala merda e depois pedi desculpas",ofensivo,hatebr
hatebr_908,Ridículo! Bosta ambulante. #forabolsonaro 🍊🍊🍊🍊🍊🍊🍊🍊🍊🍊🍊🍊🍊🍊🍊🍊🍊🍊🍊🍊🍊🍊🍊🍊🍊🍊🍊🍊🍊🍊🍊🍊🍊🍊🍊🍊🍊🍊🍊🍊🍊🍊🍊🍊🍊🍊🍊🍊🍊🍊🍊🍊🍊🍊🍊,ofensivo,hatebr
hatebr_909,"Eu acho engraçado que, pra falar mal do atual governo, a gadaiada voltou a relevar Globo, CNN e afins, sendo que ano passado estavam tudo boicotando... kkkkkkk Tão patéticos. rsrs 🤭",ofensivo,hatebr
hatebr_910,"Se essa esquerda lesse bíblia, saberia oq irá acontecer com eles no grande dia do acerto de contas com o Eterno",ofensivo,hatebr
hatebr_911,Falou em inglês nessa entrevista aí ? Burro 😂😂😂,ofensivo,hatebr
hatebr_912,Vc é desequilibrado cara...sem moral algum para quem realmente se importa com o Brasil...pena do seu pai que tem um filho burro igual a vc... até onde vc vai parar tentar querer impor as coisas???,ofensivo,hatebr
hatebr_913,Vc é motivo de piada na grande mídia...se não fosse seu pai quem seria vc??? Ainda bem q só votei no seu pai...sou Brasil acima de tudo...sou verde e amarelo com muito orgulho... agora não tem como aceitar calado o q e sua galera quer fazer no Brasil,ofensivo,hatebr
hatebr_914,Aí está mentindo para a reporte,ofensivo,hatebr
hatebr_915,"Minha ideologia é o Brasil, deixa o povo ficar em silêncio...A esquerda toma conta e os oportunistas .",ofensivo,hatebr
hatebr_916,"GABINETE DO ÓDIO SIM, ódio aos corruptos, ódio aos canalhas, ódio aos que são coniventes com os criminosos da NAÇÃO BRASILEIRA",ofensivo,hatebr
hatebr_917,É muito mimi. Sem noção 🙄,ofensivo,hatebr
hatebr_918,O cara fala que o Dólar a 60 pesos é como se estivesse 60 reais hahahaha burro pra caralho,ofensivo,hatebr
hatebr_919,"Votei em Bolsonaro, mas tô vendo que quando o QUEIRÓZ perder a paciência com vcs ele vai jogar o Governo do Bolsonaro na sargeta. A menos que vocês continuem alimentando a provável CHANTAGEM dele (óbvio que vocês nunca vão admitir que ele chantageia vcs). O Tofolli ter ""segurado"" a onda do COAF já é prova de que um tá com o rabo preso com outro. E não adianta vir com discurso de apoiar o presidente CEGA e INCONDICIONALMENTE: isso quem faz muito bem é a esquerda em relação à idolatria ao LULADRÃO. Não subestimem a inteligência de quem votou em Bolsonaro achando que ele iria SEMPRE se pautar pela VERDADE, ainda que doesse cortar na própria carne. Flávio com certeza tem uma TRÊTA muito séria com o Queiroz, pois, se não tivesse não se comportaria como ele se comporta em relação ao caso.",ofensivo,hatebr
hatebr_920,Vai ensinar seu gado a fritar hambúrguer 03?,ofensivo,hatebr
hatebr_921,"Agora sim vale a pena, não aquele escroto do Lobão, @ledanagleoficial",ofensivo,hatebr
hatebr_922,"Adorei o "" quem é fã do Queiroz "" 😂😂 A esquerdalha ñ desiste!!!!",ofensivo,hatebr
hatebr_923,Misericórdia e compaixão deles populismo sem precedentes. Só roubaram pelos quatro cantos do mundo,ofensivo,hatebr
hatebr_924,@bolsonarosp falou do doido do Lobão??,ofensivo,hatebr
hatebr_925,Não existe gabinete do ódio do lado.debbolsonaro isso é coisa de lula,ofensivo,hatebr
hatebr_926,Uma das mais privilegiadas mentes do meio jornalístico. Não trouxe o rancor da globolixo. Parabéns Leda.,ofensivo,hatebr
hatebr_927,Queiroz livre? Queiroz guerreiro do povo brasileiro👉👉😂😂😂😂😂 A ESQUERDALHA É PODRE,ofensivo,hatebr
hatebr_928,"O Lobão traira foi na Leda e só falou m.....estava doidão.ele olhava para um lado só,como se alguem estivesse alí.",ofensivo,hatebr
hatebr_929,"A esquerda além de tudo, é invejosa!🤣",ofensivo,hatebr
hatebr_930,👏👏👏👏👏 esquerdopatas piram!!,ofensivo,hatebr
hatebr_931,E AI JUMENTO? HAHAHA TU É BURRO HEIN MANO?,ofensivo,hatebr
hatebr_932,"Cara, essa Joice tá querendo ferrar com vcs junto com a ala Bivarista.",ofensivo,hatebr
hatebr_933,"Falaram da lua de mel.paga com dinheiro público, micropenis @bolsonarosp",ofensivo,hatebr
hatebr_934,Rei ARTHUR DECLARA: OLIMPÍADA do RIO FOI COMPRADA. É $Ó VA$ CULHAR que SURGIRÃO MAI$ CRIME$. #STFVERGONHANACIONAL #LulaChefeDeFACÇÃO #LulaMandanteDoCrime #ForaTraidoresDoBrasil🇧🇷,ofensivo,hatebr
hatebr_935,Mais uma entrevista top. Esquerdolândia morre de raiva. Não podemos perder.,ofensivo,hatebr
hatebr_936,"Vejam que as décadas de empenho da Rede Globo de Televisão, em destruir as famílias tradicionais brasileiras. Tem afetado também os próprios promotores desta destruição, que lutam. Por um Brasil 100% drogado, pedófilo, gay, lésbico, bandido, criminoso e com ""satanás"" no coração. Todos os anos vemos artistas, funcionários da referida emissora sendo presos, internados por posse e uso de entorpecentes. Muitos definhando e falecendo por terem contraído doenças graves, sexualmente transmissíveis inclusive o HIV. Colhemos aquilo que plantamos!",ofensivo,hatebr
hatebr_937,Esse vídeo foi de 2016 esse imbecil fez isso e só falaram agora ?,ofensivo,hatebr
hatebr_938,"É um velho rico, famoso e escroto pra caramba e as pessoas vêm isso como brincadeira. Fala sério.🙄🤮",ofensivo,hatebr
hatebr_939,Judeu dos infernos 🔥,ofensivo,hatebr
hatebr_940,Que absurdo! Já basta! Esse país tá uma bagunça. Não se respeitam mais a leis. Esse cara com o apoio do Bozo tá se achando...,ofensivo,hatebr
hatebr_941,Ele nao é gagá. Ele é fruto dessa sociedade misogina que aplaude qq merda q ele faz,ofensivo,hatebr
hatebr_942,"Homem doente! Não entendo a mãe levar num programa desse também, triste",ofensivo,hatebr
hatebr_943,Esse homem devia ser impedido de fazer programas e ser internado pra tratamento isso é inadmissível,ofensivo,hatebr
hatebr_944,"Gente já passou da hora de tirar esse bagageiro do ar! Isso não é velhice, isso chama-se falta de respeito! E isso país acham graça dessas besteiras!",ofensivo,hatebr
hatebr_945,Que escroto caquético! É a velha hipocrisia judaica no mundo dos pilantras monetários.,ofensivo,hatebr
hatebr_946,Podre. Só lembro daquele bandido que falava pro repórter : morre! Diabo!,ofensivo,hatebr
hatebr_947,Véio caduco não pode ser preso.,ofensivo,hatebr
hatebr_948,"Esse home.e ridiculo... Se a lei e para todos, ela merece ser aplicada em um caso desse!!!",ofensivo,hatebr
hatebr_949,É um gagá mesmo esse desgraçado defensor do Bozo.,ofensivo,hatebr
hatebr_950,Silvio Santos é a cara do senhor do engenho,ofensivo,hatebr
hatebr_951,Velho desgracado! Isso e um absurdo!,ofensivo,hatebr
hatebr_952,Nojento!!!! Ninguém vai fazer nada??? Vai ficar por isso mesmo???,ofensivo,hatebr
hatebr_953,E a mãe rindo!! nojento,ofensivo,hatebr
hatebr_954,@pgmsilviosantos misógino. Vcs combinam mesmo @jairmessiasbolsonaro,ofensivo,hatebr
hatebr_955,Silvio Santos lixo!!!!,ofensivo,hatebr
hatebr_956,Esse e doente😭,ofensivo,hatebr
hatebr_957,"Mas dançar na boca da garrafa e outras coisas ok... agora um cara que veio do nada e criou um império na televisão, gerou empregos e movimentou a economia sem falar na genialidade dele é um safado agora? Quem são vocês pra falar dele? 🤫Vai fazer metade do que ele fez e faz para o país e depois vem falar algo... lacradora e meia dúzia de jumentos querendo distorcer e ofender só para causar discórdia... não é à toa que são cada vez mais a minoria da população.",ofensivo,hatebr
hatebr_958,Esse cara é ridículo!!!,ofensivo,hatebr
hatebr_959,Ridículo isso,ofensivo,hatebr
hatebr_960,"Como pode ser TÃO PODRE, TÃO RIDÍCULO?!?!",ofensivo,hatebr
hatebr_961,Dá nojo!! 🤢,ofensivo,hatebr
hatebr_962,Velho pedófilo,ofensivo,hatebr
hatebr_963,"Num país sério esse decrépito seria preso, aqui é amigo do presidente e da elite evangélica.",ofensivo,hatebr
hatebr_964,Este Silvio Santos é um idiota não respeita ninguém só poderei apoiar mesmo este outro tal de bosta naro,ofensivo,hatebr
hatebr_965,Que porra é esta doido! Puta que pariu doido!!!,ofensivo,hatebr
hatebr_966,Esse velho imbecil envergonha o Brasil.,ofensivo,hatebr
hatebr_967,Ridículo ainda bem que não dou ibope pra esse lixo,ofensivo,hatebr
hatebr_968,Escroto FDP,ofensivo,hatebr
hatebr_969,Velho babão só fala as negras.,ofensivo,hatebr
hatebr_970,"Esse governo escroto e esse Sr: que tanto falam de família e bons costumes, estão me saindo um bando hipócritas!",ofensivo,hatebr
hatebr_971,É um gagá... só fala asneira!,ofensivo,hatebr
hatebr_972,"É um fascista, escravocrata, manipulador e doente. Era para está presso!!!!",ofensivo,hatebr
hatebr_973,"Ele não é caduco. Ele é dissimulado, cara de pau, desrespeitoso.",ofensivo,hatebr
hatebr_974,Homenzinho de última!,ofensivo,hatebr
hatebr_975,VELHO ESCROTO,ofensivo,hatebr
hatebr_976,demencia será?,ofensivo,hatebr
hatebr_977,@alice.lavigne.3388 NOJO! por isso prefiro assistir o fantástico aos fins de domingo. Porque contém informações e conteúdos!,ofensivo,hatebr
hatebr_978,Nojento boca suja,ofensivo,hatebr
hatebr_979,Sem noção! Ministério público tira esse idiota do ar...,ofensivo,hatebr
hatebr_980,Esse sr deveria ser preso.,ofensivo,hatebr
hatebr_981,E tem idiota que acha graça nisso e ainda aplaude..nojo desse velho porco,ofensivo,hatebr
hatebr_982,Esclerosado esse homem está pqp,ofensivo,hatebr
hatebr_983,velho nojento 🤮,ofensivo,hatebr
hatebr_984,Sujeito ridículo.,ofensivo,hatebr
hatebr_985,Sem graça alguma isso não é pergunta q se faça para uma criança esse velho está perdendo a vergonha na cara ridiculo,ofensivo,hatebr
hatebr_986,Pedófilo. Era a pergunta que você fazia para suas filhas na hora de dormir?,ofensivo,hatebr
hatebr_987,NOJENTO. ESCROTO 😒,ofensivo,hatebr
hatebr_988,Esse babaca só pode estar caducando!,ofensivo,hatebr
hatebr_989,Nojo desse pedofilo desfarsado de bonzinho!,ofensivo,hatebr
hatebr_990,"Ele sempre foi um monstro. Sempre humilhou pessoas. Sempre foi um péssimo empresário, um empregador desleal e injusto. Já deveria ter sido banido há tempos. Faustão não é muito melhor. Temos a pior televisão de todos os países.",ofensivo,hatebr
hatebr_991,"Que horror, ele esta caducando🤯",ofensivo,hatebr
hatebr_992,"Sr escroto, ja esta na hora desse Dinossauro se recolher pros aposentos dele em ORLANDO, onde vai gastar o dinheiro que ele ganha das jogatinas dele através do povo idiota, que compra os produtos de quinta que ele oferece.",ofensivo,hatebr
hatebr_993,"Esse cara é um lixo, que merda! 🤬🤯",ofensivo,hatebr
hatebr_994,E essas mulheres rindo????? Credo,ofensivo,hatebr
hatebr_995,Meu Deus! Alguém interna esse homem.,ofensivo,hatebr
hatebr_996,Inconcebível! Asco!,ofensivo,hatebr
hatebr_997,revoltante.... asqueroso! @aleflamenco,ofensivo,hatebr
hatebr_998,Velho Babão,ofensivo,hatebr
hatebr_999,"O nome disso não senilidade, chama-se PEDOFILIA!!!",ofensivo,hatebr
hatebr_1000,Se fosse meu pai eu ja tinha interditado! Nojento,ofensivo,hatebr
hatebr_1001,nojo nojo nojo 🤮🤮🤮🤮🤮,ofensivo,hatebr
hatebr_1002,Incentivo a pedofilia!🤮 nojo,ofensivo,hatebr
hatebr_1003,Olha isso @celleribs ! É inacreditável que ainda um safado desses não esteja preso!,ofensivo,hatebr
hatebr_1004,Que homem ridículo! Nojento!,ofensivo,hatebr
hatebr_1005,Que absurdo! Cínico demais!,ofensivo,hatebr
hatebr_1006,"A mãe ainda ri. Que merda de gente, cara!",ofensivo,hatebr
hatebr_1007,"Acontece q todos riram, e a pior de todos ai foi a mãe da meninia,hipocrisia queri vê se fosse um anônimo se ela ia ri.",ofensivo,hatebr
hatebr_1008,Este homem é nojento!,ofensivo,hatebr
hatebr_1009,Isso é mais do que constrangimento! Cretino,ofensivo,hatebr
hatebr_1010,"As se.eu fosse mãe de uma criança dessa, ele ia ver com quantos paus se faz um barco.",ofensivo,hatebr
hatebr_1011,Nojo define.,ofensivo,hatebr
hatebr_1012,Velho depravado!,ofensivo,hatebr
hatebr_1013,"Velho nojento, vocabulário imundo.👊👊👊👊",ofensivo,hatebr
hatebr_1014,Passou da hora de dar um basta nesse velho safado 😡😡,ofensivo,hatebr
hatebr_1015,Velho podre,ofensivo,hatebr
hatebr_1016,"Alguém tem que parar essa criatura,já passou do limite...loucura.",ofensivo,hatebr
hatebr_1017,"Eu já não iria mas, se precisasse do dinheiro, como todos né, não sejamos hipócritas, eu fosse e mesmo se a pergunta não fosse pra minha filha, no mínimo um tapa na cara ele ia levar, depois o processaria por assédio a uma criança😎",ofensivo,hatebr
hatebr_1018,Para que eu vou vomitar🤢,ofensivo,hatebr
hatebr_1019,Ele está gaga,ofensivo,hatebr
hatebr_1020,Cadê o Conselho Tutelar? O Juizado de menores?? Tanto o SS quanto a mãe estão cometendo crime.,ofensivo,hatebr
hatebr_1021,Eu tenho nojoooooo 🤮 desse homem,ofensivo,hatebr
hatebr_1022,Ta caduco ja essa múmia. Ja passou do tempo de se aposentar,ofensivo,hatebr
hatebr_1023,Depravado e escroto 😬😬😬,ofensivo,hatebr
hatebr_1024,Denúncia esse sujeito escroto,ofensivo,hatebr
hatebr_1025,"Ridículo, depois de velho se presta a isso",ofensivo,hatebr
hatebr_1026,"Onde estão os malafaias, os crivellas, as damares, os felicianos? Bando de hipócritas, falsos moralistas! E o Ministério Público e seus procuradores?",ofensivo,hatebr
hatebr_1027,Eu hein e daí pra pior só abre a boca pra sair 💩,ofensivo,hatebr
hatebr_1028,velho nojento babão se fosse um pobre já tinha ido preso,ofensivo,hatebr
hatebr_1029,Esse cara é nojento,ofensivo,hatebr
hatebr_1030,Ele já foi caduco....há uns 10 anos atrás!!agora tá passando dos limites total!!!,ofensivo,hatebr
hatebr_1031,Isso é um imbecil!,ofensivo,hatebr
hatebr_1032,Que nojoooo. Aí isso aí ninguém faz nada né? Velho asquerosos dos infernos.,ofensivo,hatebr
hatebr_1033,"Velho nojento 🤮,igual o mito 😰",ofensivo,hatebr
hatebr_1034,Boca escrota essa .,ofensivo,hatebr
hatebr_1035,Ta maluco o veinho,ofensivo,hatebr
hatebr_1036,"Ele ainda ri, é um imoral",ofensivo,hatebr
hatebr_1037,Se o comandante não respeita o povo. Eu o odeio por isso. Agora passo a odiar esse cara aí protegido pelo dinheiro ódio e nojo.....,ofensivo,hatebr
hatebr_1038,E os jurados ainda riem deste imbecil!,ofensivo,hatebr
hatebr_1039,A mãe ...vey... Eu dava na cara dele,ofensivo,hatebr
hatebr_1040,Esse PT é um lixo mesmo,ofensivo,hatebr
hatebr_1041,COMUNISTA FDP,ofensivo,hatebr
hatebr_1042,lenantemo-nos todos e saiamos dessa emissora e desse devasso,ofensivo,hatebr
hatebr_1043,Esse sujeito deve ser algum tipo de sequelado. Não possível alguém ser escroto assim sem ter algum problema mental.,ofensivo,hatebr
hatebr_1044,coragem pq noção não tem,ofensivo,hatebr
hatebr_1045,Que nojoo...que emissora lixoo!!!,ofensivo,hatebr
hatebr_1046,Eu jogava essa porcaria no chão!,ofensivo,hatebr
hatebr_1047,"Velho dafado, sem vergonha! Ta praticando pedofilia seu patético?",ofensivo,hatebr
hatebr_1048,Esse dinheiro sujo!,ofensivo,hatebr
hatebr_1049,Esse senhor já era p ter sido interditado!!!!....Desde o dia 7 de setembro!!!,ofensivo,hatebr
hatebr_1050,Ridículo esse cara,ofensivo,hatebr
hatebr_1051,Noja comprando a inocência dessas meninas! 😠😠😠🤮🤮🤮🤮🤮🤮🤮🤮,ofensivo,hatebr
hatebr_1052,"Chega ser nojento,",ofensivo,hatebr
hatebr_1053,Pergunta mais idiota. Velho pervertido,ofensivo,hatebr
hatebr_1054,"Se caducou, deve ser afastado e tratado. Não sabe o que fala.",ofensivo,hatebr
hatebr_1055,Que nojo desse homem,ofensivo,hatebr
hatebr_1056,"Perturbador, asqueroso, ridículo. 😡 #nãopassarão",ofensivo,hatebr
hatebr_1057,"Esse homem é um babaca, esse programa dele já deveria ter saído do ar!",ofensivo,hatebr
hatebr_1058,Velho gagá! E ninguém impede esse Zé Alzheimer!!!!,ofensivo,hatebr
hatebr_1059,Nojento e os baba OVO ainda batem palma cade o Conselho tutelar?? 🤮🤮,ofensivo,hatebr
hatebr_1060,Agora já passou do limite...se está caducando...o lugar dele é em casa com familiares cuidando dele....,ofensivo,hatebr
hatebr_1061,Que nojo deste cara.,ofensivo,hatebr
hatebr_1062,Interdita esse homem.,ofensivo,hatebr
hatebr_1063,"@maisa vamos tesouro, ñ se misture com essa gentalha 🥺",ofensivo,hatebr
hatebr_1064,"Meu Deus, que absurdo!! Escroto, não tem outra palavra!!!",ofensivo,hatebr
hatebr_1065,Deveriam deixar de besteiras.,ofensivo,hatebr
hatebr_1066,Débil mental .,ofensivo,hatebr
hatebr_1067,"Ridículo esse tal de Silvio Santos , ficou rico às custas da ignorância do povo!",ofensivo,hatebr
hatebr_1068,Caramba 😱 quem vai parar esse milionário debochado e tarado .,ofensivo,hatebr
hatebr_1069,Cara nojento,ofensivo,hatebr
hatebr_1070,Essa mãe tinha que ter virado a mão na cara desse velho nojento!,ofensivo,hatebr
hatebr_1071,Isso é no cúmulo.... Simplesmente ridículo!!!,ofensivo,hatebr
hatebr_1072,Nojo desse canastrão!,ofensivo,hatebr
hatebr_1073,"tem gente que acha normal , este velho virou um pedofilo na tv aberta, e tem gente que acha engraçado",ofensivo,hatebr
hatebr_1074,Puta nojo desse cara,ofensivo,hatebr
hatebr_1075,"Nojo!!!! Mas a família tradicional brasileira adora, não é? Muita hipocrisia!!! 🤮🤮🤮",ofensivo,hatebr
hatebr_1076,Isso é um escroto. Velho safado.🤮,ofensivo,hatebr
hatebr_1077,Tudi lixo e me admiro mães levando crianças lá 😩,ofensivo,hatebr
hatebr_1078,"Idiota, pergunta a tua neta velho nojento!",ofensivo,hatebr
hatebr_1079,Esse velho tá louco,ofensivo,hatebr
hatebr_1080,Horrível! Silvio precisa ser parado urgente!!! 😢😢😢,ofensivo,hatebr
hatebr_1081,E ainda acham engraçado. Ridículos,ofensivo,hatebr
hatebr_1082,"Absurdo, um babaca desse e ainda tem audiência!",ofensivo,hatebr
hatebr_1083,"Pelo amor de Deus, cadê o pai desta criança não vai, fazer nada só porque o veio do sbt é amigo do bozo?",ofensivo,hatebr
hatebr_1084,"Parece gagá, mas sempre foi assim. É um nojento mau caráter mesmo. Mais um episódio grotesco desse cretino com crianças. #racista e #pedófilo",ofensivo,hatebr
hatebr_1085,"Que nojo, é um criminoso!",ofensivo,hatebr
hatebr_1086,Esse velho é nojento,ofensivo,hatebr
hatebr_1087,Aff misericórdia 😱 já está gaga... Ridículo 😠,ofensivo,hatebr
hatebr_1088,Estas pessoas que tratam esse verme Silvio Sanntos ccomo caduco no fundo pensam como ele.,ofensivo,hatebr
hatebr_1089,Velho asqueroso 🤮,ofensivo,hatebr
hatebr_1090,Ainda aplaudem uma carniça dessas...,ofensivo,hatebr
hatebr_1091,"Ele não está caduco, não! Ele sempre foi nojento!",ofensivo,hatebr
hatebr_1092,"Imundo, cadê o presidente de merda pra falar q tá errado?? Vai tomar no cu mano eu fico revoltada com vcs, com a sociedade q votou em bosta, em um saco de bosta",ofensivo,hatebr
hatebr_1093,Este lixo e igual ao ditador Bozo fdp,ofensivo,hatebr
hatebr_1094,Doente imbecil... que asco desse velho.,ofensivo,hatebr
hatebr_1095,"Velho idiota, queria que ele tivesse perguntado pra minha neta.",ofensivo,hatebr
hatebr_1096,Cadê o MPF?? Tv é uma concessão pública!!! Esse depravado não pode fazer da emissora e do programa dele o que bem quer e entende.,ofensivo,hatebr
hatebr_1097,Precisa amarrar este VELHO caquético junto com o 💩 do presidente dele.,ofensivo,hatebr
hatebr_1098,Alguém tem que tirar esse cara nojento do ar!,ofensivo,hatebr
hatebr_1099,Ridículo....Velho babao,ofensivo,hatebr
hatebr_1100,Interna essa coisa,ofensivo,hatebr
hatebr_1101,"É surreal uma coisa dessa, que bosta de justiça é essa que nada faz contra esse pilantra?",ofensivo,hatebr
hatebr_1102,"Esse velho tá ridículo já perdi todo o apreço por ele faz tempo , ele já se provou um velho louco por dinheiro e poder e chupa políticos que estão no poder .",ofensivo,hatebr
hatebr_1103,"Nojo, ta passando dos limites",ofensivo,hatebr
hatebr_1104,Meu deus isso é nojento,ofensivo,hatebr
hatebr_1105,"Esses heróis da direitas são uns escrotos, doentes e perversos!",ofensivo,hatebr
hatebr_1106,Absurdo!!! Nojo desse babão tarado.,ofensivo,hatebr
hatebr_1107,Ridiculo esse senhor,ofensivo,hatebr
hatebr_1108,"Homem nojento, sem limites!",ofensivo,hatebr
hatebr_1109,"Que coisa horrorosa, nunca teve conteúdo mesmo. Deprimente esse programa.",ofensivo,hatebr
hatebr_1110,"E a imbecil da mãe, ainda da risada.",ofensivo,hatebr
hatebr_1111,"Tá gaga? Isso é abuso, demoro pra sair só ar.",ofensivo,hatebr
hatebr_1112,"Escroto, nojento 🤮🤮🤮",ofensivo,hatebr
hatebr_1113,É muito absurdo isso!!! É imoral e criminoso sim... delito dos mais graves!tem que ser tirado do ar... da casa das pessoas esse infame! 🤬🤮😡,ofensivo,hatebr
hatebr_1114,Facista nojento amigo de BOZO.,ofensivo,hatebr
hatebr_1115,Nojo demais desse cara.,ofensivo,hatebr
hatebr_1116,Esse Sílvio santos é um VERME. U criminoso. Onde estava a VACA da Damares protetora da família. Essa pilantra não defende família coisa nenhuma.,ofensivo,hatebr
hatebr_1117,Lula tá preso babacas!,ofensivo,hatebr
hatebr_1118,"Que palhaçada é essa, ridículo demais",ofensivo,hatebr
hatebr_1119,"Um ridículo, sem noção, doentio...e rir ...criminoso!",ofensivo,hatebr
hatebr_1120,"Não sei o que é mais precário: A Criança receber dinheiro à esse tipo de pouco e baixo argumento tão cedo, ou x -falta- fundamentalismo da boca suja do indivíduo ao pequeno...",ofensivo,hatebr
hatebr_1121,"Isso é. O cúmulo da estupidez, da ignorância e da falta de respeito. Velho safado! Vá criar vergonha e redimir-se de suas brincadeiras maléficas!",ofensivo,hatebr
hatebr_1122,Acho que já passou da hora desse otário responder pelos desrespeito que ele comete... E ainda tem esses pais que colocam as crianças nessa situação por dinheiro ou por alguns minutos de fama ... lamentável,ofensivo,hatebr
hatebr_1123,Eu só queria que a Maísa desse um pé na bunda desse nojento! Uma rainha daquelas❤️,ofensivo,hatebr
hatebr_1124,"Cadê os responsáveis de preservar os direitos das crianças.... eu respondo indignada, que até mesmo os conselhos tutelares que poderiam fazer alguma coisa, não vão fazer, pois estão nas mãos da universal, igreja de corruptos e safados. É minha gente estamos indo de mal a pior....",ofensivo,hatebr
hatebr_1125,Eu não consigo dar play no vídeo de tanto nojo que sinto!,ofensivo,hatebr
hatebr_1126,Já está caducou affff 🤑,ofensivo,hatebr
hatebr_1127,"Esse cara tem que ser calado, não podemos achar que seja senilidade, é um criminoso sem escrúpulos e sabe bem que está fazendo.",ofensivo,hatebr
hatebr_1128,Velho ridículo 🤢🤮,ofensivo,hatebr
hatebr_1129,"Interditem esse velhote urgentemente e que a família assuma a emissora ou que a concessão seja passa à frente por pessoas mais competentes e responsáveis.O SBT já não faz mais programa para a FAMÍLIA brasileira com respeito como antes. Senor Abravanel,o senhor está sem noção.",ofensivo,hatebr
hatebr_1130,E ninguém processa esse nogento,ofensivo,hatebr
hatebr_1131,👹SILVIO DOIDO👈🤮🤮🤮🤮🤮🤮🤮🤮🤮🤮🤮🤮🤮🤮 doente,ofensivo,hatebr
hatebr_1132,Desequilibrado! Até quandoo?,ofensivo,hatebr
hatebr_1133,Ainda tem quem ache engraçado esse velho pervertido,ofensivo,hatebr
hatebr_1134,Aqueles tapinhas no braço da menina deveriam ser dado com muuuito mais força na cara desse BABACA!,ofensivo,hatebr
hatebr_1135,Faz parte do patriarcado brasileiro querem o que?? Homens nojentos que já veem meninas como mulheres.,ofensivo,hatebr
hatebr_1136,O nariz tah crescendo ou é impressão minha? 😂😂,ofensivo,hatebr
hatebr_1137,Dois inúteis só faltou o @cirogomes,ofensivo,hatebr
hatebr_1138,"Pqp, comunista fdp",ofensivo,hatebr
hatebr_1139,Show de horror kkkkkkkkkk Puta que pariu,ofensivo,hatebr
hatebr_1140,Ainda bem q nos livramos disso 🙏🙏,ofensivo,hatebr
hatebr_1141,Caiu em desgraça no PSL. TR CUIDA!@@,ofensivo,hatebr
hatebr_1142,"Foto pesada slc, mais pesado que os quilo do condenado do lula",ofensivo,hatebr
hatebr_1143,Você vai rir feito um condenado Haddad?,ofensivo,hatebr
hatebr_1144,Só vim ler o choro dos gados,ofensivo,hatebr
hatebr_1145,Dois pilantras. FDP,ofensivo,hatebr
hatebr_1146,Aceitar comentários de Minions é de uma grandeza absoluta... só por isso tem meu voto eternamente,ofensivo,hatebr
hatebr_1147,Cruz credo. vai para o quinto dos infernos,ofensivo,hatebr
hatebr_1148,Ele rouba tbm? bandidos,ofensivo,hatebr
hatebr_1149,Que comunistinhas lindos 💜😆,ofensivo,hatebr
hatebr_1150,Dois tipos sem graça e sem vergonha!,ofensivo,hatebr
hatebr_1151,"Fernando, a Globo está negociando com demônios outra vez... mas, o que acontece... no MUNDO espiritual alguém está cortando a macumba da Globo🌶hoje um astronauta morreu... se comunique com os partidos de Esquerda do B' Dos BRICS... e fale o ocorrido🙏 Mahasiah Amém🙏 a Globo Biscate NÃO",ofensivo,hatebr
hatebr_1152,Sem contar que a Globo Mandou Roubar a TV Cultura🌶🖤🦅,ofensivo,hatebr
hatebr_1153,"Esse otario merece uma corretiva,,,vamos ver se é homem,, assim como é na língua,,, dá uma sova nele com um chicote de umbigo de boi até ficar mole no chão para aprender a respeitar as pessoas,,,, não vpide comparar as oessiasy como se fosse da família dele!",ofensivo,hatebr
hatebr_1154,KD as mídias que defendem a mulher lá o ativismo na verdade só é válido quando e da turma petralha,ofensivo,hatebr
hatebr_1155,"Não entendo essa democracia que um imbecil que escreve isso contra uma autoridade não vai preso, não é processado e eles falam tudo q querem e ninguém faz nada. Absurdo isso.",ofensivo,hatebr
hatebr_1156,Caralho!! Que jornalista desgraçado!!!,ofensivo,hatebr
hatebr_1157,"Vergonha o que fazem esses pseudos ptistas e permanecem impunes, isso é por que eles têm o STF, a câmara e senado ao seu favor, chega de canalhice.",ofensivo,hatebr
hatebr_1158,Que absurdo meu Deus!!!! Na ditadura uma dessa neguinho ia pro xilindró... ninguém vai fazer nada???🥵🥵🥵🥵🥵🥵,ofensivo,hatebr
hatebr_1159,Ridículo. Jornalista não é gente.,ofensivo,hatebr
hatebr_1160,"Muito bem respondido a esses carniceiros da imprensa marrom brasileira...o silêncio as vezes é melhor do que mil palavras ...basta ser bom entendedor .. globô bolixo,Uol e grupo",ofensivo,hatebr
hatebr_1161,isso não é imprensa isso é abutres e o pior de tudo que muitos aí estão sendo pagos com dinheiro público dinheiro vindo de ONGs e de facções políticas criminosas disfarçadas de partidos políticos Essa é a pior parte.,ofensivo,hatebr
hatebr_1162,Que tristeza! Uma pessoa tão cruel nem deveria ser chamado de jornalista,ofensivo,hatebr
hatebr_1163,"Divulguem o nome do jornalista, tem que ser levado a justiça, cadeia nele.",ofensivo,hatebr
hatebr_1164,"Que texto baixo, enojante. Esse pessoal da esquerda tá cada vez pior...",ofensivo,hatebr
hatebr_1165,"Um babaca desse tipo tem a responder um processo sinistro, tirar até as cuecas de um miserável ordinário desses.",ofensivo,hatebr
hatebr_1166,Como pode tamanha falta de respeito ! Canalhas !,ofensivo,hatebr
hatebr_1167,Imprensa podre a Ministra Damares é protegida por Deus,ofensivo,hatebr
hatebr_1168,"Da nojo de jornalista desse nível de escalão, será que ele tem mãe, irmãs etc. não sei quem é porque um lixo desse nem precisamos conhecer.",ofensivo,hatebr
hatebr_1169,Carta capital é super esquerdista comunista do mal.Somos todos Damares!!!!!!!,ofensivo,hatebr
hatebr_1170,"Calem esses covardes, canalhas com trabalho! Avante Ministra Damares",ofensivo,hatebr
hatebr_1171,"Me solidarizo com a senhora ministra, esse ser que escreveu é completamente desprovido de ética, decência, indoli, moral, um lixo da sociedade e traz consigo a educação que recebeu da própria progenitora.",ofensivo,hatebr
hatebr_1172,"Repugnante essa matéria, esse indivíduo precisa ser processado!",ofensivo,hatebr
hatebr_1173,Que nível nojento chegou a imprensa esquerdopata. Tá na hora de descarregar processos em cima desses psicopatas,ofensivo,hatebr
hatebr_1174,"De o nome desse imbecil, machista ,nojento, babaca 🤮🤮🤮, Sra MINISTRA, para q todas nós mulheres possa encher a caixa de mensagem dele de "" boas postagem"""" esse jornalista idiota merece conhecer a força das mulheres. 🤬😡",ofensivo,hatebr
hatebr_1175,"Carta capital , revestinha de banca, sórdida!",ofensivo,hatebr
hatebr_1176,Essa mente na cara dura. devolver o dinheiro roubado dos aposentados nada,ofensivo,hatebr
hatebr_1177,Não gostei do teatrinho dela.,ofensivo,hatebr
hatebr_1178,Homem canalha! Sem vergonha #respeitaaministradamares,ofensivo,hatebr
hatebr_1179,vamos fazer alguma coisa... acredito plenamente q esse verme nao é humano...gostaria de saber o nome desse fdp,ofensivo,hatebr
hatebr_1180,"Ele ataca as pessoas com fama pra ver se aparece Ministra . Atacou o jornalista Augusto Nunes também, apoiando o outro canalha americano.",ofensivo,hatebr
hatebr_1181,A imprensa parece as vezes um judas.,ofensivo,hatebr
hatebr_1182,Tudo que esse babaca falou da nossa Ministra ele queria q fosse com ele. Doidinho com uma mamadeira de piroca,ofensivo,hatebr
hatebr_1183,Esses bandidos vão pagar caro. Nossa ministra é uma grande mulher🇧🇷🇧🇷🇧🇷🇧🇷🇧🇷🇧🇷👏👏👏👏👏,ofensivo,hatebr
hatebr_1184,Maldita imprensa esquerdopata!,ofensivo,hatebr
hatebr_1185,E esse verme q escreveu isso deveria ser punido..sem ética e sem moral..um verdadeiro imbecil .,ofensivo,hatebr
hatebr_1186,"Ministra, de os nomes pra que todos saibam quem são os covardes e mais, processe-os imediatamente.",ofensivo,hatebr
hatebr_1187,"Que absurdo estamos vivendo no Brasil! Eu pergunto: não dá para processar esses idiotas por ofensa a moral de uma Ministra? Esperimenta xingar um funcionário público de qualquer porcaria de repartição pública, para ver onde vc vai parar! Então porque não se faz nada quando ofendem o Presidente ou qualquer dos seus auxiliares? Como podemos aceitar isso?",ofensivo,hatebr
hatebr_1188,"Demônios esquerdistas, essa carta capital é a escória do jornalismo",ofensivo,hatebr
hatebr_1189,Manda prender esse babaca!!!!🤬🤬🤬🤬🤬,ofensivo,hatebr
hatebr_1190,Chamar um vagabundo desses dd Horn,ofensivo,hatebr
hatebr_1191,"❤️Ministra Damares a Senhora é uma mulher linda em tudo e abençoada por Deus. Este ser abjeto tentou atingi-la com as imundices peculiares a ele próprio. Continue este exemplo de ser humano iluminado que irradia luz por onde passa ""quem não tem competência, não se estabelece"" que ele aceite logo, talvez doa menos.kkkkkkk",ofensivo,hatebr
hatebr_1192,Esses fdp que tinham que ficar em cela com esses criminosos que não vem uma mulher há tempos !!,ofensivo,hatebr
hatebr_1193,A esquerda precisa ser criminalizada no Brasil... São demônios! 🤮,ofensivo,hatebr
hatebr_1194,Ainda ter retardado que da audiencia a um jornal lixo desses.,ofensivo,hatebr
hatebr_1195,Esta revista é podre. Só os ratos dos esgotos mais imundos a leem,ofensivo,hatebr
hatebr_1196,"As mulheres te respeitam Damaris! Continue firme com seus propósitos, não permite que um cafajeste, um troglodita te faça sentir mal! Ignore pessoas que não merecem sua compaixão.😘",ofensivo,hatebr
hatebr_1197,Quem falou isso deve ser um global que não sai do armário 👊 e tem esse desejo👊 nessa hora que tinha que intervir aqui e botar um merda desse no pau. ...,ofensivo,hatebr
hatebr_1198,Triste ouvir isso de uma mídia podre.....ainda assim vem um jumento perguntar se ela vai sair do governo. MEU CARO JORNAZISTA vai pra pqp.,ofensivo,hatebr
hatebr_1199,"Esse texto faz parte de um plano vídeo de um grupo desesperado ávido por poder com uma dor profunda por ter perdido nas urnas. Um imbecil desses merece um belo processo e uma bela investigação devastando sua vida. Se um jumento desses se diz jornalista, lastimo pela categoria profissional denegrida por esse infame.",ofensivo,hatebr
hatebr_1200,"Por favor processe este escroto,energúmeno,mente capto,imundo,porco,em nome de todas as mulheres do Brasil,processe!",ofensivo,hatebr
hatebr_1201,E os diretos morais? Processe os canalhas!,ofensivo,hatebr
hatebr_1202,"É triste esses esquerdistas são doentes e as faculdades estão formando jornalista sem ética,caráter e pudor. 💩👺",ofensivo,hatebr
hatebr_1203,Deviamos invadir o insta dessa carta capital e falar oq eles merecem ler...senti a angústia nas palavras da ministra Damares...estou contigo,ofensivo,hatebr
hatebr_1204,"Falta de RESPEITO ao extremo desse infeliz repórter, JUSTIÇA nesse IMBECIL",ofensivo,hatebr
hatebr_1205,"Vagabundo, safado.",ofensivo,hatebr
hatebr_1206,"Ministra, filha do Deus altíssimo! Não te assuste com esses filhos de satanás! Eles só fazem barulho. Vc está coberta pelo sangue do cordeiro! Fica na paz querida! Deus, só dá grandes lutas, pra grandes guerreiros! Não te mandei Eu, ???? Seja forte, não temas!!!!",ofensivo,hatebr
hatebr_1207,"Não há limites para a desumanidade da mídia e de opositores do mal, perversos, cheios de raiva e deboche. Felizmente ela tem muita fibra...se recompõe e volta a ser incisiva e justa onde é necessário. A esquerda pode TUDO, até mesmo atos criminosos, os outros NADA.",ofensivo,hatebr
hatebr_1208,"Gente isso é muito criminoso! Chega! Tem que punir sem dó esses indivíduos de almas estragadas, para que o mal não contamine outras pessoas ... #SomosTodosDamares",ofensivo,hatebr
hatebr_1209,Dá até náuseas ouvir um texto desse jornalista/vagabundo!!!,ofensivo,hatebr
hatebr_1210,Qual é o nome do jornalista ??? Tem que divulgar para fazer passar vergonha !!! 😡😡😡😡,ofensivo,hatebr
hatebr_1211,"Meu Deus que vergonha desses seres travestido de humanos! São as crias de lucifer, não tem outra explicação...",ofensivo,hatebr
hatebr_1212,Cadeia pra esse reporte de meia tigela.,ofensivo,hatebr
hatebr_1213,E a AGR vai fazer alguma coisas com estes canalhas que atacou a ministra com estas palavras?,ofensivo,hatebr
hatebr_1214,"A Ministra é especial , mulher de Deus !!! Tudo que é dr Deus o demônio odeia ! As pessoas que te atacam são instrumentos do demônio pra te atacar !! Descansa no Senhor 🙏",ofensivo,hatebr
hatebr_1215,"Que terror! Meu Deus que desumanidade!!! Como um homem desse ainda é ouvido por alguém!? Como alguem ainda ousa contratar seus ""servicos"" de jornalista ainda!? Só alguém q é igual a ele, alguém asqueroso, desumano e cristofobico! 😡😡",ofensivo,hatebr
hatebr_1216,Jornalista asqueroso 😠😠😠,ofensivo,hatebr
hatebr_1217,"Jornalistas babaca, somos todos Damares❤️❤️❤️",ofensivo,hatebr
hatebr_1218,"INDIGNADAAAAAAA!!!!! onde vamos pararrrrrr.... Ahhhh se fosse com alguma petista, tipo Maria do Rosário!!! A imprensa marrom já teria feito a maior balbúrdia!!! ISSO TEM QUE ACABARRRR!!! 😡😡😡😡",ofensivo,hatebr
hatebr_1219,Que absurdo eu colocaria esse verme na cadeia para aprender respeitar pelos menos a mãe dele pq quando ele ataca uma mulher ataca a sua propria genitora que vergonha de um ser deplorável desse 😠😠😠😠😠😈😈😈😈,ofensivo,hatebr
hatebr_1220,a hipocrisia e uma coisa terrivel que faço questao de jogar na cara dos esquerdopatas q atacam a ministra,ofensivo,hatebr
hatebr_1221,O idiota deu a faca e o queijo a Ministra Damares para processa lo. Kkkkk,ofensivo,hatebr
hatebr_1222,"Tenho engulhos desse covarde,canalha que escreveu isso sobre essa Ministra tão querida e Amanda!ele devia ser entregue a nós mulheres, nós íamos fazer uma massagem daquelas nele😂💪",ofensivo,hatebr
hatebr_1223,QUEM ESCREVEU ESSAS IMUNDÍCIES REPUGNANTES E QUEM AS PUBLICOU DEVERIAM SER ENTREGUES AOS VINTE PRRDID,ofensivo,hatebr
hatebr_1224,Vergonhosa fala da carta capital desrespeitando nossa MINISTRA Damares!!!!!! FORÇA MINISTRA...,ofensivo,hatebr
hatebr_1225,Jornalistas são uns abutres que cruzaram com porcos. Chafurdam na lama sempre.,ofensivo,hatebr
hatebr_1226,"Quanto absurdo, ai isso as feministas de esquerda devem achar bonito",ofensivo,hatebr
hatebr_1227,Todas essas agressões morais contra nossa ministra Damares é porque ela está fazendo o certo e incomodando muito esses esquerdopatas sem caráter. A imprensa marrom-cocô só se manifesta em apoio a quem é contra o governo. NADA JUSTIFICA agressões contra mulheres e menos ainda contra a melhor ministra de direitos humanos que o Brasil já teve! #somostodosdamares,ofensivo,hatebr
hatebr_1228,A esquerda è desprezível!! 😤😕 sem mais...,ofensivo,hatebr
hatebr_1229,Meu respeito a Ministra. Toda minha indignidade a imprensa suja que a persegue e a violenta.,ofensivo,hatebr
hatebr_1230,Jornalista filho do demônio comunistas,ofensivo,hatebr
hatebr_1231,A minha mais profunda empatia e solidariedade a nossa ministra. Pq esse bosta se acha no direito de sair ofendendo as pessoas desse jeito?,ofensivo,hatebr
hatebr_1232,"Assustador 😱😨😥😔 espero que não fique por isso mesmo, ela precisa processar esses vermes, além do canal de denuncia, que é uma excelente ideia, tem que processar e endurecer as leis e o cumprimento delas.",ofensivo,hatebr
hatebr_1233,Canalha demais que faz uma coisa horrível dessa contra quem quer que seja,ofensivo,hatebr
hatebr_1234,Porque a Imprensa nojenta não se manifesta ! A esquerda pode tudo né!? 😠,ofensivo,hatebr
hatebr_1235,Esta Carta Capital é um lixo !,ofensivo,hatebr
hatebr_1236,Meu Deus..que abominável este jornalista..força ministra estamos com a senhora.😭😭,ofensivo,hatebr
hatebr_1237,Parte da mídia brasileira.e podre de moral e ética.estrume da da noticia,ofensivo,hatebr
hatebr_1238,"Uma vergonha! Isto nem ė um jornalista ė uma psicopata prestes a sair do ""armário"" pois ele se expressa em seus textos, e se brincar um estuprador em potencial !",ofensivo,hatebr
hatebr_1239,"Que e esse imundo que se acha o moralista da conduta correta ? Deve ser um daqueles imorais , se achando gente do bem . No fundo tem medo de abrir a bíblia pq sabe o que faz da sua vida e pecaminoso . Pobre coitado de espírito e amor ao próximo .",ofensivo,hatebr
hatebr_1240,A imprensa está podre.,ofensivo,hatebr
hatebr_1241,Imprensa globalista se superando... inescrupulosos.,ofensivo,hatebr
hatebr_1242,"@cartacapital papel ridículo que se prestam, cabe um processo nesse jornalista asqueroso, doente e nojento!",ofensivo,hatebr
hatebr_1243,Quem foi o imbecil que esvreveu isso??,ofensivo,hatebr
hatebr_1244,"Imprensa lixo, ela não deveria dar mais entrevista. Nojooooo",ofensivo,hatebr
hatebr_1245,Nosso Deus 😢🤦 coitada. Que falta de respeito com ela e gratuitamente ainda. Essa esquerdalha é muito suja! Esses jornalistas lixos são realmente de QUINTA CATEGORIA.👎😠😠,ofensivo,hatebr
hatebr_1246,"Quem falou isso nunca foi e e nunca será um homem, não passa de um rato de esgoto, safado, que joga baixo, como todos da esquerda, e nao importa de qué lado ele é, se de directa ou esquerda, a ofença e o crime continua siendo o mesmo, afina se isso fosse sito contra esses imundos comunistas, pois eles TEM o total direito de ofender quem quer que seja, mas jamais podem ser ofendidos.",ofensivo,hatebr
hatebr_1247,"Esse safado tem que responder por isso em justiça, ou então na porrada sendo pegue nas ruas.",ofensivo,hatebr
hatebr_1248,"Essa nossa imprensa, me dá asco!",ofensivo,hatebr
hatebr_1249,Imprensa imunda 🤦🏻‍♀️,ofensivo,hatebr
hatebr_1250,Coloca esse jornalista dentro dessa cadeia.,ofensivo,hatebr
hatebr_1251,"E as feministas mal amadas ? Defendem interesses, não a mulher, a irmã. Falsas ❗️",ofensivo,hatebr
hatebr_1252,Eu só digo a Sra e maior que esses idiotas fique em paz seu coraçăo é puro,ofensivo,hatebr
hatebr_1253,Ridículo estes jornalistas pervertidos. Processo neles Ministra.,ofensivo,hatebr
hatebr_1254,"Essa imprensa suja e nojenta, criminosa, estamos fartos disso.",ofensivo,hatebr
hatebr_1255,Canalhas mil vezes 🤮,ofensivo,hatebr
hatebr_1256,"@cartacapital é um lixo, não serve nem para usar como jornal para meu cachorro fazer xixi. 🤮🤮🤮",ofensivo,hatebr
hatebr_1257,Tem que processar esses vagabundos. Não pode ficar só no embate. É processo e pronto,ofensivo,hatebr
hatebr_1258,Marginal safado🇧🇷🇧🇷,ofensivo,hatebr
hatebr_1259,Processo nesses nojentos! #somostodosdamares,ofensivo,hatebr
hatebr_1260,Essa revista é de quinta categoria. Não serve nem pra fazer fogueira.,ofensivo,hatebr
hatebr_1261,"Temos uma imprensa podre, jornalistas doentes mentais e sem capacidade de exercer e escrever artigos, uma vergonha, próprios jornalistas ficarem contra seu próprio país.",ofensivo,hatebr
hatebr_1262,"Revistas de políticas brasileiras tipo a carta capital são uma vergonha nacional, lixo puro.",ofensivo,hatebr
hatebr_1263,Nossa muito triste e estúpido temos q nos unir contra esses covardes 👏👏👏,ofensivo,hatebr
hatebr_1264,"Parece que se a mulher é de direita ela não merece ser respeitada segundo jornais de Esquerda, pois não hesitaram nem um minuto em massacrar a mulher",ofensivo,hatebr
hatebr_1265,"🇧🇷Isso não é um jornalista, muito menos o homem, mas sim um Cafajeste, um crápula, um bicho ruim de chifre, rabo e garfo na pata, um ABUTRE com um microfone na mão. Acho que nem a mãe dele ele respeita como mulher. Quanto mais senhora !",ofensivo,hatebr
hatebr_1266,"Aos idiotas, O SILÊNCIO!",ofensivo,hatebr
hatebr_1267,"Pro essa esse ordinário,pois deve ser acostumado a agredir as mulheres ,e nao to falando so de direita não,são todas as mulheres em geral,ou as de eskerda axam qe só tem mulher de direira?qe so mulheres de direita sofrem agressão?ele é um monstros disfarçado de jornalista,imagino oqe nao fala pra esposa(o)/namorada(o) seja la oqe for..espero qe nenhuma amiga ou familiar desse cidadão passe ou tenha passado por isso..",ofensivo,hatebr
hatebr_1268,Misericórdia quem foi esse monstro que escreveu isso um ser podre dessa tem que ser preso retirado urgente da sociedade isso é um monstro,ofensivo,hatebr
hatebr_1269,É um canalha tem que pagar por isso!,ofensivo,hatebr
hatebr_1270,"E os esquerdopatas! Chamam essa mulher de maluca, com certeza é inveja.",ofensivo,hatebr
hatebr_1271,#SOMOSTODOSDAMARES TJM ESSE CARA EU QUE é COLEGA POIS SE ELE FALA COM A SRA OU MELHOR ESCREVE MERECE MUITA PORRADA CADEIA PRA ELE SER ESTRUPADO POR UM MONTE DE CARA LÁ DENTRO,ofensivo,hatebr
hatebr_1272,Jornalistas podres👏👏👏👏🇧🇷🇧🇷🇧🇷 #somostodosdanares💓💓💓❤️,ofensivo,hatebr
hatebr_1273,Isso é um endemoniado dos infernos,ofensivo,hatebr
hatebr_1274,Eu não consigo acreditar que a canalhice deles atingiu níveis tão grandes 😓,ofensivo,hatebr
hatebr_1275,"Essa imprensa imunda precisa ser varrida desse país, e isso está nas nossas mãos.",ofensivo,hatebr
hatebr_1276,Gente esse cara deve envergonhar até o Satanás.,ofensivo,hatebr
hatebr_1277,Palavras de um CANALHA,ofensivo,hatebr
hatebr_1278,Amada Damares coloca o nome deste maldito que assim podemos saber quem o monstro!!! Mas também ele que vá pro inferno !! O IMPORTANTE É QUE NÓS ESTAMOS COM A SENHORA!!!!! GRANDE MINISTRA DAMARES!!!! A cada dia que passa mais Apaixonada pelo Nosso Presidente Bolsonaro e sua Equipe!!!!!🇧🇷❤️😍,ofensivo,hatebr
hatebr_1279,Nojo desta imprensa!,ofensivo,hatebr
hatebr_1280,Ainda tem gente que defende um ser insignificante que escreve algo assim. #somostodosdamares. Esse energúmeno só possui merda na cabeça 😡,ofensivo,hatebr
hatebr_1281,"Um absurdo o que esse porco disse!!! Tenta colocar seu posicionamento com palavras inacessível à maioria das pessoas seus pensamentos inapropriados, agressivos e tóxicos. É um porco, irresponsável e intolerante.",ofensivo,hatebr
hatebr_1282,#cartacapitallixo #cartacapitallixo,ofensivo,hatebr
hatebr_1283,"Esse que falou tal imbecilidade a nossa amável ministra, não merece perdão",ofensivo,hatebr
hatebr_1284,"São as HIENAS carregadas de perversidade e sem nenhum respeito por pela dor dos outros. Não passam de lixos! Não merecem se quer,um segundo de atenção. Tamo com a senhora,ministra! Estamos do teu lado sempre. 🙏",ofensivo,hatebr
hatebr_1285,"Esse tal que falou tamanha asneira a nossa amável ministra, não é um homem e sim animal! Que Deus te abençoe nessa grande missão!",ofensivo,hatebr
hatebr_1286,A pessoa que escreveu isso é um ser em trevas. Jesus tenha piedade desse ser que um dia vai chorar lágrimas de arrependimento.,ofensivo,hatebr
hatebr_1287,"Muito triste ver uma pessoa,que desempenha seu trabalho com garra ,coragem e muito profissionalismo,ser atacada dessa maneira!Será que,essa figura torpe,que se diz jornalista,não pensou que atacando uma mulher,com palavras tão desprezíveis,estava atacando todas!Como diz à Ministra Damares,é ridículo,é feio,é chocante!Muda Brasil!🇧🇷🇧🇷🇧🇷🇧🇷",ofensivo,hatebr
hatebr_1288,"Carta Capital!!!! É lixo!! Escrotos, Mal Amados, Vagabundos, Ordinários, Salafrários, Dementes, Demônios...e ficaria o dia todo escrevendo sobre vcs seus fdps #cartacapitallixo",ofensivo,hatebr
hatebr_1289,"Eu me pergunto: por que não processam e tornam a vida destas publicações um inferno ? Isso é um absurdo regular ! A senhora tem direito a defesa, ministra ! Pese e enquadre esse marginal na lei que ampara a mulher. Agora ...se não fizer nada, a gente vai ficar passando raiva e se solidarizando com a senhora e vai acabar aí. O imbecil vai acabar saindo vitorioso por que nada lhe aconteceu. Isso é impunidade ! Deus a abençoe e a fortaleça.",ofensivo,hatebr
hatebr_1290,"Repugnante essa #ImprensaLixo #MidiaLixo 😤😤 isso não pode ficar assim, se trata de um ataque pessoal... a Ministra!",ofensivo,hatebr
hatebr_1291,Mal feitores vão queimar no zinfa dos infernos 😈raças de viboras,ofensivo,hatebr
hatebr_1292,"Gente pelo amor de Deus,cadê as feministas que só serve pra colocar os peito de fora,porque a ministra não denuncia esse jornalista,ele a ofendeu profundamente,na verdade ele ofendeu nos mulheres,que absurdo como um homem pode falE isso pra uma mulher,ministra,se não começar a denunciar esses lixos,eles vão achar que pode tudo,eu me senti agredida com o que esse Leco escreveu.",ofensivo,hatebr
hatebr_1293,que horror! cadeia é pouco pra esse canalha!,ofensivo,hatebr
hatebr_1294,#midialuxo nojo dessa imprensa nacional,ofensivo,hatebr
hatebr_1295,M I S E R Á V E I S. Vão pagar muito bem... a hora de cada um vai chegar. #somoatodosdamares,ofensivo,hatebr
hatebr_1296,Puta merda... como são covardes! Tem que ser muito forte pra aguentar isso!😢 Essas pessoas não valem nada... Força ministra!,ofensivo,hatebr
hatebr_1297,Quem escreveu isso contra a ministra é uma verdadeira bicha enrustida um tremendo cortador de madeira pelo furico 💩💩💩,ofensivo,hatebr
hatebr_1298,Tem que pegar o cara que escreveu essa matéria a dar um taca nesse verme. Bater nele até ele perder o caminho de casa. Prender ele na cadeia e quando soltar ele lá dizer que ele estuprador aí ele vai aprender a dar valor.,ofensivo,hatebr
hatebr_1299,Minha solidariedade a essa mulher guerreira que me representa como cidadão! #cartacapitallixo,ofensivo,hatebr
hatebr_1300,Essa é a mesma mente de um canalha chamado lula. É assim que ele ver uma mulher,ofensivo,hatebr
hatebr_1301,"Liga Ministra a Senhora tem a admiração e respeito dos brasileiros de bem, processa este crápula nojento 🤮🤮🤮🤮🤮",ofensivo,hatebr
hatebr_1302,Meu DEUS que horror... Esses esquerdopatas não sabem o que é RESPEITO.,ofensivo,hatebr
hatebr_1303,Que nojo ver esse cachaceiro falar,ofensivo,hatebr
hatebr_1304,Tem q prender logo esse marginal,ofensivo,hatebr
hatebr_1305,Louco de pedra. Tem que voltar pra cadeia URGENTE.,ofensivo,hatebr
hatebr_1306,Lula você é um agitador você tem que ser preso novamente o quato antes,ofensivo,hatebr
hatebr_1307,Com o pode este criminosso vagabundo ainda não está presso,ofensivo,hatebr
hatebr_1308,É um canalha esse Lula,ofensivo,hatebr
hatebr_1309,🐭 rato descarado 🐭🐭🐭,ofensivo,hatebr
hatebr_1310,Nós é que não vamos desistir. Vamos continuar nossa luta. Essa corja nunca mais vai ter o governo nas garras. Desistir jamais!!! 🇧🇷,ofensivo,hatebr
hatebr_1311,"Num primeiro momento eu fiquei triste com a liberdade do molusco, mas agora vendo isso fico feliz pois o povo brasileiro vai entender o que representa este partido. Um líder que pede a violência! Que chama um herói nacional de bandido. Enfim, o tempo irá dizer. Molusco se arrenda diante de Deus, só ele tem poder para salvar sua alma.",ofensivo,hatebr
hatebr_1312,"Bandido corrupto pensando dar lição de moral com sua imoralidade, verdadeira desgraça para a humanidade. Acorda pequena parcela de cegos e surdos que não enxergam a realidade. Segue firme nosso Presidente Bolsonaro.",ofensivo,hatebr
hatebr_1313,A única coisa que o lula irá provar ..é como se apodrece na cadeia estando milionário de tanto roubar o povo. 🇧🇷🇧🇷🇧🇷🇧🇷🇧🇷,ofensivo,hatebr
hatebr_1314,Governo de milícia 🍊,ofensivo,hatebr
hatebr_1315,Lulalixo da nojo de ouvir esse cara😁😁,ofensivo,hatebr
hatebr_1316,"Este cara é um escroto, a besta fera em pessoa",ofensivo,hatebr
hatebr_1317,MEU DEUS!!!!! ESSE VERME TEM QUE SER CALAFO.,ofensivo,hatebr
hatebr_1318,"Essa besta humana é o câncer do País, tem q voltar p jaula, urgentemente! E viva o Presidente Bolsonaro 🇧🇷😎🙏",ofensivo,hatebr
hatebr_1319,Segura o velho que ele tá vedado.,ofensivo,hatebr
hatebr_1320,"Lulaladrão NAO me impressiona, mas esses HaddadS todos com conhecimento e estudo ouvir essas boboseiras e apoiar é de dar nojo!!! 🤑",ofensivo,hatebr
hatebr_1321,Sou Bolsonaro e nao abro mão nunca. Você é im bêbedo e presidiário solto Sr Lula lavagem cerebral dos pobres de espírito. 😡,ofensivo,hatebr
hatebr_1322,Somos todos Brasil! Lula aqui não tem vez! Psicopata,ofensivo,hatebr
hatebr_1323,Psicopata cara de pau Usa as pessoas carentes pra roubar a nação,ofensivo,hatebr
hatebr_1324,Como pode ser tão canalha esse Lula,ofensivo,hatebr
hatebr_1325,"Idiota, luladrao, lula na prisão",ofensivo,hatebr
hatebr_1326,"Continua a ser o canalha terrorista de sempreSe tivessem colocado esse molusco numa prisão comum, duvido que estaria tão o mesmo👹👹",ofensivo,hatebr
hatebr_1327,"Incitando o ódio a guerra ,vandalismo😒",ofensivo,hatebr
hatebr_1328,"Esse Lula é um doido, não consigo entender que tem gente que ainda da crédito.",ofensivo,hatebr
hatebr_1329,"Louco, louco. Prendam esse desequilibrado comunista",ofensivo,hatebr
hatebr_1330,Lula canalha,ofensivo,hatebr
hatebr_1331,"Esse ta precisando ser internado , isso não é normal ..lixo",ofensivo,hatebr
hatebr_1332,Esse carniça 💩👿 podre 💩💩 🐍🐭🦑🚓🚓🚓🚓 essa praga tem fome de poder e dinheiro público roubado.,ofensivo,hatebr
hatebr_1333,"E se eles fizerem isso conseguem, porque do outro lado escuta tudo com medinho. Bando de bunda mole!!!!!",ofensivo,hatebr
hatebr_1334,Trancafia esse baderneiro de novo.,ofensivo,hatebr
hatebr_1335,"É só isto que ele faz o discurso , é um cretino ladrão corrupto 🤮🤮🤮👎",ofensivo,hatebr
hatebr_1336,"Esses esquerdopatas estão amarrados, amordaçados; estão vencidos e destruídos em Nome dO Senhor JESUS CRISTO 🙏AMÉM E AMÉM 🙏",ofensivo,hatebr
hatebr_1337,Esse cara tinha q estar preso em presídio d segurança máxima(sem internet) p não falar m.... 😡🤬,ofensivo,hatebr
hatebr_1338,Esse homem está louco,ofensivo,hatebr
hatebr_1339,"Nunca deveriam ter soltado esse marginal , inimigo da pátria",ofensivo,hatebr
hatebr_1340,Lula vagabundo e bandido !!!,ofensivo,hatebr
hatebr_1341,Estamos juntos contra esse homem inútil e baderneiro.,ofensivo,hatebr
hatebr_1342,Cara vagabundo !!😡😡😡😡,ofensivo,hatebr
hatebr_1343,"E o Aras? Até agora só demonstrou ser petista defensor do Toffoli é Lula livre. Bolsonaro, tire esse cara da PGR, pois é traíra do povo. 👉👉👉👉",ofensivo,hatebr
hatebr_1344,Até quando vamos aguentar esse ladrão solto incitando o terror !,ofensivo,hatebr
hatebr_1345,Velho comunista safado,ofensivo,hatebr
hatebr_1346,O cara é o tempo todo excitando a violência acabou de sair da cadeia o tempo todo em palanque fazendo política mas o bom que a confiança no bolsonaro está cada dia aumentando,ofensivo,hatebr
hatebr_1347,"Não entendo. Por que não o prenderam imediatamente por incitação à violência? Quanto mais tempo ele passar livre, pior para a Nação!",ofensivo,hatebr
hatebr_1348,"Esse verme do lula é um monstro,quem é ele pra ousar a pronunciar o nome do Juiz @sergiomoroo @jairmessiasbolsonaro @rosangelawmoro verme ele só quer discórdia,guerra,sangue..Quando esse verme,rato de esgoto volta pro lugar que ele tem que apodrecer..Isso solto é um perigo pra sociedade..",ofensivo,hatebr
hatebr_1349,Esse ser deve voltar para a cadeia por incitar a violência. Ele é toda cambada dele,ofensivo,hatebr
hatebr_1350,O pior do mundo e o mestrado em economia de milho.,ofensivo,hatebr
hatebr_1351,Tem que voltar para a cadeia ir para a cela e perder a chave.,ofensivo,hatebr
hatebr_1352,Bandido NOJENTO asqueroso.,ofensivo,hatebr
hatebr_1353,"Agora vc me diz, esse velho filho da puta quer lutar pelo que? Se as coisas estão começando a andar.",ofensivo,hatebr
hatebr_1354,"ESSE CANALHA SAI DA CADEIA E EM MENOS DE 10 MINUTOS DESPEJA SEU ÓDIO, SUA AGRESSÃO E CONVIDA SEUS SEGUIDORES A ATACAR? O GOVERNO PRECISA SER MAIS RIGOROSOCOM ESSE VAGABUNDO. NESSA SUA SAIDINHA NÃO REPAREI A PRESENÇA DOS SEUS FILHOS PARA RECEPCIONÁ-LO.",ofensivo,hatebr
hatebr_1355,"Se esse canalha quer luta, que venha lutar pra ver se nós somos o povo passivo do Chile e da Argentina... Ele verá quero verdadeiro filho do Brasil não foge a luta! Tenho nojo até de ver imagens dele. Vagabundo. Ladrão!",ofensivo,hatebr
hatebr_1356,Que absurdo. É muita petulância desse presidiário.,ofensivo,hatebr
hatebr_1357,Criminosos. ( pode vir eu estou pronto).,ofensivo,hatebr
hatebr_1358,"Ele deve ser preso por incitação a violência , bandido",ofensivo,hatebr
hatebr_1359,"Canalha,bandido falando em recuperar um país que ele destruiu,e alguns idiotas gritando,deve estar bêbado já.....",ofensivo,hatebr
hatebr_1360,MISERAVEL E ISSO QUE ELE.QUE GUERRA SIVIL.NO BRASIL .TEM QUE FICAR PRESO ESSE INFELIZ.,ofensivo,hatebr
hatebr_1361,Estamos juntos contra esse bandido terrorista,ofensivo,hatebr
hatebr_1362,"e ninguém faz nada com esse crápula, estou indignada!",ofensivo,hatebr
hatebr_1363,Ladrão Fdp,ofensivo,hatebr
hatebr_1364,"ESSE VERME ENGANA OS JUMENTOS,E MENTE QUANDO CITA A BOLIVIA,POIS LA,É O MESMO POVO DE BEM QUE NÃO AGUENTAVA MAIS O AMIGUINHO DELE FERRANDO COM A NAÇÃO. MAIS UM MOTIVO PARA O POVO BRASILEIRO E O EXEECITO CRIAREM VERGONHA NA CARA E TOMAR-MOS UMA ATITUDE CONTRA ESSES LIXOS.",ofensivo,hatebr
hatebr_1365,Se acontecer o que esse marginal quer culpa dos safados do stf,ofensivo,hatebr
hatebr_1366,"A população do bem sempre vai prevalecer a esses PETRalhas,se forem fazer baderna vamos responder à altura",ofensivo,hatebr
hatebr_1367,Infelizmente aínda existem pessoas cegas que não enxergam a verdade e querem que esse crápula volte ao poder pra terminar de destruir o país porque o que ele já fez não foi suficiente pra eles acordar glória a Deus pela vida só Bolsonaro que ele conserve o com muita saúde pra que cada dia mais ele mude essa trajetória do país,ofensivo,hatebr
hatebr_1368,Cadeia nesse verme!,ofensivo,hatebr
hatebr_1369,Amém que Deus cubra de bençãos vcs e que dê dicertimento pra poder lidar com todas essas afronta dos esquerdista.,ofensivo,hatebr
hatebr_1370,Esse vídeo e imundo,ofensivo,hatebr
hatebr_1371,Eu não aguento mais olhar essa cara lavada do luladrão,ofensivo,hatebr
hatebr_1372,Bandido!! 👹 Deus nós livre desse capeta em carne e osso.,ofensivo,hatebr
hatebr_1373,Esse bandido tem que voltar é pra cadeia😡😠,ofensivo,hatebr
hatebr_1374,Esse lixo... Um verdadeiro canalha...,ofensivo,hatebr
hatebr_1375,Como é que pode um cara desses falando do juiz Moro? Falta de respeito. Devia criar vergonha na cara,ofensivo,hatebr
hatebr_1376,"Leva ele pra junto do Adélio , está louco kkkkkk",ofensivo,hatebr
hatebr_1377,Interna ele junto com o Adélio está louco 🤣🤣🤣🤣🤣,ofensivo,hatebr
hatebr_1378,"E ainda por cima é rebelde, frustado, revoltado, isso é as piores qualidades de um ser humano Deus tem misericórdia de nós.🙌🙌",ofensivo,hatebr
hatebr_1379,Filhos de uma amada e bem aventurada; incentivando a desordem e o caos... mandar o Adélio botar chumbinho na cachaça que ele toma!,ofensivo,hatebr
hatebr_1380,Isso é incitar o ódio devia ser preso só poriço,ofensivo,hatebr
hatebr_1381,Abatam esse verme!,ofensivo,hatebr
hatebr_1382,"PT VERGONHA MUNDIAL! TENHO VERGONHA DE TER TUDO UM PRESIDENTE LIXO COMO ESSE CARA CHAMADO LULA, NÃO RESPEITA NINGUÉM É NÃO MERECE NOSSO RESPEITO! É APENAS UM CONDENADO EM LIBERDADE PROVISÓRIA! #LULAVOLTAPTACADEIA",ofensivo,hatebr
hatebr_1383,Devia ser preso novamente esse bandido ao falar isso!,ofensivo,hatebr
hatebr_1384,Vagabundo! Déspota! Demiurgo!,ofensivo,hatebr
hatebr_1385,"Deus seja com todos que repudiam essas atitudes satânicas, esses adoradores do diabo não diminarão nunca mais a nossa nação, aqui se levantou um povo que ama a Deus acima de tudo e o Brasil acima de todos!!!",ofensivo,hatebr
hatebr_1386,"Lula, foda-se.",ofensivo,hatebr
hatebr_1387,Que maldito esse ser...😬😤#somostodosbolsonaro.,ofensivo,hatebr
hatebr_1388,"Esse terrorista é problemático e não sabe o que diz,mas, faz merda que é um campeão.Nojento....",ofensivo,hatebr
hatebr_1389,Essa criança não significa nada. Esse assunto é secundário. O assunto mais importante da humanidade é como acabar com a CORRUPÇÃO.,ofensivo,hatebr
hatebr_1390,"@jamesson634 aí vc vai ver quem crítica o Haddad; gente pobrinha, que defende gente rica, que cagou literalmente para os pobres e os s pontinhos",ofensivo,hatebr
hatebr_1391,Esse criminoso é uma aberração.,ofensivo,hatebr
hatebr_1392,"Temos que calar a boca deste idiota, sai fora idiota vc tá procurando e vai achar.",ofensivo,hatebr
hatebr_1393,"Esse lula é um demônio,tem que ser preso novamente 🤮🤮🤮🤮🤮🤮🤮🤮🤮🤮",ofensivo,hatebr
hatebr_1394,"Povo deveria resistir mesmo , fazer igual Chile botar fogo no luladrão STF na corrupção seria ótimo começando por eles que é patrimônio de bosta!😂😂😂😎😎🇧🇷 ele.quer joga ele na Paulista",ofensivo,hatebr
hatebr_1395,Larápio canalha,ofensivo,hatebr
hatebr_1396,Esse maldito deve ser preso,ofensivo,hatebr
hatebr_1397,Esse verme tem que voltar prá cadeia!!!,ofensivo,hatebr
hatebr_1398,"Esse Lula é um canalha, bandido, corrupto e falastrão! Tristesa ver um povo iludido sendo enganado por este verme! Porquê não prendem ele de novo por incitação a violência? Por calúnia e difamação de um Ministro Integro como o Moro? Tem que haver uma forma de levar esse bandido de volta pra cadeia!",ofensivo,hatebr
hatebr_1399,"Incitação do ódio, muito típico de vagabundos como Lula e Maduro. Como sempre nada mudou, devia ter ficado encarcerado em uma penitenciária comum, pois não tem né",ofensivo,hatebr
hatebr_1400,"Jamais desistir! Este país é nosso. Este canalha convoca abertamente os marginais para apoiá-lo em uma revolução, quando diz que não suporta ver a polícia oprimir jovens que roubam celulares. Que tamanho absurdo! O Brasil vai crescer e ser uma grande potência mundial.",ofensivo,hatebr
hatebr_1401,Nessa hora a mão que segura o porrete chega treme,ofensivo,hatebr
hatebr_1402,Devia ter vergonha em falar a palavra honra,ofensivo,hatebr
hatebr_1403,Nojo desse bandido,ofensivo,hatebr
hatebr_1404,O ladrão do Lula quer fazer do nosso país o q Stálin fez com a antiga URSS. 54 anos no poder. Não vamos permitir! Estamos com Bolsonaro!,ofensivo,hatebr
hatebr_1405,Canalha.. Bandido.. quer ver sangue de irmãos brasileiros.. para satisfazer seu ego .. Bandido.,ofensivo,hatebr
hatebr_1406,Esse homem é diabólico,ofensivo,hatebr
hatebr_1407,Que nojo dessa ladrao!,ofensivo,hatebr
hatebr_1408,#stféumavergonhanacional,ofensivo,hatebr
hatebr_1409,"Esse cara deveria estar preso, ele vai da trabalho estando solto ,pois ele é um bandido perigoso, com certeza irá tentar fazer igual no Chile. Cuidado isso e cobra venenosa.",ofensivo,hatebr
hatebr_1410,"Que bandido ousado. Imagina se Bolsonaro falasse uma barbaridade dessas a esquerdalha burra caia de pau, mas foi o jumento que incitou a baderna eles aplaudem , porque tal pai ou seja , tal jericó tal os seguidores.",ofensivo,hatebr
hatebr_1411,Não vale apena ver este marginal e repúdio o que ele fale o lugar dele é a penitenciária.,ofensivo,hatebr
hatebr_1412,Apenas um bêbado falando!,ofensivo,hatebr
hatebr_1413,Tem que acabar com este verme e expulsar comunistas,ofensivo,hatebr
hatebr_1414,"Esse filho da puta quer é uma guerra no Brasil,esse cara é um psicopata tem que prender esse crápula,isso é um perigo pra sociedade brasileira",ofensivo,hatebr
hatebr_1415,"Esse que é o bandido ladrão do Lula é terrorista que quer conseguir o PODER na marra, isso foi que esse maldito STF fez com o nosso Brasil. E tem mais uma coisa que esse STF está recebendo ordem do maldito PT, porque a maioria dos Ministros são PETISTAS e seu Presidente foi advogado do PT.",ofensivo,hatebr
hatebr_1416,"Presidente manda este traste para Chile,nao queremos o Lula mais aqui já estamos cansados dele.",ofensivo,hatebr
hatebr_1417,Esse bandido devia ser fuzilado,ofensivo,hatebr
hatebr_1418,Esse bosta tem q voltar pra cadeia já!,ofensivo,hatebr
hatebr_1419,Canalha comunista,ofensivo,hatebr
hatebr_1420,"Lula é um criminoso de corpo, alma e espírito. É um homem demoníaco!!!!!",ofensivo,hatebr
hatebr_1421,Lula lixo 🗑,ofensivo,hatebr
hatebr_1422,esse cara tá desequilibrado lulalouco,ofensivo,hatebr
hatebr_1423,Luladrão ! Canalha!,ofensivo,hatebr
hatebr_1424,"Deus nós acuda, este Lula só incentiva o que é ruim, que homem nojento",ofensivo,hatebr
hatebr_1425,"Deus onrre nosso governo. E parabéns pela perseverança, nunca desista do Brasil estamos com vocês, o Brasil precisa de pessos de coragem para enfrentar o militantes vermelho.",ofensivo,hatebr
hatebr_1426,"Como pode, esse verme, estar solto???",ofensivo,hatebr
hatebr_1427,Esse é incendiário,ofensivo,hatebr
hatebr_1428,Recuperar o país???? Logo ele que o detonou?!!! Anti Cristo!!!,ofensivo,hatebr
hatebr_1429,Sérgio Moro..mande prender esse canalha ele está fazendo incitação a violência,ofensivo,hatebr
hatebr_1430,Este vagabundo so saiu da cadeia pra cair e vomtar pra lá de vez!,ofensivo,hatebr
hatebr_1431,Sério isso .... Ele é doido,ofensivo,hatebr
hatebr_1432,Vagabundo criminoso,ofensivo,hatebr
hatebr_1433,Deus nos livre dos psicopatas,ofensivo,hatebr
hatebr_1434,Como pode ter idiotas escutando esse corrupto do PT?,ofensivo,hatebr
hatebr_1435,"Cara de pau ! não desiste de atormentar o brasileiros , sai em nome de jesus👑 😍",ofensivo,hatebr
hatebr_1436,Vermelha tá a bunda desses vermes !!!!!!,ofensivo,hatebr
hatebr_1437,Excremento! Escória!,ofensivo,hatebr
hatebr_1438,Uma desgraça dessa incitando o ódio,ofensivo,hatebr
hatebr_1439,Ninguém vai calar essa imundice?,ofensivo,hatebr
hatebr_1440,Este criminoso tem que voltar prisão 😱😱,ofensivo,hatebr
hatebr_1441,▪DE QUE HONRA ÊSSE MERD...ESTÁ FALANDO!???,ofensivo,hatebr
hatebr_1442,SEGURANÇA NACIONAL JÁ PRA PRENDER ESSE TERRORISTA!!! 👊🇧🇷,ofensivo,hatebr
hatebr_1443,Filho da puta vagabundo!,ofensivo,hatebr
hatebr_1444,"Vagabundo, safado! ...incentivando o vandalismo. 😡",ofensivo,hatebr
hatebr_1445,"Se tiver que lutar pelo futuro dos meus filhos e a melhoria do meu país , eu volto para as forças armadas sem salário e ajudo a combater a esquerdalha. #lulaterroristanacadeia",ofensivo,hatebr
hatebr_1446,Tu ta doído rato,ofensivo,hatebr
hatebr_1447,"Que nojo dessa gentalha da esquerda, são o submundo do mal!!😡",ofensivo,hatebr
hatebr_1448,"INCENTIVADO À GUERRA, VOLTA ESSE HOMEM PARA CADEIA. DEMÔNIO CHEFE 😝😝",ofensivo,hatebr
hatebr_1449,Velho maluco tem que botar para a cadeia.,ofensivo,hatebr
hatebr_1450,Esse terrorista tem que voltar pra CADEIA.,ofensivo,hatebr
hatebr_1451,Lula desgraçado,ofensivo,hatebr
hatebr_1452,Esse CANALHA já devia ter voltado para a cadeia de segurança máxima.,ofensivo,hatebr
hatebr_1453,Esse verme tem que ir preso de verdade. Ele está tentando fazer uma revolução em nosso país. Não é possível que ninguém está vendo isso....😡💪🏼,ofensivo,hatebr
hatebr_1454,Esse Lula é retardado,ofensivo,hatebr
hatebr_1455,"Cretino este homem. Ele é do mal, cada dia mais tem provado isso. Mas Deus é Senhor, e há de dar a vitória a quem O segue! #bolsonaro",ofensivo,hatebr
hatebr_1456,Moro coloca este bandido na cadeia por favor . Cadê os filhos dele que não apareceu pra encontrar o pai ?🤡🤡🤡🤡,ofensivo,hatebr
hatebr_1457,Na cadeia se fazia de coitadinho e abaixava a cabeça. Agora... Voltou o Lula Raiz. Medo desta turma hein?!,ofensivo,hatebr
hatebr_1458,"Esse velho maldito tem que voltar pra cadeia, lá é o lugar desse safado.",ofensivo,hatebr
hatebr_1459,"Deus, que nus livra desse demônio do Lula, lulárapio e na cadeia",ofensivo,hatebr
hatebr_1460,"Não consigo ouvir a voz deste lula,repúdio total da cara dele e voz dele😡😡😡😡",ofensivo,hatebr
hatebr_1461,"A gente tem que enforcar esse marginal em praça pública para que sirva de exemplo aos seus seguidores, esse sujeito além de marginal é terrorista !!!",ofensivo,hatebr
hatebr_1462,Esse homem é o demônio,ofensivo,hatebr
hatebr_1463,Esse lula e um merda,ofensivo,hatebr
hatebr_1464,Vagabundo desordeiro!,ofensivo,hatebr
hatebr_1465,Condenado cale sua boca,ofensivo,hatebr
hatebr_1466,Esse Lula tá mostrando a cara esse bandido @lulaoficial,ofensivo,hatebr
hatebr_1467,"Foi prá isso quê o Lula ladrão foi solto?? Quê vergonha, Brasil..",ofensivo,hatebr
hatebr_1468,"""A gente recuperar esse país"" ele quer dizer a corja Ptralha né? vão abrir as portas da cadeia pra tirar os outros ?e arquivar processos e investigações sobre os q estão soltos?inocente ou BURRO vc hein Lula ,acha que o cidadão de bem vai aceitar VCs de volta no poder ???#ptnunca #LULAFICHASUJA #STFVERGONHANACIONAL #nojo de quem idolatra BANDIDO",ofensivo,hatebr
hatebr_1469,Picareta vai pro inferno verme nojento 🤮🤮🤮🤮🤮🤮🤮🤮🤮🤮,ofensivo,hatebr
hatebr_1470,LULA é ladrão.,ofensivo,hatebr
hatebr_1471,Põe ele pra fora do Brasil,ofensivo,hatebr
hatebr_1472,"Luladrao incentivando a violência,absurdo em sortear esse lixo",ofensivo,hatebr
hatebr_1473,Isss aí @bolsonarosp 👏👏👏👏(Carniça humana!!!!! Lula)!!!!!,ofensivo,hatebr
hatebr_1474,Tem que prender por incitação a violência.,ofensivo,hatebr
hatebr_1475,Prenda esse bandido,ofensivo,hatebr
hatebr_1476,Lula é um vagabundo safado,ofensivo,hatebr
hatebr_1477,Não vou acionar o áudio porque não aguento a voz e o conteúdo dito pelo carniça.,ofensivo,hatebr
hatebr_1478,Tem q voltar pra cadeia de onde não deveria ter saído. É uma ameaça para o 🇧🇷,ofensivo,hatebr
hatebr_1479,Filho do diabo,ofensivo,hatebr
hatebr_1480,Essa porra eh o diabo,ofensivo,hatebr
hatebr_1481,Sem palavras pra esse canalha que quer provocar a baderna 😡😡😡,ofensivo,hatebr
hatebr_1482,Esse 💩tem que provar é a sua inocência (não tem como provar) e não atacar o Moro.,ofensivo,hatebr
hatebr_1483,O bom é saber que ele esta com 74 anos e em breve capota.,ofensivo,hatebr
hatebr_1484,Este canalha estar livre é uma vergonha.,ofensivo,hatebr
hatebr_1485,Loucos adorando e idolatrando um loco..... Affff....quanta tolice e cegueira desse povo. Muito triste...😔😢😭 Acorda BRASIL! 🇧🇷💚💛💙 Estamos sobre Nova Direção. Brasil Acima de Tudo e Deus Acima de Todos❣️ 🤗🙏🏻🙌🏼🙌🏼,ofensivo,hatebr
hatebr_1486,Tá repreendido seu Lula demônio.,ofensivo,hatebr
hatebr_1487,É uma questão de honra cortar a cabeça dessas cobras . Olho por olho! Dente por dente!!! Não se pode aceitar traição e roubo nesse país..…,ofensivo,hatebr
hatebr_1488,Diabo em pessoa esse ladrão safado,ofensivo,hatebr
hatebr_1489,"Deus da misericórdia, livrai-nos desse mal!!! Eu não mereço nem ouvir a voz dele. Senhor tende piedade de nós!!!O cara enlouqueceu, a sede de poder dele, já matou muita gente!!!",ofensivo,hatebr
hatebr_1490,ESTE CANALHA NÃO PODE FICAR SOLTO .GRAÇAS A ESTE STF COMPOSTO PORINCOMPETENTES METADE COM RABO PRESO A DEFENDER BANDIDOD Q PODEM AGREDIR DOM FRASES TERRIVEIS NOSSO PRESIDENTE E SEUS MINISTROS INCLUSIVE ESTE BEBADO DECREPTO AGRIDE O MINISTRO MORO COM PALAVROES NÃO ACONTECE NADA MAIS DAÍ A INVESTIGAR MINISTRO DO STF. NAO PODE. Q DEMOCRACIA É ETA?,ofensivo,hatebr
hatebr_1491,Mete bala nesses bandidos ! To com com vcs 🤜🏻🤛🏻,ofensivo,hatebr
hatebr_1492,"Pra tinha que emudecer esse canalha ladrao safado, tem que lavar isso que ele chama de boca pra falar de. Moro",ofensivo,hatebr
hatebr_1493,"Um condenado chamando ministro desta palavra tão ofensiva, ao meu ver já deveria estar preso por desacato a autoridades e muitas outras coisas !!! #demonionacadeia",ofensivo,hatebr
hatebr_1494,Como me espanta esse Bandido poder falar desse jeito de uma autoridade e nada ser feito contra ele ???? Pq essa blindagem ao Lula ????,ofensivo,hatebr
hatebr_1495,Esse calhorda nunca mais terá a força que nosso Brasil tem hoje 👏🏻👏🏻👏🏻👏🏻,ofensivo,hatebr
hatebr_1496,"Quem vai dar lado para imundice dessa,🤮🤮🤮",ofensivo,hatebr
hatebr_1497,Louco...psicopata...sem noção....seu lugar eh atrás das grades...inflamando o povo rebelde contra a nação.... porque vocês não vão morar no vou ME.. .na Bolívia.. .em Cuba.. .como militantes despatriados?,ofensivo,hatebr
hatebr_1498,"Esse desgraçado incentivando guerra civil. Exército fica de olho, bandidos tem q está na cadeia. Esse partido sempre incentivou guerrilhas, são uns, pilantras miseráveis.",ofensivo,hatebr
hatebr_1499,Não consigo entender...o porque que esse homem zomba na cara da justiça e dos brasileiros do jeito que ele faz....dá nojo esse tipo🤮🤮🤮🤮🤮🤮🤮🤮🤮🤮🤮🤮🤮🤮homem irritante...sem noção esse lula ladrão,ofensivo,hatebr
hatebr_1500,"Ainda bem, q esses bandidos não estão mais no poder.",ofensivo,hatebr
hatebr_1501,Eles são canalhas.. Covardes.. Destruíram nosso país.. Nos roubaram descaradamente.. Não se importam nem um pouco com nossa nação.. Apenas buscam seus próprios interesses e são doentes pelo poder.. Querem estar no controle.. Querem o poder a qualquer custo!.. Nós não recuaremos.. Nós venceremos!.. E eles serão envergonhados!... 🇧🇷🇧🇷,ofensivo,hatebr
hatebr_1502,Esse BANDIDO LADRÃO...NUNCA era.pra ter sido solto...pois um VAGABUNDO DESSE NÃO TEM CAPACIDADE DE TOMAR CONTA NEM DE UM GALINHEIRO... IMAGINA DE UM PAIS. ACORDA BRASIL...NOSSA BANDEIRA É VERDE E AMARELA... NÃO VERMELHA DO COMUNISMO. 🇧🇷🇧🇷🇧🇷🇧🇷🇧🇷🇧🇷🇧🇷🇧🇷🇧🇷🇧🇷🇧🇷🇧🇷🇧🇷💓💓💓🇧🇷🇧🇷🇧🇷🇧🇷🇧🇷🇧🇷🇧🇷🇧🇷,ofensivo,hatebr
hatebr_1503,Esse lixo é nocivo a paz e a saúde de nossa nação,ofensivo,hatebr
hatebr_1504,Bradileiros acordem contra os comunistas,ofensivo,hatebr
hatebr_1505,Tem que prender esse sujeito,ofensivo,hatebr
hatebr_1506,Desgraçado este Luladrão..mas aqui não é o Chile..e a maioria do povo é BOLSONARO,ofensivo,hatebr
hatebr_1507,Luladrão é o encardido! Esse cara é insuportável e não desiste! Louco! Ridículo!,ofensivo,hatebr
hatebr_1508,"deixar esse indivíduo solto ele pensa q pode falar oq ele quer recole ele atrás das grades e não de mais liberdade,Moro esta esperando oq ?",ofensivo,hatebr
hatebr_1509,Bandido porque te tiraram da cadeia? Volta pra lá já ###,ofensivo,hatebr
hatebr_1510,Deixa estes ladrão solto só pode dar em baderna,ofensivo,hatebr
hatebr_1511,Não dê força pra esse demônio! Tem que cair no esquecimento!,ofensivo,hatebr
hatebr_1512,"Você precisa e voltar para cadeia para que povo onrrado concerto o país que você derrui sim temo que seguir o exzemplo do povo da Bolívia te expulsar do país, embusteiros de merda kkk",ofensivo,hatebr
hatebr_1513,"Vamos varrer o PT do nosso país. Estamos juntos nessa querra, nosso país jamais será uma Venezuela.",ofensivo,hatebr
hatebr_1514,Tem que prender esse maluco,ofensivo,hatebr
hatebr_1515,58 milhões de Brasileiros votou em Bolsonaro e esse bandido se acha dono desse país,ofensivo,hatebr
hatebr_1516,Tem que jogar esse lixo de volta para a cadeia,ofensivo,hatebr
hatebr_1517,"Vamos continuar lutando pra defender nosso país contra esses bandidos,bom este vídeo 👏👏👏👏",ofensivo,hatebr
hatebr_1518,"E você está mais do que provado que nunca foi Prezidente e o chefe de uma faquicao criminosso Reubou, matou, daquio o país inteiro, vai casar sapos mas por favor devolva todo nosso dinheiro que vocês saquearam destruiu-o 🇧🇷🇧🇷🇧🇷🇧🇷🇧🇷🇧🇷d🇧🇷🇧🇷🙏🙏🙏👏",ofensivo,hatebr
hatebr_1519,LSN NESSA CORJA DE VAGABUNDOS,ofensivo,hatebr
hatebr_1520,"@lee_eid olha esse vídeo, desse vagabundo, o que a esquerda quer para nosso país!! Gostaria muito que visse, não seja enganada 😘",ofensivo,hatebr
hatebr_1521,"Rapaz um ladrão vagabundo, sem moral desse, lixo falando uma coisa dessa do MORO HOMEM DIGNP E HONRADO!!",ofensivo,hatebr
hatebr_1522,Meu Deus!! Isso já é motivo de sobra para esse verme voltar para a jaula!,ofensivo,hatebr
hatebr_1523,"Esse trevoso saiu da cadeia só para estigar o ódio ,a revolta e o caus no Brasil,mas não conseguirá,Deus no comando do nosso presidente 🙏🇧🇷🇧🇷🇧🇷🇧🇷",ofensivo,hatebr
hatebr_1524,Podridão não tem limites com esse pessoal ligado ao BOLSOASNO.,ofensivo,hatebr
hatebr_1525,Já estou levantado capeta,ofensivo,hatebr
hatebr_1526,O grupo pra fazer você ir pra o iferno,ofensivo,hatebr
hatebr_1527,Bandido gay enrustido! Pedófilo de merda!,ofensivo,hatebr
hatebr_1528,"Nesse desgoverno, eitores do Bozo terão que defender o indefensável ...",ofensivo,hatebr
hatebr_1529,O deus desse ser sub-humano está em putrefação!,ofensivo,hatebr
hatebr_1530,Só os cvcardes combinam com esse expediente!,ofensivo,hatebr
hatebr_1531,Tropa virtual...Que comédia essa esquerda 😂😂😂,ofensivo,hatebr
hatebr_1532,"De um lado um burro, do outro um palhaço rindo pq vcs serão taxados 😂",ofensivo,hatebr
hatebr_1533,Vergonha falso profeta...políticos bandidos..,ofensivo,hatebr
hatebr_1534,"Marquinho que parece gostar do verbo ""espancar"", mmm?",ofensivo,hatebr
hatebr_1535,Esse pastor é um RATO!,ofensivo,hatebr
hatebr_1536,Sepulcro caiado😈,ofensivo,hatebr
hatebr_1537,E se diz pastor um endomoniado desse.,ofensivo,hatebr
hatebr_1538,Esse Feliciano é um sujo carniceiro!,ofensivo,hatebr
hatebr_1539,Um homem de Deus que nem o diabo quer .,ofensivo,hatebr
hatebr_1540,Pastor mequetrefe que incentiva a violência....só fala asneira....vá trabalhar.....gosta de aparecer.,ofensivo,hatebr
hatebr_1541,Lixo ou melhor chorume do lixo bosonarista,ofensivo,hatebr
hatebr_1542,Essa bancada é do ☠️👹👺,ofensivo,hatebr
hatebr_1543,Coloca o satã no caminho desse pastor Feliciano bandido.,ofensivo,hatebr
hatebr_1544,Que vergonha! Esse senhor envergonha o evangelho de Cristo!,ofensivo,hatebr
hatebr_1545,Típico fariseu!,ofensivo,hatebr
hatebr_1546,A cara dele é de demônio,ofensivo,hatebr
hatebr_1547,Pastor do demo,ofensivo,hatebr
hatebr_1548,Meu Deus!o homem que fala de Jesus? que hipócrita.,ofensivo,hatebr
hatebr_1549,Não sei como esse cara nao foi preso ainda,ofensivo,hatebr
hatebr_1550,"Essa tal pastor, que se diz deputado é muito baixo, ridículo.",ofensivo,hatebr
hatebr_1551,Esse é um falso moralista pasator de satã.,ofensivo,hatebr
hatebr_1552,quem tem que baixar a bola e tu Demoníaco...esse deserto de ideias que vc chama cabeça deve estar a serviço do bem de seus eleitores não convocando milícias das profunda dos infernos!,ofensivo,hatebr
hatebr_1553,"CAPIROTO cansado de derrotas resolveu atacar fantasiado na pele de ""líderes religiosos"", infiltrado em Igrejas frequentadas por gente de fé e do bem, em sua maioria. Vejam quanta pregação de ódio, ira, maldades, luxúria e apego ao dinheiro (só falam em dinheiro!) sai da boca dessa gente. E agora temos o CAPETA ELETRÔNICO por meio do rádio, da TV, do Twitter, do Facebook, do Instagram, do WhatsApp, Fake News! Belzebu, Lúcifer e Leviatã são amadores perto deles!",ofensivo,hatebr
hatebr_1554,Pastor do inferno,ofensivo,hatebr
hatebr_1555,Pastor miliciano🙌,ofensivo,hatebr
hatebr_1556,O chamado crente do demônio né,ofensivo,hatebr
hatebr_1557,Bandidagem pura,ofensivo,hatebr
hatebr_1558,"""E o petê?"" - desfoca o gado.",ofensivo,hatebr
hatebr_1559,"Mais é muito safado uma criatura deste , se eu fosse evangélica pedia o pastor para expulsar este indivíduo, nunca vi uma pessoa que se diz de Deus, pregar a discórdia,.. quem pega o dinheiro público e colocar nos dentes para ter sorriso congate , enquanto muitos pobres passando fome , este indivíduo não tá nem aí , imagine o que ele seja , "" covarde''",ofensivo,hatebr
hatebr_1560,Falso profeta....Isso eu sempre soube...Nunca gostei da tua cara.,ofensivo,hatebr
hatebr_1561,Tenho pavor desse cara,ofensivo,hatebr
hatebr_1562,Falou o representante de Cristo no congresso! - mequetrefe do caralho!,ofensivo,hatebr
hatebr_1563,Palavriado e atitudes bem adequadas a um pastor. Jagunço cafajeste!,ofensivo,hatebr
hatebr_1564,Pastorzinho de meia tijela!,ofensivo,hatebr
hatebr_1565,Jesus só serve na hora de tirar dinheiro dos incautos,ofensivo,hatebr
hatebr_1566,@yurikairos_ vagabunda e se diz pastor tem nem vergonha,ofensivo,hatebr
hatebr_1567,Assustador. Demoníaco.,ofensivo,hatebr
hatebr_1568,"Aqui na Bahia se chama ""CRENTE DO CU QUENTE""",ofensivo,hatebr
hatebr_1569,Que do Cara do mal. !!!!,ofensivo,hatebr
hatebr_1570,Bancada evangélica.... kkkkk A bandidagem mora lá,ofensivo,hatebr
hatebr_1571,"E esse bandido se diz pastor, sujeito baixo esse! 🤮🤮",ofensivo,hatebr
hatebr_1572,"Em público diz aleluia, amém, etc. No privado falam em espancamento virtual. A hipocrisia desses falsos cristãos é de doer nos ossos.",ofensivo,hatebr
hatebr_1573,Odeio esse lixo.... Que o Universo se encarregue de espanca-lo ... sem ninguém precisar tocar...#marcosfelicianoseulixo,ofensivo,hatebr
hatebr_1574,Pastor de hienas 🤮,ofensivo,hatebr
hatebr_1575,Olha aí os cristãos. Deveriam lavar a boca com sabão atestado de falar em Cristo,ofensivo,hatebr
hatebr_1576,E falam tanto em Deus....e assim vão enganando o povo. Hipócritas. Criaturas das trevas.,ofensivo,hatebr
hatebr_1577,Ainda bem que Deus ta vendo o que ele prega e faz. Espero que ao menos no inferno ele coma muita bosta fervendo. Ser do diabo. (Não sou pastor...posso desejar mal pra caralho...👊😎👊),ofensivo,hatebr
hatebr_1578,Bicha enrustida!!!,ofensivo,hatebr
hatebr_1579,So lixo usando a bíblia e a palavra de Deus. Esse pavão misterioso não se emenda. Jurista???,ofensivo,hatebr
hatebr_1580,#Forafeliciano e sua tropa virtual.🏴,ofensivo,hatebr
hatebr_1581,Nunca acreditei na integridade desse homem. Cheio de falso moralismo!,ofensivo,hatebr
hatebr_1582,Os cara tá pensando mais em dinheiro do que em Jesus a Bíblia fala desses falso profeta,ofensivo,hatebr
hatebr_1583,Pastor do diabo,ofensivo,hatebr
hatebr_1584,Quem precisa de um trato é você .,ofensivo,hatebr
hatebr_1585,Toma vergonha crente safado....e ainda acha quem aplauda este maldito!,ofensivo,hatebr
hatebr_1586,"Pena das pessoas que tem um falso profeta deste como líder religioso "" bora ali atacar alguém"" nome de Jesus, amém?",ofensivo,hatebr
hatebr_1587,Só maracutaia!!!,ofensivo,hatebr
hatebr_1588,😡Bandido disfarçado de pastor,ofensivo,hatebr
hatebr_1589,Milícias digitais e reais! Fazem um grande estrago à democracia brasileira!,ofensivo,hatebr
hatebr_1590,ESSES SÃO OS DEJETOS BOLZONARISTAS 💩💩💩💩💩,ofensivo,hatebr
hatebr_1591,Os celulares dessas pessoas devem de terminar tudo com 666. Só a serviço da besta. Volta Jesus!,ofensivo,hatebr
hatebr_1592,isso pq ele se considera um enviado de Deus!!!! esse cara é patético!,ofensivo,hatebr
hatebr_1593,Bando de safado e bandido!!,ofensivo,hatebr
hatebr_1594,Marginal de alta periculosidade,ofensivo,hatebr
hatebr_1595,"Bandido bão é bandido morto, né?",ofensivo,hatebr
hatebr_1596,"E esse tipo de pastor, tem que viver no pasto.",ofensivo,hatebr
hatebr_1597,São esses bandidos,ofensivo,hatebr
hatebr_1598,"Cabra safado, escroto.",ofensivo,hatebr
hatebr_1599,"Esse Feliciano é um vagabundo e charlatão que fica falando e fazendo coisas usando o nome de Deus, se dizendo ""cristão"", tenho é pena dos que elegeram um bosta desse que não acrescenta em nada à Câmara dos deputados.",ofensivo,hatebr
hatebr_1600,Fariseu maldito!,ofensivo,hatebr
hatebr_1601,Pastor bandido,ofensivo,hatebr
hatebr_1602,Bancada evangélica podre...,ofensivo,hatebr
hatebr_1603,Esse aí é o pastor do capeta. Nunca enganou ninguém.,ofensivo,hatebr
hatebr_1604,Esse é abaixo de estatura e de caráter,ofensivo,hatebr
hatebr_1605,"Ele é tudo, menos cristão",ofensivo,hatebr
hatebr_1606,"Esse facista , racista e homofóbico ainda está vivo na política??? Vc não não me representa !!!",ofensivo,hatebr
hatebr_1607,"Falso Cristão , nenhuma novidade, com sua dentadura da vaidade...",ofensivo,hatebr
hatebr_1608,Cidadão de bem. Um pastor exemplar. (Contém ironia),ofensivo,hatebr
hatebr_1609,Se diz evangélico.pior dos seres a pedra arremessada e igual bumerangue prezado divirta.se com seu veneno.,ofensivo,hatebr
hatebr_1610,Um cara desses não morre pq o diabo não quer concorrência,ofensivo,hatebr
hatebr_1611,Esse é um nojento!!,ofensivo,hatebr
hatebr_1612,Bandido nojento!,ofensivo,hatebr
hatebr_1613,E ainda se diz cristão!,ofensivo,hatebr
hatebr_1614,"Ato criminoso! Falta de decoro! Onde está o conselho de ética, para confirmar esse áudio, e se confirmado punir exemplarmente esse tipo de ato criminoso!",ofensivo,hatebr
hatebr_1615,Esse é o verdadeiro homem de Deus! SQN,ofensivo,hatebr
hatebr_1616,Cara de pau. Covarde. Isso é pastor do capeta?,ofensivo,hatebr
hatebr_1617,"Que feio, q cretino, q mau caráter! Esses criminosos ficam impunes, simples assim. Deveria ter uma lei q punice parlamentar moleque.",ofensivo,hatebr
hatebr_1618,"Baixe a bola você, miliciano virtual de fake news.",ofensivo,hatebr
hatebr_1619,Como elegeram políticos dessa estirpe... como ?,ofensivo,hatebr
hatebr_1620,Quando ele chegar no inferno o diabo vai expulsar ele de lá !,ofensivo,hatebr
hatebr_1621,"É muita sujeira dessa gentalha ordinária, depois ficam falando de Deus... que Deus é esse???",ofensivo,hatebr
hatebr_1622,"Jesus deve tá vermelho de vergonha desses pastores rs.. Quantos cidadãos de bem, né!",ofensivo,hatebr
hatebr_1623,Esse...tem q sair do armário aí não sai fica assim,ofensivo,hatebr
hatebr_1624,"Eu nem sei o que é pior, se é ver o falso profeta espalhando ódio ou se é ver pessoas admirando esse tipo de ""gente.""",ofensivo,hatebr
hatebr_1625,É uma besta esse cara. 👊,ofensivo,hatebr
hatebr_1626,Que gente asquerosa!!! 🤮,ofensivo,hatebr
hatebr_1627,Vagabundos como esse que o Brasil não precisa,ofensivo,hatebr
hatebr_1628,Que absurdo meu Deus! Homem nojento.,ofensivo,hatebr
hatebr_1629,Esse é o nível do atual governo. Vergonha dessa raça de chupim,ofensivo,hatebr
hatebr_1630,E é em nome de Deus que o diabo fala!!,ofensivo,hatebr
hatebr_1631,Essa maricona safada 🙄🙄🙄,ofensivo,hatebr
hatebr_1632,Feliciano é um dos políticos mais nojentos da atualidade.,ofensivo,hatebr
hatebr_1633,"Brota em mim @marcofeliciano , eu e tu, no mano a mano. Verme",ofensivo,hatebr
hatebr_1634,"A maioria dessa bancada evangelica usa o nome de Deus em vao. É só fachada pra encobrir a verdadeira podridao que eles carregam no coraçao, so",ofensivo,hatebr
hatebr_1635,Esse Feliciano não presta mesmo,ofensivo,hatebr
hatebr_1636,Eu ouvi um amém?! Eh muito medíocre um cara desse!,ofensivo,hatebr
hatebr_1637,"Quando a gente acha que uma pessoa não consegue ser mais zé ruéla do que já é, vem o cara e se supera.",ofensivo,hatebr
hatebr_1638,"Pura hipocrisia,depois tem a coragem de pegar a bíblia e subir no altar das igrejas e ainda pregar sermão,isso tá igual um sepulcro caiado vazio e ainda se acha cheio de Deus",ofensivo,hatebr
hatebr_1639,Nojo desse demônio,ofensivo,hatebr
hatebr_1640,De boa...nosso país tá na hora de um meteoro cair aqui e explodir alguns políticos...que falta do que fazer,ofensivo,hatebr
hatebr_1641,Será que STF existe pra que?um infeliz desse não pode ser deputado...tem que cassar urgente este pastor do capeta,ofensivo,hatebr
hatebr_1642,Que lindo né @pr.marcofeliciano.oficial pastor do teu tipo os gato enterro.,ofensivo,hatebr
hatebr_1643,"Lixo, ainda fala em nome de Deus esse demônio!!",ofensivo,hatebr
hatebr_1644,"Esses cretinos usam essa mesma boca, para falar do amor de Deus. Como é triste ver pessoas se iludindo com esse tipo profano.",ofensivo,hatebr
hatebr_1645,Vagabundo safado golpista pastor do cao,ofensivo,hatebr
hatebr_1646,"Mas, que ""pastozinho"" ordinário!!!!!! Esse o purgatório de Dante vai ter ter muito fogo e um funil enorme pra deixa-",ofensivo,hatebr
hatebr_1647,São financiados PELOS MILICIANOS BOSTANAROS. Jair e sua PROLE PODRE DE BANDIDOS.,ofensivo,hatebr
hatebr_1648,Um cidadão de bem. Um fdp desse!,ofensivo,hatebr
hatebr_1649,Podridão dessa gente 🤮🤮🤮🤮,ofensivo,hatebr
hatebr_1650,Meu Deus onde vamos parar com essa quadrilha ?😱,ofensivo,hatebr
hatebr_1651,"Pastor do diabo, nojento, dissimulado, arrogante ...🤮🤮🤮",ofensivo,hatebr
hatebr_1652,Pessoa horrorosa esse imbecil. Vai ter o retorno da lei 🙏🏼,ofensivo,hatebr
hatebr_1653,"Olha o Tipo de ""gente""...braço direito de satã!!!",ofensivo,hatebr
hatebr_1654,"Fala de bolsominio: A culpa de tudo é da esquerda,blablabla",ofensivo,hatebr
hatebr_1655,"Esse é o ""pastor"" que mais gosta do dinheiro alheio. Um crápula.",ofensivo,hatebr
hatebr_1656,Nao tem argumentos?!?! Vc é um covarde.,ofensivo,hatebr
hatebr_1657,É um corja de safados! Nojo!,ofensivo,hatebr
hatebr_1658,Marcos Miliciano 🤮,ofensivo,hatebr
hatebr_1659,Esses aí dorme todo dia no colo do capeta! Jesus nao tem nada com essa corja nao.,ofensivo,hatebr
hatebr_1660,Criatura deplorável!!!!,ofensivo,hatebr
hatebr_1661,"Falso pastor, o Brasil está cheio deles🤮🤮",ofensivo,hatebr
hatebr_1662,Isso é pastor do demônio,ofensivo,hatebr
hatebr_1663,Pastor do demônio,ofensivo,hatebr
hatebr_1664,"Esse bandido que se diz pastor, foi ""bóia"" do Frota durante 2 anos",ofensivo,hatebr
hatebr_1665,🤮 nojo só de ver a imagem dele...,ofensivo,hatebr
hatebr_1666,A cara dessa criatura... Olha vem na cara dessa criatura e já dá pra saber quem isso é...,ofensivo,hatebr
hatebr_1667,Isso pq esse daí se diz pastor,ofensivo,hatebr
hatebr_1668,À máscara tá caindo👏👏👏👏 Lula Livreeeee,ofensivo,hatebr
hatebr_1669,Esse lixo de ser humano foi o motivo de eu me afastar da igreja quando criança,ofensivo,hatebr
hatebr_1670,Homem de 😈 disfarçado de 🐑 para enganar o povo,ofensivo,hatebr
hatebr_1671,Milícia é máfia,ofensivo,hatebr
hatebr_1672,"E prega que devemos amar o próximo! Bando de hipócrita, governo de idiotas!",ofensivo,hatebr
hatebr_1673,Imundice é o termo.🤮🤮🤮,ofensivo,hatebr
hatebr_1674,"Pra esse malandro, igreja e política são um negócio como outro qualquer! Só o que importa é poder e grana!!!",ofensivo,hatebr
hatebr_1675,Terrivelmente evangélico,ofensivo,hatebr
hatebr_1676,É assim que covardes sem argumentos se “defendem”...,ofensivo,hatebr
hatebr_1677,Que horror!!! Cruzes!!!,ofensivo,hatebr
hatebr_1678,"Miliciano, feliciano, tudo a mesma coisa. 🤢🤮",ofensivo,hatebr
hatebr_1679,Sua máscara de cristão vai cair @marcofeliciano e vc vai sentir o que é o fogo do inferno.,ofensivo,hatebr
hatebr_1680,"Covarde, inútil .. Lixo parlamentar",ofensivo,hatebr
hatebr_1681,Se deixasse taxava até a mãe,ofensivo,hatebr
hatebr_1682,mafioso..bandido..,ofensivo,hatebr
hatebr_1683,Que absurdo. Essa gente não tem escrupulos.,ofensivo,hatebr
hatebr_1684,"Isso cara não é pastor,e sim um charlatão 🍊🍊🐂",ofensivo,hatebr
hatebr_1685,Quem financia tanto ódio é o presidente e sua corja!,ofensivo,hatebr
hatebr_1686,"Governo da administração artificial vive de manipulações, e resultado de números uma merda.",ofensivo,hatebr
hatebr_1687,"Enquanto a esquerda fica discutindo se é quebra de decoro, se cabe impeachment, se deve ser cassado, o lado de lá já entendeu que é guerra. E nós estamos perdendo, porque se falo em revolução levo porrada até da esquerda. #marighellavive",ofensivo,hatebr
hatebr_1688,Bagaceiros no poder🤮,ofensivo,hatebr
hatebr_1689,"Esse é cristão, pero no mucho... homenzinho ""de bem"", né?",ofensivo,hatebr
hatebr_1690,Amigo do capetão é capetinha 💩🤮,ofensivo,hatebr
hatebr_1691,"Bandido da igreja, que vergonha... Como conseguem falar em Deus e fazer tanto mal",ofensivo,hatebr
hatebr_1692,"Esse é a verdadeira vergonha. Ser evangélico ou ser católico remonta o amor ao próximo, mas esse cara é vil e preconceituoso.",ofensivo,hatebr
hatebr_1693,Nojo dessa corja,ofensivo,hatebr
hatebr_1694,"Nojento, pilantra e picareta, ainda se pastor.",ofensivo,hatebr
hatebr_1695,Maldito desgraçado “pastor” de merda. Esse há de queimar no fogo do inferno que ele faz na Terra.,ofensivo,hatebr
hatebr_1696,Que vergonha! Que política lixo temos no nosso país! 🤮,ofensivo,hatebr
hatebr_1697,Governo de demônios,ofensivo,hatebr
hatebr_1698,"Essa bancada evangélica envergonham os verdadeiros cristãos, embora muitos se deixaram enganar. É o tratamento dentário, terminou?",ofensivo,hatebr
hatebr_1699,Esse pastor parece figura de opereta !!’,ofensivo,hatebr
hatebr_1700,Um homem de Deus... Desculpa Deus!,ofensivo,hatebr
hatebr_1701,Eu sou milicia digital. To de olho aqui.,ofensivo,hatebr
hatebr_1702,E ele vai ficar impune? Cassação pra esse ser desprezível!,ofensivo,hatebr
hatebr_1703,Esse filho da puta não e de Deus e do cramunhão...,ofensivo,hatebr
hatebr_1704,"Tudo em nome de Jesus!Homen de bem,honrado. Lixo",ofensivo,hatebr
hatebr_1705,E é porque isso é “cristão” não passa de um miliciano que se esconde atrás da religião e entre a política usando o nome de “Deus”. Esse tipo de político me enoja. Tem que pedir a cassação do seu mandato.,ofensivo,hatebr
hatebr_1706,Esse aí nao vale nada,ofensivo,hatebr
hatebr_1707,Nojo desses lixos.,ofensivo,hatebr
hatebr_1708,"🤘👏👏👏👏 fazendo o que sabe fazer de melhor. É gentalha, baixo...",ofensivo,hatebr
hatebr_1709,Esse é mais um lixo.,ofensivo,hatebr
hatebr_1710,"Um pior que o outro, só lixo. 😠",ofensivo,hatebr
hatebr_1711,Isso é bem a cara desse débil ser 😬😬😬,ofensivo,hatebr
hatebr_1712,"Este sujeito é a escória da política brasileira, se não fossem os otários da igreja dele, que são roubados e o adoram, ele jamais seria eleito. Tenho nojo desse imbecil.",ofensivo,hatebr
hatebr_1713,E esse demônio se diz evangélico😬😬😬,ofensivo,hatebr
hatebr_1714,"E ninguém vai fazer nada contra esse sujeito??? Não é possível que depois de falar isso, não irá acontecer nada contra ele!!!!",ofensivo,hatebr
hatebr_1715,Ainda bem que ele eh fervoroso evangélico 😱 eh hipocrisia que se chama ?,ofensivo,hatebr
hatebr_1716,Esses cristãos me dão nojo,ofensivo,hatebr
hatebr_1717,Minha nossa!!! Que pastor perverso!,ofensivo,hatebr
hatebr_1718,Cretino! Crápula! Escroto!,ofensivo,hatebr
hatebr_1719,Esse projeto de homem é um representante de uma Igreja. Que absurdo gente!,ofensivo,hatebr
hatebr_1720,Aberraçao da natureza esse lixo .,ofensivo,hatebr
hatebr_1721,Pastor de merda!!!😠😠😠😠😠,ofensivo,hatebr
hatebr_1722,Em nome do Demo!🐂💣💩💣💩,ofensivo,hatebr
hatebr_1723,Qie feio pastor do diabo!,ofensivo,hatebr
hatebr_1724,Depois que a religião elegeu o capeta parei de acreditar...só acredito em Deus!,ofensivo,hatebr
hatebr_1725,Outro para ser cassado!,ofensivo,hatebr
hatebr_1726,O Diabo existe e atende por Marcos Feliciano,ofensivo,hatebr
hatebr_1727,É um filha da puta,ofensivo,hatebr
hatebr_1728,Esses caras tinham que se Preso!!,ofensivo,hatebr
hatebr_1729,E estes filhas da puta se dizem cristãos! Cristãos de merda! Vergonha desta gente...,ofensivo,hatebr
hatebr_1730,Esse nem o capeta quer. Hahah🔥🔥🔥🔥🔥,ofensivo,hatebr
hatebr_1731,😈 endiabrado dos dentes pagos com nossos impostos pestilento,ofensivo,hatebr
hatebr_1732,Como pode um homem Que se diz representante de Deus falar assim???E para piorar esse povo BURRO que acha que esse homem merece créditos!!!,ofensivo,hatebr
hatebr_1733,"Poxa, era só ele sair do armário... quem sabe passava essa raivinha toda.",ofensivo,hatebr
hatebr_1734,"Exemplo de pastor, cidadão de bem, só que não.",ofensivo,hatebr
hatebr_1735,Um horror meu Deus esse Sr se diz cristão ✝️ manda espancar Jesus pode descer e incineraram esse Que se diz Pastor 🙏,ofensivo,hatebr
hatebr_1736,Pastor de bosta,ofensivo,hatebr
hatebr_1737,Gângster cafona raça ruim essa figura patética,ofensivo,hatebr
hatebr_1738,"Feliciano é um asqueroso, ser desprezível 🤮🤮🤮",ofensivo,hatebr
hatebr_1739,"Meliante de quinta categoria, mentiroso, falso, facínora, tosco, vulgar, parasita da sociedade, pária do congresso, rêmora oportunista oca, hipócrita e podre obcecado pelo poder.",ofensivo,hatebr
hatebr_1740,"E o PSL como sempre, envolvido das atrocidades .",ofensivo,hatebr
hatebr_1741,Todo sofrimento pra corno é pouco,ofensivo,hatebr
hatebr_1742,Esquerdopatas são uns vermes ainda não catalogados,ofensivo,hatebr
hatebr_1743,Parabéns pastor toma vergonha na cara,ofensivo,hatebr
hatebr_1744,Essa disgraça fala que é pastor..,ofensivo,hatebr
hatebr_1745,"@marcofeliciano e aí anjo, só pra eu entender: vc acha que é troxa assim, ou só seu eleitorado mesmo?",ofensivo,hatebr
hatebr_1746,Baita bichona enrustida.,ofensivo,hatebr
hatebr_1747,"Que asco. Uma pessoa assim não pode exercer a política, porque não contribui para o debate. É só atraso.",ofensivo,hatebr
hatebr_1748,Sou evangélica e me envergonho desse lixo que sai por aí pregando que Deus é amor e incentiva o ódio.#ForaFeliciano,ofensivo,hatebr
hatebr_1749,Mas nenhum presta que barbaridade .,ofensivo,hatebr
hatebr_1750,Marco Enrustiano.,ofensivo,hatebr
hatebr_1751,Babacas como Luciano HAng financiam essa palhaçada,ofensivo,hatebr
hatebr_1752,Ser mais escroto.,ofensivo,hatebr
hatebr_1753,Todos bandidos.,ofensivo,hatebr
hatebr_1754,"O povo tem que se reunir e expulsar esses pastores estelionatários das suas igrejas , bandidos.",ofensivo,hatebr
hatebr_1755,Tá uma bagaceira esse país de merda🤮🤮🤮🤮🤮,ofensivo,hatebr
hatebr_1756,"Cidadão de bem, igual@muitos por aí... nojo",ofensivo,hatebr
hatebr_1757,Imagine se esse sujeito não fosse cristão evangélico?,ofensivo,hatebr
hatebr_1758,Que Jesus esses demônios seguem! Meu Deus salve nosso país de seres demoníacos como esse Marco Feliciano!😈😈,ofensivo,hatebr
hatebr_1759,"Socorro, Socorro, que sistema imundo?",ofensivo,hatebr
hatebr_1760,Tira o nome de Jesus da boca.,ofensivo,hatebr
hatebr_1761,"Um falando asneira de lá e o outro disseminando discórdia de cá. Tudo farinha só mesmo saco, se gritar :Pega ladrão, não fica um meu irmão.",ofensivo,hatebr
hatebr_1762,UM CRETINO COVARDE QUE NÃO TEM CAPACIDADE DE ENCARAR O RANDOLFE...,ofensivo,hatebr
hatebr_1763,"Gentalha hipócrita! Fariseus, falsos cristãos! Quadrilheiros",ofensivo,hatebr
hatebr_1764,As atitudes e a postura é de um pateta. Kkkkk,ofensivo,hatebr
hatebr_1765,Por isso que a educação está uma completa negação... Parabéns aos envolvidos,ofensivo,hatebr
hatebr_1766,Dois retratos do fracasso educacional do país!,ofensivo,hatebr
hatebr_1767,Babaca. #BOLSONARO2022😍,ofensivo,hatebr
hatebr_1768,"Esse tal de valente fracassado , aí de cima, é um completo imbecil. apenas mais de 40 mil pessoas discordam dele kkkkkkkkkkkkkkkkkkkkkkkkkkkkkkkk",ofensivo,hatebr
hatebr_1769,Um grande perdedor!,ofensivo,hatebr
hatebr_1770,Paulo Freire era tão bom que nenhum país no mundo copiou seu modelo de (des)educação! Esquerdista safado!,ofensivo,hatebr
hatebr_1771,Sem dúvida os grandes educadores por isso que estamos entra às piores escolas do mundo. Horrível,ofensivo,hatebr
hatebr_1772,Não esconda seu mau caratismo em cima de profissão como essa ! Inútil.,ofensivo,hatebr
hatebr_1773,Deus nos livre desse mal!!!,ofensivo,hatebr
hatebr_1774,Ate hj não entendo como elegeram um idiota daquela ao invés de um.homem culto como este,ofensivo,hatebr
hatebr_1775,Petista liberal ! Pqp!,ofensivo,hatebr
hatebr_1776,"Não sei quem é mais inútil, o retrato do Jaiminho ou Paulo Freire ?",ofensivo,hatebr
hatebr_1777,Vc é a prova da lástima que a educação do Brasil está.,ofensivo,hatebr
hatebr_1778,"Rascismo, cabecario e cacar mandato🎆🎆🎆🎆",ofensivo,hatebr
hatebr_1779,Aproveite a nave e vai p inferno! Leva seu amigo junto,ofensivo,hatebr
hatebr_1780,"Professor burro, dá zero pra ele",ofensivo,hatebr
hatebr_1781,"Sabe nem escrever direito, professor jumento",ofensivo,hatebr
hatebr_1782,Múmia paralítica 😅😅😅,ofensivo,hatebr
hatebr_1783,Meu presidente 😅😅😅😅 presidente do caralho à 4. Bando de idiotas. Idiotas úteis,ofensivo,hatebr
hatebr_1784,"precisava voltar a ter aula, pra aprender escrever “rascismo” do jeito certo... vc eh uma mentira",ofensivo,hatebr
hatebr_1785,duas fotos as mesmas merdas,ofensivo,hatebr
hatebr_1786,Ainda não acredito que trocaram um professor por um miliciano 🤦🏼‍♂️🤦🏼‍♂️😔😔,ofensivo,hatebr
hatebr_1787,"E aí, bando de hipócritas :)",ofensivo,hatebr
hatebr_1788,"🐷🐷🐷 Acho q vai ser o último mandato, se perdeu, egocentrismo. Vá com Deus p/ PSDB 🐷",ofensivo,hatebr
hatebr_1789,"Desculpem as pessoas de bem pois o resto não me importa, minhas fezes valem mais que os dois juntos.",ofensivo,hatebr
hatebr_1790,Essa coisa esta se achando demais,ofensivo,hatebr
hatebr_1791,"Gente, para que ta dando vergonha. Não defendo nenhuma das duas, não elegi nenhuma das duas, mas respeitem-se pelo amor!!! E vão trabalhar por quem elegeu vocês. Esses mimimi ta nojento!",ofensivo,hatebr
hatebr_1792,"Mais gente vc não é a pessoa do vídeo dizendo que a Havan era da filha da Dilma quando vc sabia que a mesma era do seu amigão , não entendo de verdade o sujo falar do mal lavado , esse é o Brasil ! Podre",ofensivo,hatebr
hatebr_1793,👎👎👎👎👎👎👎👎👎👎👎👎👎LULU e JOYCI TRAIDORES JUDAS SATANÁS,ofensivo,hatebr
hatebr_1794,Eu acho Carla que isso é baixaria não combina com vc coloca no seu lugar e fica na sua,ofensivo,hatebr
hatebr_1795,@carla.zambelli enquanto vc apoiar meu presidente eu tô contigo... E joissi q se lasque para lá com as paranoias e mentiras dela!,ofensivo,hatebr
hatebr_1796,Vcs tem rabo preso com a @joicehasselmannoficial por isso não conseguem parar ela. Com certeza vcs tem acordos inacabados. Política continua suja.só mudou da esquerda pra direita. É uma pena,ofensivo,hatebr
hatebr_1797,Voce é horrível não se cansa de querer passar a rasteira na Joice ...... inveja mata sabia Carla !!!,ofensivo,hatebr
hatebr_1798,Carla Zambelli você é ridícula...grow up,ofensivo,hatebr
hatebr_1799,NADA de karma... É mal catarismo mesmo...,ofensivo,hatebr
hatebr_1800,Sem comentários pra essa Dona.... Fora pig!!!,ofensivo,hatebr
hatebr_1801,"Com certeza Luladrão ministro. Ministro miojo, só durou três minutos no cargo",ofensivo,hatebr
hatebr_1802,"Joyce não terá uma vida apolítica longa, não podemos nos enganar mais com ela, é muito ganância por poder, os próprios colegas não confiaram nela.",ofensivo,hatebr
hatebr_1803,PSL esta virando um galinheiro,ofensivo,hatebr
hatebr_1804,🤣 Bem feito pra essa escrota🤣🤣🤣🤣🤣🤣🤣🤣🤣🤣🤣🤣🤣🤣🤣🤣🤣🤣🤣🤣🤣🤣🤣,ofensivo,hatebr
hatebr_1805,"Senhores Nobres Deputados, que tal pensar mais no povo que vos colocou nesses tronos , do que essa guerra por vaidades que estão todos envolvidos? A Nação Brasileira Agradece!",ofensivo,hatebr
hatebr_1806,"Brigando por mamadeira, e muito mimmimimimimimimi, tanta coisa para aprovar @carla.zambelli tanta coisa E vcs nessa safadeza, parece jardim 3 da escola..",ofensivo,hatebr
hatebr_1807,Esses aí são cachorro morto que ainda morde...precisamos ter td cuidado com o que vem do capiroto,ofensivo,hatebr
hatebr_1808,Um horror esse Ser traidor de uma Nação por arrogância e egocentrismo🤮😡,ofensivo,hatebr
hatebr_1809,A máscara dessa traidora Joice Falsemam durou menos,ofensivo,hatebr
hatebr_1810,"@joicehasselmannoficial TOLA, MESQUINHA E ARRUINADA.",ofensivo,hatebr
hatebr_1811,Tem que ser muito Asno para aplaudir um TAXADOR desse,ofensivo,hatebr
hatebr_1812,A 🐷 chora kkkkkkk chora ódio kkkkkkk,ofensivo,hatebr
hatebr_1813,"Uma é traíra, a outra inejosa",ofensivo,hatebr
hatebr_1814,Ridícula essa briguinha de vocês . Será que daria para crescer e voltar a trabalhar pelo Brasil ???????????,ofensivo,hatebr
hatebr_1815,A Joice esta igual o MULEQUE NEM-MEM 🤣🤣🤣🤣,ofensivo,hatebr
hatebr_1816,#DEPUTADADECEPÇÃOTRAÍRA,ofensivo,hatebr
hatebr_1817,#LulaEmPresidioComum #JoiceNuncaMais,ofensivo,hatebr
hatebr_1818,Essa zinha aí é TRAÍRA,ofensivo,hatebr
hatebr_1819,"lula na prisao, lula é ladrão",ofensivo,hatebr
hatebr_1820,"Nossa Carla que ridículo essa briguinha de vcs qdo vai acabar o recreio na creche de saco cheio com vc é com a Joice, deveriam estar unidas pra derrubar de vez o PT é ficam de briguinha boba",ofensivo,hatebr
hatebr_1821,"Joice traíra, vai tomar no cú",ofensivo,hatebr
hatebr_1822,"Dois ridiculos😊😊😊😊, se manca",ofensivo,hatebr
hatebr_1823,"Vergonha, vergonha!!",ofensivo,hatebr
hatebr_1824,Joice tem que ser relegada ao ostracismo,ofensivo,hatebr
hatebr_1825,Dois mmmm farinhas do mesmo saco,ofensivo,hatebr
hatebr_1826,🤣🤣🤣🤣🤣🇧🇷🤝 ela ainda não viu nada. Sentirá muito essa senhora horrível no futuro bem próximo.,ofensivo,hatebr
hatebr_1827,Pepa Pig ou Pinguço?,ofensivo,hatebr
hatebr_1828,"Briguinha feia mesmo. Deviam agregar pessoas e não fazer o contrário. Mas sabemos que qqr tentativa de colocar isso na cabeça de vocês vai ir por agua abaixo. Ate onde sabemos vocês só são diferentes do pt no nome e não estão envolvidos em corrupção, mas saiba, só isso não bastará. PSL me dececionou demais. @carla.zambelli",ofensivo,hatebr
hatebr_1829,Tudo farinha do mesmo saco.Nao importa o tempo é sim a traição.,ofensivo,hatebr
hatebr_1830,Joice a traidora,ofensivo,hatebr
hatebr_1831,Dois crapulas ai ela e ele,ofensivo,hatebr
hatebr_1832,"Triste ver essa cachorrada entre vocês que eram tão amigas e lutaram tanto pra tirar esse país das mãos do PT. A entrada de vocês na politica foi um erro, que decepção vocês duas.",ofensivo,hatebr
hatebr_1833,Vcs @carla.zambelli e @joicehasselmannoficial estão parecendo duas meninas mimadas... vão trabalhar que é pra isso que colocamos vcs aí e pára com essa palhaçada!!!,ofensivo,hatebr
hatebr_1834,Lider miojo kkkkkk,ofensivo,hatebr
hatebr_1835,Carla seja superior não de ibope para essa traíra!,ofensivo,hatebr
hatebr_1836,Como defender vocês perante eleitores de Bolsonaro?! Parecem crianças birrentas! Aff credooo!,ofensivo,hatebr
hatebr_1837,Isso tá tão feio. Vocês deveriam fazer um conclave do psl. Se trancarem em um quarto e só sair de lá quando os que sobrarem tiverem algo decente pra seguir. O psl era ruim quando era só ua legenda de aluguel e agora ficou pior ainda com deputados imaturos. O PT agradece.,ofensivo,hatebr
hatebr_1838,Duas BOSTAS humanas,ofensivo,hatebr
hatebr_1839,"No Brasil ñ pensou, e sim na sua pessoa. Patriota de bosta",ofensivo,hatebr
hatebr_1840,@carla.zambelli SÓ DIGO UMA COISA... O BRASIL TÁ MUDANDO! TRAIRAGEM #NÃO COMBINA COM FIDELIDADE!,ofensivo,hatebr
hatebr_1841,"😂😂😂É porque a Pepa tem o mesmo espírito ruim do Mula! Deus não ajuda a ficar no alto,a ficar bem,tá sempre se l@scando!Minha mãe dizia: Quem muito quer nada tem! É o caso dela e do Mula! Beijão pra vc Carla! Estamos com vc e os bons do Congresso!🌷😘",ofensivo,hatebr
hatebr_1842,"@carla.zambelli eu gosto do seu trabalho e adimiro você, o melhor remédio ignore a Joicehasselmann, ela não merece perda de tempo com ela, já está acabada!!!",ofensivo,hatebr
hatebr_1843,O que é dela tá guardado,ofensivo,hatebr
hatebr_1844,Essa mulher é perigosa e só olhar pra perceber...,ofensivo,hatebr
hatebr_1845,Não vamos comentar sobre esse ladrão FdaP apenas jogar Pedras,ofensivo,hatebr
hatebr_1846,"Essa megera vulgo joice, foi a maior decepçao que tivemos,se elegeu ela e mais de 200 deputados, senadores, governadores, graças ao Bolsonaro.Eu defendia ela em tudo,graças a DEUS,ele revelou quem é essa oportunista, esmoleira de votos ,nossa empregadinha subserviente é. É piada ela querer concorrer a presidencia da republica kkkkkk,com o Bolsomito ou quem ele indicar .",ofensivo,hatebr
hatebr_1847,Joice é uma judas. É o mal de todos esquerdistas,ofensivo,hatebr
hatebr_1848,😂😂😂😂😂😂 Pepa só está dando tiro no pe... kkkk,ofensivo,hatebr
hatebr_1849,É isso mesmo Carla...de traíras nós já estamos saturados.,ofensivo,hatebr
hatebr_1850,Ess joice é traidora mesmo ganhou nas costa do presidente e agora traiu,ofensivo,hatebr
hatebr_1851,"Vamos trabalhar? Ficar de picuinha não vai ajudar o Brasil, esquece essa cobra e siga em frente.",ofensivo,hatebr
hatebr_1852,Vagabunda! Joice safada!,ofensivo,hatebr
hatebr_1853,Joice cada dia mais louca,ofensivo,hatebr
hatebr_1854,"Carla, seja maior do que isso, por favor. Já está ficando ridículo. Comparação exdrúxula! O Brasil tem coisas mais importantes pra serem debatidas.",ofensivo,hatebr
hatebr_1855,"Pra mim é coisa de bandido mesmo! Um ladrão e a outra, traidora! Os iguais se juntam... nesse caso se atraem! Kkkkkkk",ofensivo,hatebr
hatebr_1856,Todos os podres querem ser lider. Inclusive os filhotes mimados. O respeito entre voces nao existe.,ofensivo,hatebr
hatebr_1857,Desiquilibrio total.,ofensivo,hatebr
hatebr_1858,@joicehasselmannoficial cada vez mais desacreditada. Mais falsa que 3 reais,ofensivo,hatebr
hatebr_1859,"Achei foi pouco...pra essa Joice,os inimigos de Bolsonaro, Deus vai abater um por um e contra o Poder de Deus não há defesa!",ofensivo,hatebr
hatebr_1860,Dois pombo sujo! Safados...,ofensivo,hatebr
hatebr_1861,"Joice já foi tão querida pelo povo brasileiro , e agora está tão desprezada! É lamentável!",ofensivo,hatebr
hatebr_1862,Duas fraudes. Morram!!!,ofensivo,hatebr
hatebr_1863,So colhe o que planta.se eu fosse ela mandava exorcisar seu gabinete,ofensivo,hatebr
hatebr_1864,Herdou a desgraca,ofensivo,hatebr
hatebr_1865,A liderança da @joicehasselmannoficial na Câmara durou menos que um X Burguer😂😂😂😂,ofensivo,hatebr
hatebr_1866,Ótima! Kkkkk essa cobra hopócrita,ofensivo,hatebr
hatebr_1867,Que os 2 vão para o raio que os parta.,ofensivo,hatebr
hatebr_1868,"Os dois babacas traidores do povo de bem ,dois inúteis",ofensivo,hatebr
hatebr_1869,Enlouqueceu essa Joice!! Quanta prepotência arrogância dessa Joice.,ofensivo,hatebr
hatebr_1870,Os dois não prestam,ofensivo,hatebr
hatebr_1871,"Carla tem que deixar a traidora de lado e não perder o foco. Nossa missão é lutar juntos pelo um Brasil melhor e justo. Não se ocupe com postagem desnecessária, onde menciona pessoas que não acrescenta nada Luladrão e Joice tem que ficar no passado. O negócio é # aliança pelo Brasil.",ofensivo,hatebr
hatebr_1872,🤣🤣🤣🤣🇧🇷🇧🇷🇧🇷🇧🇷#joicetraidora,ofensivo,hatebr
hatebr_1873,CHEGA DE TANTA CORRUPÇÃO TANTA ROUBALHEIRA TANTA INCOMPETÊNCIA TANTA MALDADE TANTA FALSIDADE,ofensivo,hatebr
hatebr_1874,"Que absurdo, essa Joice é uma vergonha.",ofensivo,hatebr
hatebr_1875,"Com sempre, Lula só perde, o que NUNCA ganhou..... kkkkkkkk",ofensivo,hatebr
hatebr_1876,Mostre o seu trabalho e esforço e seja leal ao povo que te elegeu e larga essa TRAIDORA pra lá com as baixarias dela .,ofensivo,hatebr
hatebr_1877,"As máscaras caindo, espero que o povo esteja acompanhando.",ofensivo,hatebr
hatebr_1878,"Ao exorcizar a sala, os capetas só deram “meia-volta” ... 🤣🤣🤣🤣",ofensivo,hatebr
hatebr_1879,joice traidora,ofensivo,hatebr
hatebr_1880,Como ela pode fazer isso? Muito falsa,ofensivo,hatebr
hatebr_1881,"joice vai tomar no cu, cretina traíra",ofensivo,hatebr
hatebr_1882,Tá surtando!!!!!,ofensivo,hatebr
hatebr_1883,"Não discute com esquerdista, são sem noção",ofensivo,hatebr
hatebr_1884,#LulaVaiMorrerNaCadeia #JoiceTraidora #JoiceCorrupta #JoiceContraoPovo #JoiceOportunista #JoiceForaDaPolitica,ofensivo,hatebr
hatebr_1885,"Dupla personalidade... ou desequilibrada mesmo... 3, 2, 1... hauahuahaua",ofensivo,hatebr
hatebr_1886,"Tá mais pra demônio, mesmo.",ofensivo,hatebr
hatebr_1887,"Essa raca ordinaria nao tem o que fazer. Ganham uma fortuna as custas do povo. Ademais, dona Zambelli. A Joice defendeu o Bolsonaro em muitas ocasioes. Voces sao uns vadios desocupados que perdem o tempo fazendo provocacoes o tempo todo.",ofensivo,hatebr
hatebr_1888,"Maior traidora que já vi, depois do ladrão.",ofensivo,hatebr
hatebr_1889,Joice mente tão bem que até mesmo ela acredita na própria mentira. Triste fim. Triste 😔,ofensivo,hatebr
hatebr_1890,Essa baixaria que vc está fazendo me faz ter uma certeza: igual ou pior que ela!!!,ofensivo,hatebr
hatebr_1891,"Que bom que,as máscaras estão caindo rápido.",ofensivo,hatebr
hatebr_1892,Só que Carla você tem princípios e não se vendeu desta forma vergonhosa.Não se compara você a está traíra,ofensivo,hatebr
hatebr_1893,"Essa Joicehasselmannoficial é muito infantil 🤦‍♀️!Só dando tiro no pé,o Eduardo deveria se candidatar para prefeito de São Paulo aí ela iria ver o que é mexer com direita RAIZ como ela mesma diz..uma surra de votos!",ofensivo,hatebr
hatebr_1894,"Difícil, pai e filha mal caráter....",ofensivo,hatebr
hatebr_1895,Maldosa heim kkkkk😂 putona,ofensivo,hatebr
hatebr_1896,Tá explicado! Traíras do Brasil! Tá no DNA 💩🤮,ofensivo,hatebr
hatebr_1897,"Lembrando q o caráter da zambelli não é o mesmo na loyce, é diferente, zambelli tô contigo, Joyce é traíra",ofensivo,hatebr
hatebr_1898,Apoiado @carla.zambelli tudo farinha do mesmo saco!!,ofensivo,hatebr
hatebr_1899,"Tudo de mesma LAIA, farinhas do mesmo saco. Esse maracutaia, aaah não mala_ falha. OPS !! MALAFAIA TEM QUE IR PRO XILINDRO",ofensivo,hatebr
hatebr_1900,Quem é gleisi pra criticar ? Vc lá tem moral pra isso ? Vc veio do berço da corrupção .,ofensivo,hatebr
hatebr_1901,Joice é uma VERGONHA.,ofensivo,hatebr
hatebr_1902,"@carla.zambelli . @joicehasselmannoficial Essa vergonha é o dia todo, vocês parecem duas adolescentes, vão trabalhar, foi pra isso que o povo as elegeu..",ofensivo,hatebr
hatebr_1903,Cada dia mais Gorda!😂😂😂,ofensivo,hatebr
hatebr_1904,#forabolsonaro corrupto canalha,ofensivo,hatebr
hatebr_1905,São duas cobras. Prontas para dar o bote,ofensivo,hatebr
hatebr_1906,Mas a Pepa é fichinha perto do Dick Vigarista !!! \o/ \o/ \o/,ofensivo,hatebr
hatebr_1907,"Nosso carater, não igualar como os esquerdistas fazem, mais mostrar q somos um povo sivilizado, pronto para ajudar nosso presidente Jair Bolsonaro, Feliz natal a todos!",ofensivo,hatebr
hatebr_1908,🤣🤣🤣🤣🤣🤣🤣🤣🤣🤣🤣💩💩💩💩💩💩💩💩💩🤮🤮🤮🤮🤮🤮🤮🤮🤮🤮🤮🤮🤮🤮. Os três são farinha do mesmo saco!!!,ofensivo,hatebr
hatebr_1909,"Essa traíra vai se juntar com a esquerda radical em 3,2,1 ....",ofensivo,hatebr
hatebr_1910,"Joice está com mania de grandeza, só que dá pior espécie, ela, pra mim foi uma DECEPÇÃO GRANDE! Ela traiu e dividiu !",ofensivo,hatebr
hatebr_1911,"Essa mulher não presta , muito pretensiosa e traira",ofensivo,hatebr
hatebr_1912,"@joicehasselmannoficial é vergonha do nosso Brasil, o tiro saiu pela culatra em querida . #38 #aliancapelobrasil",ofensivo,hatebr
hatebr_1913,Muito vaidosa e cheia de si... vai trapacear quem puder.,ofensivo,hatebr
hatebr_1914,"Isso é uma nojeira...se crítica o governo é contra, o que ela fala é muita falcidade...esse tipo de soberba acaba na lama",ofensivo,hatebr
hatebr_1915,"Postagem ridícula Carla, vai trabalhar",ofensivo,hatebr
hatebr_1916,"Tenho nojo desse Joice nunca gostei sempre tinha algo dizendo que não era uma boa pessoa , tá aí essa víbora de 💩",ofensivo,hatebr
hatebr_1917,Está onde merece essa traidora!,ofensivo,hatebr
hatebr_1918,Nojo dessa nossa política😎,ofensivo,hatebr
hatebr_1919,Essa mulher tá louca 🤣🤣🤣🤣,ofensivo,hatebr
hatebr_1920,"Esta se afundando cada dia que passa, peppa pig está indo pelo ralo 💩💩💩💩💩💩",ofensivo,hatebr
hatebr_1921,Pegou o virus do molusc a Pepa ta doidaaaaaaa,ofensivo,hatebr
hatebr_1922,A roliça rebelde 😂😂😂😂😂,ofensivo,hatebr
hatebr_1923,"Força Carla Zambelli, essa traíra da Joice nos envergonha .",ofensivo,hatebr
hatebr_1924,Ela está provando do próprio veneno. E vida que anda.,ofensivo,hatebr
hatebr_1925,"A Joyce só pode estar ""surtando""!!! 😱😱😱",ofensivo,hatebr
hatebr_1926,"Essa Peppa FDP, vai pagar junto com todos os outros canalhas!! #joicehalssemannpeppafdp",ofensivo,hatebr
hatebr_1927,Dois derrotados do caralho,ofensivo,hatebr
hatebr_1928,"Uai @carla.zambelli não teria sido os”não Bivaristas” ? Não acho que a postagem tenha a ver com “falta de serviço”. Como atingida de forma torpe por essa mulher descarada dona @joicehasselmannoficial , vc tem todo o dever de por os pingos nos is e mostrar sim que é Joice. O partido tá pouco ou nada importando.",ofensivo,hatebr
hatebr_1929,"Ocupando o mesmo antro que o condenado é péssimo sinal ,quase uma mensagem subliminar.",ofensivo,hatebr
hatebr_1930,Kkkkkkk e um pior que o outro mitei,ofensivo,hatebr
hatebr_1931,"Tudo tá melhorando, mas ainda tem muitos petralhas espalhados em estatais, autarquias escolas, universidades ( universidades aí já estamos falando em infestação), mas vamos ter fé, pois é pra frente que se anda! #bolsonaro2022🇧🇷",ofensivo,hatebr
hatebr_1932,"O gigante adormecido criminosamente pelos petistas, e facistas comunistas, está acordando para tornar o Brasil a quarta potencia mundial. EUA, CHINA, RUSSIA E BRASIL. O PROTETOR DA AMERICA LATINA CONTRA OS COMUNISTAS DESTRUIDORES DE POVOS E PAÍSES.",ofensivo,hatebr
hatebr_1933,SÓ A ESQUERDOPATIA NÃO VÊ ISSO...,ofensivo,hatebr
hatebr_1934,Quem não está com o governo me desculpe e corrupto,ofensivo,hatebr
hatebr_1935,Gasolina com preço surreal e no mercado as coisas cada vez mais caro... E políticos cada vez mais rico. Só safado,ofensivo,hatebr
hatebr_1936,"Sensacional! Aproveito para perguntar como anda o projeto de criminalização do comunismo, pois não aguento mais ver e escutar essa gentalha, adoraria vê-los enjaulados.",ofensivo,hatebr
hatebr_1937,Agora só precisa o presidente e sua prole parar de falar tanta bosta.,ofensivo,hatebr
hatebr_1938,"🇧🇷🇧🇷🇧🇷🇧🇷🇧🇷 Maravilha! Bolsonaro 2022!!!!! Vamos mudar o rumo de nossas vidas pelo trabalho, pela honra, pela honestidade e pela ética. Apoio total ao governo. Vamos defender nosso país da quadrilha comunista.",ofensivo,hatebr
hatebr_1939,E tem cretino que ainda ouve e da destaque ao que a esquerda e o ladrao do Lula fala. Este só tem ódio dentro dele. Muito ódio,ofensivo,hatebr
hatebr_1940,Mas manifestar não é garantido em um estado democrático? Quanta hipocrisia. Manifestação legítima só quando é a favor pra vcs? Quanta hipocrisia.,ofensivo,hatebr
hatebr_1941,"Mas, os LIXOS da esquerda insistem em querer enganar as pessoas nenos esclarecidas!!",ofensivo,hatebr
hatebr_1942,"Muito bem Alexandre, continue a nos representar na imprensa brasileira, porque parte dela não sei que pensa, mas querem a desgraça do Brasil, será porque foi cortado alguns privilégios que tinham? A imprensa que você de privilégios de governos é porque não tem capacidade e nem qualidade. No Brasil a faze cubana, chavista e comunista tá com os dias contados e se Deus quiser vai zerar e estas desgraças, como Lula, José Dirceu, Dilma e seus comparsas vai sumir do mapa igual os dinosauros pré histórico,",ofensivo,hatebr
hatebr_1943,"Cortei inúmeras páginas que não é oficial, tem comunista que entra nesses grupos que fazem campanha até para não comer carne, é bom aí sobra e os produtores exportam mais ,E a greve segunda feira?.",ofensivo,hatebr
hatebr_1944,OS PESSIMISTAS SÃO DA ALA CANHOTINHA😂😂😂,ofensivo,hatebr
hatebr_1945,Esse Alexandre é um especialista de respeito mesmo. Veio da merda da Globo pra estrelar ao lado da direita.👏🇧🇷🇧🇷🇧🇷,ofensivo,hatebr
hatebr_1946,Onde anda o luladrão que depois da saída sumiu o molusco pra ver essa notícia aquele fdp,ofensivo,hatebr
hatebr_1947,@bolsonarosp o câncer do noblat sempre fala no blog dele tic tac sobre a chata da Marielle !envolvendo vocês,ofensivo,hatebr
hatebr_1948,"@bolsonarosp o lixo ,verme ,podre ,câncer ,azar ,ser das trevas ,da morte ,encosto ,infeliz ,infernal do noblat sempre fala no blog dele tic ,tac sobre a chata da Marielle !envolvendo vocês",ofensivo,hatebr
hatebr_1949,"@bolsonarosp o serpente do diabo ,da morte do noblat sempre fala no blog dele tic tac envolvendo vocês",ofensivo,hatebr
hatebr_1950,"@bolsonarosp o besta fera do noblat sempre fala tic tac no blog dele envolvendo vocês !com essa corja maligna do congresso ,STF ,mídia , jornalistas como esses diabos do noblat ,Fábio panunzio ,Reinaldo azedo ,Raquel sheirabosta ,José Simão ,George marques ,todos da globo enfim que perseguem @jairmessiasbolsonaro ,esquerda só teria solução com uma intervenção divina @bolsonarosp !Deus tinha que fazer uma limpeza com essa corja maligna @bolsonarosp",ofensivo,hatebr
hatebr_1951,E a esquerdalha PIRA..🤣😂😄😂😂🤣,ofensivo,hatebr
hatebr_1952,mentira fauso fora,ofensivo,hatebr
hatebr_1953,Este é o motivo dele ter levado um pé na bunda da globolixo,ofensivo,hatebr
hatebr_1954,PETISTA = BOSTA,ofensivo,hatebr
hatebr_1955,"Continuo contra! Pode ser negra, polonesa, freira, macumbeira ou miss Piraquara. Sou contra!",ofensivo,hatebr
hatebr_1956,Os racistas e facistas estão mordendo as costas e tendo calafrios de inveja....Que se cortem! 😘😘😘,ofensivo,hatebr
hatebr_1957,Ela não é a mais bonita do mundo. É só um concurso e muito mimimi,ofensivo,hatebr
hatebr_1958,Na terra em que essa mulher africana é bonita as trans são mulheres. Surrealismo clássico.,ofensivo,hatebr
hatebr_1959,Se tivesse ganhado uma branca seria contra né cara de pau.,ofensivo,hatebr
hatebr_1960,"Ai vem a hipocrisia, sou contra concurso de beleza pois mulher não é objeto, ok mas se a vencedora for Negra, ou qualquer representante de uma minoria ai tudo bem relativo isso.",ofensivo,hatebr
hatebr_1961,Enquanto isso o véio do baú dava um show de misoginia e racismo.,ofensivo,hatebr
hatebr_1962,"Mais de qq forma ta muito estereotipada, vale pela representação mas falta pela veracidade",ofensivo,hatebr
hatebr_1963,"Ainda bem que não foi no SBT, com certeza , lá, o resultado seria alterado pelo dono.",ofensivo,hatebr
hatebr_1964,"Comédia mesmo, se fosse uma mulher branca o concurso seria opressor, racista, homofóbico, elitista, etc ... Mas como essa linda mulher ganhou e tem a cor negra, agora o concurso é justo, honesto, representa as feminazis, etc ... Que discurso mais contraditório.",ofensivo,hatebr
hatebr_1965,"A @manueladavila é contra esteriótipos, mas fez lipo quando era gorda e hj ela diz pra vc mulher se aceitar como vc é! Kkkkkkkk",ofensivo,hatebr
hatebr_1966,Porque sempre dizer se é Negro ou Branco? A mulher é linda. Título mais que merecido!👏👏👏 Chega desta coisa do PT de dividir os povos! Não cola mais!,ofensivo,hatebr
hatebr_1967,"Tipico da esquerda: é contra até convir, ai “abre exceção”!!!",ofensivo,hatebr
hatebr_1968,Parece q tudo é ruim a menos q tenha um negro ou um lgbt no meio,ofensivo,hatebr
hatebr_1969,Aqui não farroupilha!!!,ofensivo,hatebr
hatebr_1970,"Nunca vai ser , nunca será presidente do nosso país. Vai se acostumando pq daqui uns dias não será eleito nem a presidente do grémio. 😚",ofensivo,hatebr
hatebr_1971,Mano o Haddad parece um rato kkkk,ofensivo,hatebr
hatebr_1972,"Qual é o mérito farroupilha? Porongos? Até o véio da havan ganhou essa medalha, qual é o critério para recebê-la?",ofensivo,hatebr
hatebr_1973,Mérito de que essa carniça,ofensivo,hatebr
hatebr_1974,"Garoto, era pra vc ser o nosso presidente e não essa besta que os “cidadãos de bem” elegeram!",ofensivo,hatebr
hatebr_1975,Esse cara não trabalha não???,ofensivo,hatebr
hatebr_1976,Vamos deixar a traidora da Marta de lado. Unir jamais.,ofensivo,hatebr
hatebr_1977,Meu estado cada vez mais decadente... Isso chega ser ridículo...,ofensivo,hatebr
hatebr_1978,Por isso q o RS ta falido !!!!,ofensivo,hatebr
hatebr_1979,Só pensando no chilique dos sulistas facistas que lá são maioria. 😂👏👏,ofensivo,hatebr
hatebr_1980,Isso explica. Decadência do RS.. uma pena!!!,ofensivo,hatebr
hatebr_1981,Vc realmente é muito competente..... até pra receber caixa 2 de um milhão de reais....e condenado....né ??,ofensivo,hatebr
hatebr_1982,O ministro mais flopado da história LOL,ofensivo,hatebr
hatebr_1983,Nenhuma dúvida ...esse presidente tem horror ao povo.,ofensivo,hatebr
hatebr_1984,Bolsonaro é uma vergonha!,ofensivo,hatebr
hatebr_1985,ele é louco mesmo,ofensivo,hatebr
hatebr_1986,"E ainda tem pessoas defendendo esse idiota,o triste é que a gente sofre junto com essas pessoas 😒",ofensivo,hatebr
hatebr_1987,Esse mauco ainda vai fazer muito estrago,ofensivo,hatebr
hatebr_1988,😡😡😡 Gente o que o povo tá esperando pra tirar esse Satanás do poder meu Deus,ofensivo,hatebr
hatebr_1989,"Depois que o PT roubou tudo, foi o que sobrou!!!",ofensivo,hatebr
hatebr_1990,Miserável calhorda mentiroso,ofensivo,hatebr
hatebr_1991,"Isto sempre ficou muito claro, Bolsolixo é contra os trabalhadores e o povo de bem num modo geral, ele apóia os milicianos, pronto a fazer qualquer desgraça contra o povo.",ofensivo,hatebr
hatebr_1992,Fale-nos sobre roubar dinheiro de aposentados. Você tem know-how!,ofensivo,hatebr
hatebr_1993,Ei Bolsonaro vai tomar no c...,ofensivo,hatebr
hatebr_1994,Desgraça que foi escolhida pelo povo para atrazar suas vidas,ofensivo,hatebr
hatebr_1995,Esse miseravel nunca trabaalhou o tempo que passou como parlamentar so ia fazer baixaria e dormir sem se preocupar sempre no final do mês estava lá seus vencimentos sem fazer por ondem.,ofensivo,hatebr
hatebr_1996,👏👏👏👏o capeta sendo capeta. Normal.,ofensivo,hatebr
hatebr_1997,PODE BOTAR TUDO SUE BC TIRA DO TRABALHADOR NO CU DA SUA MAE SEU FULEIRO ASSASSINO DE MARIELLE,ofensivo,hatebr
hatebr_1998,"Será,,Kkkk,,,,vcs mentem tanto mais tanto,,,,,parabéns Bolsonaro senta lenha",ofensivo,hatebr
hatebr_1999,"Esse Presidente é totalmente Perverso e incompetente. Quem tá por Trás de toda essa desgraça ao Povo Brasileiro, é Banqueiro Ministro. O Povo está sendo usurpado por uma Quadrilha intitulada de GOVERNO, com o total apoio do Congresso Nacional.",ofensivo,hatebr
hatebr_2000,Vagabundo pilantra,ofensivo,hatebr
hatebr_2001,"E ninguém faz nada, cadê o povo nas ruas??? Esse merda está tirando todos os direitos dos trabalhadores e ninguém reclama. . .não é possível!",ofensivo,hatebr
hatebr_2002,Mais uma mentira propagada pelo filha da Mentira!,ofensivo,hatebr
hatebr_2003,O vôMITO é mesmo o satanás!!!,ofensivo,hatebr
hatebr_2004,"E os gados aplaudem as retiradas dos seus próprios direitos,n dá pra entender isso!!!",ofensivo,hatebr
hatebr_2005,"Querida Gleisi Hoffmann,infelizmente o nosso povo está acostumado a ser manipulado ,seja na política,na religião,em casa ou no ambiente de trabalho,mediante todas as provas de que esse é o pior presidente que o Brasil já teve( pois consegue ser pior até dos que presidiram na época da Ditadura) , ainda assim esse povo calhorda o chamam de meu Capitão, de Mito, enquanto que eu peço desculpas ao Diabo se o chamo de Demônio",ofensivo,hatebr
hatebr_2006,Parabéns aos envolvidos! Faz arminha e grita mito.,ofensivo,hatebr
hatebr_2007,"Pra quem votou em BolsoNero meus parabéns ,vc é burro ,idiota ,alienado agora faz arminha e aceita que dói menos",ofensivo,hatebr
hatebr_2008,Esse bandido só gosta de roubar,ofensivo,hatebr
hatebr_2009,"Esse safado deveria roubar só de quem votou nele não era, só que infelizmente quer roubar de todos trabalhadores",ofensivo,hatebr
hatebr_2010,A todos os BOLSOLIXOS QUE VOTAM NELE,ofensivo,hatebr
hatebr_2011,Desgoverno dos infernos.,ofensivo,hatebr
hatebr_2012,Este é o lixo do lixo,ofensivo,hatebr
hatebr_2013,Isso é pouco pra os otário q votou nele.,ofensivo,hatebr
hatebr_2014,"Vão continuar apoiando esse Bolsomerda, bando de trouxas?",ofensivo,hatebr
hatebr_2015,Esse cara é um infeliz ruim,ofensivo,hatebr
hatebr_2016,Quem rouba o pagador de impostos são vocês que desviaram dinheiro pra todo canto esquerda raça maldita,ofensivo,hatebr
hatebr_2017,"Que beleza de governo para os trabalhadores!! Era isso o que vocês da imbecil direita, que também são trabalhadores queriam?",ofensivo,hatebr
hatebr_2018,Esse é um miserável que entrou na presidência pra acabar com o Brasil e com a classe que realmente trabalha! FORA TRASTE! FORA COISO!,ofensivo,hatebr
hatebr_2019,Bolsonaro na petralhada🤣🤣🤣,ofensivo,hatebr
hatebr_2020,Vota numa praga dessas!,ofensivo,hatebr
hatebr_2021,Bem feito kkkkk Parabéns para vocês que elegeram éssa desgraça. 😠😠😠😠😠,ofensivo,hatebr
hatebr_2022,bolsonaro fdp,ofensivo,hatebr
hatebr_2023,O que vem desse palhaço nada me surpreende eu só digo uma coisa parabéns para quem votou nesse despreparado...,ofensivo,hatebr
hatebr_2024,bozo pesadelo do pobre TRABALHADOR!@!!,ofensivo,hatebr
hatebr_2025,ALGUÉM PODERIA ME INFORMAR SE ESSE COISO É GENTE OU UM DEMÔNIO ENCORPORADO?,ofensivo,hatebr
hatebr_2026,Este homem é o CÃO em forma de serhumaninho 😂😂😂,ofensivo,hatebr
hatebr_2027,Tenho nojo desse demónio! Que o senhor: Deus ti repreendam santanista!,ofensivo,hatebr
hatebr_2028,O meu Deus tirar esse bolsonaro da presidência do Brasil esse homem diabólico tem tirado o direito dos trabalhadores brasileiros. Amará ele no inferno meu Deus o bolsonaro.,ofensivo,hatebr
hatebr_2029,Rindo feito um condenado,ofensivo,hatebr
hatebr_2030,Deveria descontar só de quem votou nesse presidente incompetente bruxonaro.......,ofensivo,hatebr
hatebr_2031,Esse sujeito é filho do Satanás.,ofensivo,hatebr
hatebr_2032,Cala esse bueiro de falar merda sua safada,ofensivo,hatebr
hatebr_2033,Governo golpista 😠😠😠,ofensivo,hatebr
hatebr_2034,O que mais falta para esse canalha roubar do povo? Pior presidente da história.,ofensivo,hatebr
hatebr_2035,Que merda é essa???,ofensivo,hatebr
hatebr_2036,"Mentira isso... Larga a mão de serem safados e Vagabundos, vocês que criaram muita coisa agora estão com graça....",ofensivo,hatebr
hatebr_2037,Patriota queimando a amazônia? Cristão apoiando assassino? A continha toda fechada. Covarde.,ofensivo,hatebr
hatebr_2038,Esse demônio tem que sair logo bolsomerda 💩💩💩,ofensivo,hatebr
hatebr_2039,Desgraçado fdp,ofensivo,hatebr
hatebr_2040,Deve ter muitos bolsoburros se rasgando!!!!!!,ofensivo,hatebr
hatebr_2041,Isso é um chorume 🤬🤬💩💩💩,ofensivo,hatebr
hatebr_2042,Muito boa essas medidas para os pobre que pensam que são ricos. bota pra fuder,ofensivo,hatebr
hatebr_2043,É melhor Jair arrumando mais cu pra tomar,ofensivo,hatebr
hatebr_2044,Esse bandido tem que cair fora,ofensivo,hatebr
hatebr_2045,Que pesadelo!! Que desgoverno! Que lixo este bolsofake!!😢😢,ofensivo,hatebr
hatebr_2046,"Kkkkkkkkk, só idiota não vê",ofensivo,hatebr
hatebr_2047,"De novo Narizinho,vc não cansa de falar mal do Bolsonaro,vai fazer outra coisa...vc sabe cozinhar,vai fazer alguma comida pro chifrudo do seu marido,chifrudo sim já que vc ama o cachaceiro de São Bernardo e vc qd vai ver ele em Curitiba,fica lá com ele na cela os dois a sós...",ofensivo,hatebr
hatebr_2048,#forabolsonaro corrupto,ofensivo,hatebr
hatebr_2049,VÃO TRABALHAR VAGABUNDOS,ofensivo,hatebr
hatebr_2050,PAREM DE ENGANAR OS BRASILEIROS,ofensivo,hatebr
hatebr_2051,VCS É QUE ESTÃO NOS ROUBANDO,ofensivo,hatebr
hatebr_2052,"Para de manipular o gado deputada, ele não criou nada só sanciono a lei que vcs criaram, mas como esperar democracia de uma parlamentar petista né... aí fica tentando responsabilizar ele",ofensivo,hatebr
hatebr_2053,"Sujeito desomano só pensa nele e na familia dele,mas eu creio Deus,diferente de que é falso com Deus",ofensivo,hatebr
hatebr_2054,Não ! Só o trabalhador tomando no cano .,ofensivo,hatebr
hatebr_2055,Uhuuu! Todos se ferrando.#euavisei,ofensivo,hatebr
hatebr_2056,Esse cara vai furde com trabalhador brasileiro quem votou nesse cara tá lacado kkkkkkk,ofensivo,hatebr
hatebr_2057,"Canalha inútil, vai tomar no cú",ofensivo,hatebr
hatebr_2058,Tona no cu trabalhador brasileiro que votou no narcotraficante.,ofensivo,hatebr
hatebr_2059,"Pra mim não é surpresa, acho é pouco para os idiotas que votaram nele, tô ferrada mais eles tbm",ofensivo,hatebr
hatebr_2060,"E um desgraçado, mais uma dia Ele saí",ofensivo,hatebr
hatebr_2061,E vcs roubaram o país inteiro... Idiota,ofensivo,hatebr
hatebr_2062,Nossa!!! Os trouxas não percebem!!!!!,ofensivo,hatebr
hatebr_2063,"Rebentado a gente, foi para isso que colocamos vc aí, vai acaba com nós pobres.",ofensivo,hatebr
hatebr_2064,Tenho mais nojo de quem votou nesse jegueeeeeee..ahhh vc votou vai aqui o meu FODA_SE pra vc ...🤗🤗🤗🤗,ofensivo,hatebr
hatebr_2065,"Tomem trouxas , trabalhominions",ofensivo,hatebr
hatebr_2066,Tá difícil mesmo esse bolsonaro e um demônio,ofensivo,hatebr
hatebr_2067,Bolsonaro 17 sempre o único que colocou e investigou o partido mais desonesto do Brasil Pt e seus ladroes,ofensivo,hatebr
hatebr_2068,"Esse nojento, coisa ruim dos infernos",ofensivo,hatebr
hatebr_2069,"Desgraçado, canalha!",ofensivo,hatebr
hatebr_2070,Isso é um lixo um verdadeiro crápula,ofensivo,hatebr
hatebr_2071,Não votei nesse lixo é jamais votarei!,ofensivo,hatebr
hatebr_2072,Fora Bolsonaro bandido,ofensivo,hatebr
hatebr_2073,Que merda esse homem ñ faz nada pra melhor so fera com nos trabalhadores,ofensivo,hatebr
hatebr_2074,Impeachment do presidente urgente e toda a corja URGENTE. 🙌🙌🙌,ofensivo,hatebr
hatebr_2075,Esse homem é o Satanás,ofensivo,hatebr
hatebr_2076,Toma pobre trouxa! 😂😂😂,ofensivo,hatebr
hatebr_2077,Esse cara é o cão em carne e osso!!!!!!,ofensivo,hatebr
hatebr_2078,Verme parasita🤮,ofensivo,hatebr
hatebr_2079,Só os trabalhadores burros e idiotas são a favor dele,ofensivo,hatebr
hatebr_2080,Fogo 🔥 nele,ofensivo,hatebr
hatebr_2081,Isso é um nojento. 🤮🤮🤮🤮,ofensivo,hatebr
hatebr_2082,Vagabundo vai ter o q merece ainda quero viver muito para assistir de camarote a derrota desse bozo👊👊👊,ofensivo,hatebr
hatebr_2083,Deveria valer só para os DESGRAÇADOS DOS INFERNOS MINIONS,ofensivo,hatebr
hatebr_2084,Só faz o mal a nação.,ofensivo,hatebr
hatebr_2085,Olha que o Gargamel apenas começou as atrocidades,ofensivo,hatebr
hatebr_2086,Tenha vergonha na cara e fale dos vcs fizeram com o Brasil!!! Nos fale sobre como está o Lula kkkkk,ofensivo,hatebr
hatebr_2087,Aí seus otario bonsoniho,ofensivo,hatebr
hatebr_2088,Estão vendo a burguesinha agradecendo o maldito!,ofensivo,hatebr
hatebr_2089,Tem q aprender a roubar com vcs do pt... vcs são mestres,ofensivo,hatebr
hatebr_2090,Familicia destruindo os direitos do trabalhador...,ofensivo,hatebr
hatebr_2091,Alguém pode dar um freio nesse miserável????..,ofensivo,hatebr
hatebr_2092,Parabéns aos pobres de direita😒,ofensivo,hatebr
hatebr_2093,"Filho da p........ volta Lula, só vc pra consertar tudo isso....",ofensivo,hatebr
hatebr_2094,"Isso é o anticristo, não tem vergonha na cara, de roubar os direitos de trabalhadores. Ao contrário dele que sempre mamou nas tetas do estado, e nunca criou um projeto se quer. E agora como um desgovernante tira direitos inclusive de eleitores dele como candidato. Um verdadeiro cara de pau.",ofensivo,hatebr
hatebr_2095,De roubo vocês são PhD.,ofensivo,hatebr
hatebr_2096,Vamos botar para arrombar... Pobre tem que se fuder,ofensivo,hatebr
hatebr_2097,"Canalha, desgraçado",ofensivo,hatebr
hatebr_2098,"PT nem em cena está, lulaaaa não governa desde 2014, seus bando de idiota",ofensivo,hatebr
hatebr_2099,"Facista maldito...O pior de tudo que apesar de todas as lutas empreendidas pelos brasil, O Bolsonarismo continua tirando os direitos dos trabalhadores",ofensivo,hatebr
hatebr_2100,Fica pra ele comer no caminho do inferno quando morrer,ofensivo,hatebr
hatebr_2101,Ñ suporto essas palhaçadas esse ñ. me representa.,ofensivo,hatebr
hatebr_2102,Esse cara e um canalha,ofensivo,hatebr
hatebr_2103,Essa gleisi tá bem doida,ofensivo,hatebr
hatebr_2104,"Milicianos a bordo, pó a jato",ofensivo,hatebr
hatebr_2105,Este cara nao tem mae nao isso e maldade e essa corja com tambem nao preta quanto estao gsnhando pra fazer tanta maldade com o povo brasileiro,ofensivo,hatebr
hatebr_2106,Esse maldito cretino e desgraçado,ofensivo,hatebr
hatebr_2107,Chupa bandidagem que votaram neste cara,ofensivo,hatebr
hatebr_2108,"Como quem nunca soube o que é Trabalho, sempre viveu fartamente as custas do Trabalho alheio, iria valorizar e Respeitar quem Trabalha!! Sangue Suga!!!!",ofensivo,hatebr
hatebr_2109,"Poucos vão sentir, porque a maioria dos Bolsotários são desempregados ou autônomos. Nem irão perceber o impacto na Economia. Não são gente. São espíritos encarnados",ofensivo,hatebr
hatebr_2110,"Nenhuma, mas va dizer isso aos burros que o elegeram!",ofensivo,hatebr
hatebr_2111,Nojo desse verme!,ofensivo,hatebr
hatebr_2112,Oras. Ele está cumprindo sua campanha. Os trouxas dos gados merecem. Se ferrem tudim.,ofensivo,hatebr
hatebr_2113,Esse bolsolixo é um canalha....,ofensivo,hatebr
hatebr_2114,deveria valer apenas para aqueles que lambem o saco dele!!,ofensivo,hatebr
hatebr_2115,Isso é uma peste na vida da gente. Nunca tive dúvidas q essa criatura não presta.,ofensivo,hatebr
hatebr_2116,Ladrões safadooo 🍊🍊🍊,ofensivo,hatebr
hatebr_2117,"É o satanás , merece ser queimado no fogo do inferno",ofensivo,hatebr
hatebr_2118,"Bom e assim , xupa bolsomions .....papaguns",ofensivo,hatebr
hatebr_2119,Bando safado,ofensivo,hatebr
hatebr_2120,Que tudo dê ruim que ele está fazendo recaia 70 vezes mais sobre ele,ofensivo,hatebr
hatebr_2121,"Infeliz, desgraçado...",ofensivo,hatebr
hatebr_2122,Porra sera que vamos ficar omissos as merda desse verme e hora de para esse boso do caralho,ofensivo,hatebr
hatebr_2123,O destruidor do futuro!,ofensivo,hatebr
hatebr_2124,PT roubando o país inteiro!!,ofensivo,hatebr
hatebr_2125,E A LEI DO CÃO DEVERIA ATINGUIR SÓ OS QUE VOTARAM NESTE VERME,ofensivo,hatebr
hatebr_2126,DEVERIA ATINGIR SÓ OS VOTARAM NESTE VERME,ofensivo,hatebr
hatebr_2127,"E ainda encontra criatura achando bom, mas o capeta só faz e torce por coisas ruins.",ofensivo,hatebr
hatebr_2128,"Já q é burro Bozo, peça alguém de confiança, não da família lógico, para interpretar o q vai assinar canalha",ofensivo,hatebr
hatebr_2129,Seu golpista golpista golpista,ofensivo,hatebr
hatebr_2130,"PARA PETISTA QUE NUNCA TRABALHOU, SEMPRE HOUVE IMPOSTO DE RENDA SOBRE A FONTE, OU SEJA, SALÁRIO MENSAL, FÉRIAS E 13° SALÁRIO D SÓ PAGZ QURM GANHA ACIMA DE R$1.900,00 . PROPRINA DZ ODEBRECHT PAGA IMPOSTO??",ofensivo,hatebr
hatebr_2131,Kkkkkkkkkk.....pra vc não é problema..... nunca trabalhou mesmo..... sempre atoa e mamando nas tetas governamentais.....,ofensivo,hatebr
hatebr_2132,Agora os trouxas fazem 🔫🔫🔫🔫🔫🔫🔫🔫🔫🔫😂😁😂😁😂😁😂😁😂😃😃😂😁😁😀😁😀😁😀😂😁😂😁,ofensivo,hatebr
hatebr_2133,"Esse enbuste de satanas nao morreu e quer matar o trabalhador , inseto repuginante",ofensivo,hatebr
hatebr_2134,Os gados gostam de pagar para tirar férias 🍊🍊,ofensivo,hatebr
hatebr_2135,Presentão para a classe trabalhadora que votou pra se lascar.,ofensivo,hatebr
hatebr_2136,MESMO ASSIM AINDA TEM DESINFORMADOS OU IDIOTAS ELOGIANDO ESSE DESGOVERNO,ofensivo,hatebr
hatebr_2137,Q Coiso mais imunda!!!!,ofensivo,hatebr
hatebr_2138,"Eu não sei o que é pior, saber dos abusos do atual presidente ou ter pessoas ainda defendo uma cara desse! Sei não viu! Esse povo é doente! 🤦🤦🤦",ofensivo,hatebr
hatebr_2139,"Isso é verme, um ascaroso.",ofensivo,hatebr
hatebr_2140,E bem feito pra quem votou nesse traste,ofensivo,hatebr
hatebr_2141,Esse miliciano é uma peste!,ofensivo,hatebr
hatebr_2142,ei fi de rapariga esse Bolsonaro,ofensivo,hatebr
hatebr_2143,"Gente quantas maldades, essa história de que daqui a 10 anos o Brasil será melhor, é absurda , até quando os bolsominions, continuarão com o manterá a culpa é do PT, até quando essa lobotomia fará efeito, com uma receita de bilhões, deixada nos cofres e essa praga fascista usurpando , vendendo tudo e prejudicando somente os menos favorecidos, em favor de empresários e grandes fortunas ?",ofensivo,hatebr
hatebr_2144,Absurdo é vc querer falar alguma coisa e roubar o dinheiro dos aposentados do INSS sua marmiteira,ofensivo,hatebr
hatebr_2145,A rainha das fake News ataca de novo 🤦 @gleisihoffmann,ofensivo,hatebr
hatebr_2146,"Depois q esse verme sair , pode revogar essas merdas q ele tá fazendo com o povo?",ofensivo,hatebr
hatebr_2147,"JAMAIS IRIA TORCER CONTRA O MEU BRASIL, MAS BEM FEITO PRA QUEM VOTOU NESSE PEDAÇO DE ESTRUME, EU VOU ME FODER, MAIS QUERO VER DE CAMAROTE ESSES BURROS SE FODEREM MAIS AINDA!",ofensivo,hatebr
hatebr_2148,Nao adianta petesada voçeis nao vao atrapalhar o povo nao quere mais PT tar ok,ofensivo,hatebr
hatebr_2149,Deus vai entregar ele aos cuidados de satanás,ofensivo,hatebr
hatebr_2150,EU AVISEI AOS BURROS E JUMENTAS QUE VOTARAM NESTE LOUCO 😂😂😂,ofensivo,hatebr
hatebr_2151,Lixo huamano. Desgraçado,ofensivo,hatebr
hatebr_2152,"Eu Bolsonaro, vai tomar no cu",ofensivo,hatebr
hatebr_2153,De roubo PT entende né.....da uma dicas #gleisihoffmannnacadeiajá #gleisiterrorista #GleisiDesesperada,ofensivo,hatebr
hatebr_2154,Vocês falarem em roubo é uma comédia. #ptcorrupto #ptlixo,ofensivo,hatebr
hatebr_2155,Chupa pobre de direita!!!!🤣🤣,ofensivo,hatebr
hatebr_2156,Fora demonio💩💩💩💩💩💩💩,ofensivo,hatebr
hatebr_2157,Maldito seja para todo o sempre.,ofensivo,hatebr
hatebr_2158,Esse Lixo humano vai se arrepender 🤬,ofensivo,hatebr
hatebr_2159,Isso é uma desgraça,ofensivo,hatebr
hatebr_2160,Presidente sem noção.,ofensivo,hatebr
hatebr_2161,Presidente miserável,ofensivo,hatebr
hatebr_2162,Desgoverno miserável,ofensivo,hatebr
hatebr_2163,E isso vale para os coxinhas 🍗🍗🍗 também ???? Nossa!!! Governo pato...🦆🦆🦆🦆🦆🦆 Só come abacaxi ...🍍🍍🍍🍍🍍,ofensivo,hatebr
hatebr_2164,Um monstro!👿👿👿👿👿👿👿👿👿👹👹👹👹☠☠,ofensivo,hatebr
hatebr_2165,"Monstro, mercenário. Cadê os investimentos na saúde e educação q é direito do povo, onde enfia tanto dinheiro?",ofensivo,hatebr
hatebr_2166,INIMIDO DO POVO BRASILEIRO!! vamos pagar pelos loucos como ele que votaram nele =(((,ofensivo,hatebr
hatebr_2167,Os minions estão gostando.,ofensivo,hatebr
hatebr_2168,Assaltante de pobre,ofensivo,hatebr
hatebr_2169,"O sua doente, se ele sancionou a lei foi por que vocês criaram a lei e foi aprovada no congresso, então deixa de ser hipócrita o doente!",ofensivo,hatebr
hatebr_2170,hahahaha vcs roubaram a dignidade de um povo cambada de corruptos,ofensivo,hatebr
hatebr_2171,"Cínico, ordinário, antidemocrático",ofensivo,hatebr
hatebr_2172,"Quando a fonte das notícias é o UOL, fórum e folha da são Paulo ja da pra sabe que é mentira oque foi escrito pelos jornalistas",ofensivo,hatebr
hatebr_2173,Louco roubando nossos direito,ofensivo,hatebr
hatebr_2174,O que eu posso dizer sobre isso o bolsonsto nunca foi diferente nunca falou que lutar ia por trabalhadores mulheres direitos não não é mesmo assim ganhou não falando nada de bom e ainda mais falando atrocidades e mesmo assim ganhou agora os deputados senadores hipócritas mentirosos aprovando tudo que esse escrito safado manda para o congresso e o povo continua cego surdo e mudo então faz parte do pacote pena que paga quem não votou nos canalhas .,ofensivo,hatebr
hatebr_2175,O demônio em pessoa.,ofensivo,hatebr
hatebr_2176,"Kd a burguesia que tanto apoia esse bosta, rapaz esse verme só chegou para destruir o país. Esse cara é uma vergonha mundial. Ricos que vive de mamada sim, esses apoiam ele.",ofensivo,hatebr
hatebr_2177,"Toma Otarios que votaram nele olha que Elle so fode os pobres os Rico's tem tudo sabe me dizer Qual foi o ato dele contra os Rico's ,?",ofensivo,hatebr
hatebr_2178,Fdp nojo desse cara !!!!,ofensivo,hatebr
hatebr_2179,Tirem esse idiota logo.,ofensivo,hatebr
hatebr_2180,Pq ele veio para roubar matar e destruir!,ofensivo,hatebr
hatebr_2181,"FELIZES BOLSOOTARIOS?????? A CADA DIA BOLSOMERDA MOSTRA COM CLAREZA, QUE USOU VOCES, COMO O PESSOAL DO MATO USA O SABUGO DE MILHO.....PARA LIMPAR O CÚ!!!! ENTAO CAPIAUS BOLSOOTARIOS COMO SE SENTEM COMO SABUGOS DE MILHO DE BOLSOMERDA????? SE APENAS ATINGISSE VOCES, ESTRUMES, TUDO BEM,SERIA OTIMO!!!!! MAS VAI ATINGIR A TODOS, QUE NAO SAO IMBECIS COMO VOCES, BOLSOCAPIAUS!!! INFAMES!!!!💩💩💩🐴🐀🐀🐀🐀🐀🐀🐴🐴🐴🐴",ofensivo,hatebr
hatebr_2182,Ele deixou bem claro. E muito difícil ser empresário no Brasil. Que iria acabar com isso que tá aí taokey. Mas o gado iludido com um porte de arma dgratizzz. Tá tomando no.cu. e gritando . Mito mito mito.🤣🤣🤣🤣,ofensivo,hatebr
hatebr_2183,"Nojo eu tenho de meleca, o q sinto por esse asno não tem nome😡😡😡🤮🤮🤮🤮💩💩💩💩💩",ofensivo,hatebr
hatebr_2184,Um tremendo FDP 😒😒😒😒,ofensivo,hatebr
hatebr_2185,Que nojo #impeachmentbolsonarojá #Impeachmentbolsonaro #forabolsonaro,ofensivo,hatebr
hatebr_2186,Este senhor é um comandado pelo louco que se diz economista e demais e ninguem faz nada,ofensivo,hatebr
hatebr_2187,lixo do caralho 👎 nojo,ofensivo,hatebr
hatebr_2188,Tem pessoas que se dizem empresarios e aplaudem essa medida absurda. Sera que sao empresarios mesmo! Ou sao donos de quintal e querem aparcer. Empresario de verdade sao super honestos.,ofensivo,hatebr
hatebr_2189,Cabra safado. vai se fuder.,ofensivo,hatebr
hatebr_2190,Nossa uma deputada sem conhecimento que eram descontados das férias e do décimo se informa que fica feio,ofensivo,hatebr
hatebr_2191,Sobra para o pobre foda se,ofensivo,hatebr
hatebr_2192,"Por causa de uma safadada, como você gue ajudou a dar o golpe gue estão aí, sua aloprada, janaina pascoal.",ofensivo,hatebr
hatebr_2193,Você é tão idiota que cansa.,ofensivo,hatebr
hatebr_2194,"Joyce, se eu gostasse de mimimi eu comprava um gato gago.",ofensivo,hatebr
hatebr_2195,Que agumento sua doida? Já viu esquerda ter argumento? São todos uns canalhas,ofensivo,hatebr
hatebr_2196,Se ficassem calados ajudaria mais ao Presidente,ofensivo,hatebr
hatebr_2197,"Para de falar merda deputada, que é contra a democracia e seu partido que entrou com pedido para travar a manifestação.....vai trabalhar.",ofensivo,hatebr
hatebr_2198,"Nunca deu bola para a Deputada Janaina Paschoal, agora ta puxando sardinha pro lado dela pra ela vir jogar no seu time neeee?",ofensivo,hatebr
hatebr_2199,"Pq nao vai trabalhar de verdade e para de querer puxar o tapete dos outros? Fica na sua e trabalhe, no final mostre seu trabalho e nada mais... odio nao vai te levar a nada...",ofensivo,hatebr
hatebr_2200,"Porém, ele está certo, bandidos tem q ser tratados como bandido. AI-que dor.🇧🇷🇧🇷🌴🌴",ofensivo,hatebr
hatebr_2201,Podia deixar o cara em paz. Inveja da peste. Mágoa reprimida.,ofensivo,hatebr
hatebr_2202,Os filhos do mito atrapalham demais! Batem fora do bumbo!!,ofensivo,hatebr
hatebr_2203,Al5 já pra cima dos bostas que querem destruir o Brasil,ofensivo,hatebr
hatebr_2204,"Não, Janaina a arrependida cruela, a esquerda tem argumentos porqud a direita brasileira é escrota, com rarissimas exceções...",ofensivo,hatebr
hatebr_2205,Nisso vc tem razão . Os filhos do presidente falam muita besteira desnecessária,ofensivo,hatebr
hatebr_2206,Va trabalhar joice pq esta incomodanda com um guri como diz vc😉,ofensivo,hatebr
hatebr_2207,É muito mimimi. Eu não aguento essa merda,ofensivo,hatebr
hatebr_2208,"Sepulcro Caiado, arrumadinha por fora, pois bonita bem de longe e podre por dentro",ofensivo,hatebr
hatebr_2209,"Fortalece a esquerda? Pergunte ao povo o que acha sobre uma possível reedição do AI-5? @joicehasselmannoficial , uma piada",ofensivo,hatebr
hatebr_2210,"se falar A ESQUERDA RECLAMA, se não falar A ESQUERDA INVENTA...bora esquecer essa esquerda DUZINFERNOS e trabalhar meu povo!!!",ofensivo,hatebr
hatebr_2211,É muito mimimi da sua parte nobre deputada... O Brasil tem muito problema para ser discutidos,ofensivo,hatebr
hatebr_2212,Por causa deles vai dar merda em 2022 🤦🏼‍♂️,ofensivo,hatebr
hatebr_2213,"Joice, Ju que vc não sente vergonha de vc mesma ?",ofensivo,hatebr
hatebr_2214,"Seria bom que as pessoas ao invés de ficarem dando pitacos sobre o ouvi falar procurassem se informar melhor e entender o contexto das coisas, o que foi dito explorava o campo hipotético de a esquerda partir para a ignorância (o que sempre é de se esperar) e de como deveria ser a reação. Quanto a deputada Joice creio que seria bom descer do altar e trabalhar para o que foi eleita sem mimimis, e a tal da Janaína mostrar algo de bom porque até agora fora dar pitacos onde não foi chamada também não mostrou nada.",ofensivo,hatebr
hatebr_2215,"Estes filhos vão acabar com o governo. Só fazem mer...da, dão munição aos da canhotas!!! Ninguém no governo pra colocar um pouco de juízo na cabeça deles?? Parece até que se deslumbraram com o poder!!!",ofensivo,hatebr
hatebr_2216,"Tu ta chata pra caralhoooooooooo. Vida que segue, esquece !",ofensivo,hatebr
hatebr_2217,Só assim as hienas se apresentam...,ofensivo,hatebr
hatebr_2218,"A esquerda fala um monte de coisas contra o governo, prometem por.fogo no país, uma tal lá do Rio disse que sem derramamento de sangue etc e aí ,fala algo sobre isso",ofensivo,hatebr
hatebr_2219,"Ele podia cansar de passar vergonha, está cavando cova pro governo.",ofensivo,hatebr
hatebr_2220,Filhos do Bolsonaro fiquem calados seus bunda mole.,ofensivo,hatebr
hatebr_2221,Quando à esquerda esperneia é porque tem medo do Veneno. AI-5 neles.,ofensivo,hatebr
hatebr_2222,"EXATAMENTE. É um idiota, mimado e egoísta!",ofensivo,hatebr
hatebr_2223,Exatamente só fala merda ....,ofensivo,hatebr
hatebr_2224,"O problema do Presidente são os filhos dele. Se soubessem pensar mais, não teríamos metade dessas coisas.",ofensivo,hatebr
hatebr_2225,"Eu não entendo como insensata não: eu entendo como um alerta que foi dado aos esquerdistas que estão achando que podem fazer a baderna que está acontecendo no Chile. Pois é Janaína, o AI-5 é para essas ocasiões. Os comunistas baderneiros ficam avisados.",ofensivo,hatebr
hatebr_2226,Um AI5 ia cair muito bem no Brasil hoje.,ofensivo,hatebr
hatebr_2227,Fica calado CARA !! Babaca .,ofensivo,hatebr
hatebr_2228,"Mais mimimi... esse.pensamento só enfraquece! O povo votou em Bolsonaro e nos demais é pra falar e derrubar discursos e mentiras esquerdistas e lutar por nós! Não para ficarem medindo palavras com medo dos ataques! Vcs deveriam estar todos unidos a eles ajudando a derrubar essa esquerda destruidora e não ajudando a enfraquecer a situação e o governo, insistindo nesse tipo de postagens!",ofensivo,hatebr
hatebr_2229,"Concordo...boca fechada não entra mosquito...sabemos a verdade, mas na maioria das vezes precisamos nos manter em silêncio e apenas agir de forma coerente e pensada para não dar motivos para essa esquerda mesquinha hipocrita.",ofensivo,hatebr
hatebr_2230,Não precisa de AI5 O que venha o Artigo 142 já.,ofensivo,hatebr
hatebr_2231,"Ele não falou nada que o povo na5o concorde , Idiotas !!",ofensivo,hatebr
hatebr_2232,Todos farinha do mesmo saco ...os que pensam q não são logo mais será... infelizmente 😠,ofensivo,hatebr
hatebr_2233,@joicehasselmannoficial você não engana ninguém 🤮🤮💩💩💩💩,ofensivo,hatebr
hatebr_2234,O povo brasileiro de bem não quer mais a ESQUERDA BRASILEIRA,ofensivo,hatebr
hatebr_2235,É um IDIOTA no poder.,ofensivo,hatebr
hatebr_2236,Vc é uma merda caroneira,ofensivo,hatebr
hatebr_2237,Legítimo bosta esse loco....,ofensivo,hatebr
hatebr_2238,Concordo. Mas...Vc fortalece a esquerda também @joicehasselmannoficial quando sai atirando pra todo lado e puxando tapete do presidente.,ofensivo,hatebr
hatebr_2239,A esquerda pertence ao diabo,ofensivo,hatebr
hatebr_2240,Não. Têm que falar sim. Oque fortalece a esquerda é vocês criticarem o presidente e seus aliados. Isto é de uma enorme burrice.,ofensivo,hatebr
hatebr_2241,Porca branca nao cança de passar vergonha. Kkkkkk,ofensivo,hatebr
hatebr_2242,Cala boca Magda 🤦‍♀️,ofensivo,hatebr
hatebr_2243,Cala sua boca 🤪🤪🤪 só fala merda,ofensivo,hatebr
hatebr_2244,"Sou eleitor do pai deles, mas queria ver os filhos dele no exílio. Pelo menos por 4 anos.",ofensivo,hatebr
hatebr_2245,"Esse rapaz só me recorda camarão, a merda tá na cabeça",ofensivo,hatebr
hatebr_2246,"Esse cara precisa de tratamento. É só ver ele falar, percebe se que tem problemas psicológico... fraco nos argumentos.... parece um cara perigoso quando ameaça.",ofensivo,hatebr
hatebr_2247,Não se deve dar ouvidos a esse idiota!,ofensivo,hatebr
hatebr_2248,"Quanta besteira. Ele nem falou nada demais e os safados já se aproveitam. Sen do PT fez ameaças ao Brasil no Twitter e não vimos vc Joice e nem essa Janaína rebatendo o mesmo. Agora querem calar um dep fed, é? Vcs já cansaram..",ofensivo,hatebr
hatebr_2249,"Bolsonaro precisa de tranquilidade para governar espero que os filhos entendam que eles estão fornecendo munição pra esquerda maldita e atrapalhando demais este governo! Sou obrigada a dizer que calados ajudam mais pois vcs não têm nenhum preparo. Precisam estudar melhor, se prepararem. Além disto deputada vaidosa e querendo notoriedade também atrapalha",ofensivo,hatebr
hatebr_2250,"Seria muito bom voltar a trabalhar e vc e ele ou quer quem seja, parar de fofoquinha",ofensivo,hatebr
hatebr_2251,Palavras de moleque,ofensivo,hatebr
hatebr_2252,Muito Irresponsável!!,ofensivo,hatebr
hatebr_2253,Cala a boca vcs são traidoras 😡,ofensivo,hatebr
hatebr_2254,"Eu acho, que o filho do presidente , é seu maior impecilio , o presidente perde muito tempo tentando explicar as burrice filho errrr.",ofensivo,hatebr
hatebr_2255,O q fortalece a esquerda são os traidores q se elegeram as custas do presidente e depois de eleitos o apunhalam pelas costas. Isso sim!!!😠,ofensivo,hatebr
hatebr_2256,Os filhos dele são um lixo e tão afundando o pai .. infelizmente,ofensivo,hatebr
hatebr_2257,Outra q não vou e essa Janaína fica em cima do muro o lado q tá ganhando e q ela vai,ofensivo,hatebr
hatebr_2258,Os filhos do nosso Presidente poderiam calar à boca!!!,ofensivo,hatebr
hatebr_2259,Para de tentar aparecer!!! Não precisa 🇧🇷🇧🇷🇧🇷🇧🇷,ofensivo,hatebr
hatebr_2260,Concordo ! É um banquete para esquerda .Estes meninos teem que calar é deixar o presidente falar.,ofensivo,hatebr
hatebr_2261,Já falei pra calar a boca Joice...,ofensivo,hatebr
hatebr_2262,"Sabe Dra Janaina, acho que só o mimadinho não sabe disso. Tonto de carteirinha!!!",ofensivo,hatebr
hatebr_2263,"Falou tudo , quando que eles vão acordar , dando munição pra esquerda e burrice .",ofensivo,hatebr
hatebr_2264,Parabéns Janaína!O que atrapalha nosso Presidente é a interferência irresponsável e ignorante de seus filhos!,ofensivo,hatebr
hatebr_2265,"Agora essa nova esquerda light quer calar os filhos??? E o pai também será??? Gente asquerosa, invejosa e que só pensa no poder pelo poder, não ta nem ai pro país! Sou Bolsonaro e família sim, desses tipinhos aí o país ta cheio e deu no que deu até agora!",ofensivo,hatebr
hatebr_2266,Para com essa briga. Todo mundo erra. Seja compassiva com os outros. Ou aguentaremos os ladroes da esquerda.,ofensivo,hatebr
hatebr_2267,"Este rapaz é um enfant gaté, uma criança mimada. O BOLSONARO não precisa de inimigos, já os tem em família.",ofensivo,hatebr
hatebr_2268,Quem dá moral pra essa mulher fala e uma esquerdista disfarçada louca por poder vamos lacrar kkkkkk,ofensivo,hatebr
hatebr_2269,To achando que vc tomou um fora dele!! Essas suas atitudes são de amor não correspondido.,ofensivo,hatebr
hatebr_2270,"Essa fala foi ótima, pra fazer a esquerda pensar bem antes de querer plantar o terror, quem está sem paciência agora é o cidadão de bem.",ofensivo,hatebr
hatebr_2271,Chata pra caralho,ofensivo,hatebr
hatebr_2272,"Esses filhos são uns ignorantes, irresponsáveis e arrogantes!",ofensivo,hatebr
hatebr_2273,Concordo. Só fala merda,ofensivo,hatebr
hatebr_2274,"Mentira vcs não conseguirão tirar a base do presidente que são os filhos e o povo. Bolsonaro 2022 e parabéns a família Bolsonaro. Ficamos com um patriota de 28 anos de Parlamento sem se corromper, o restante que são oportunistas faremos uma faxina na próxima eleição.",ofensivo,hatebr
hatebr_2275,"Deputada Mimimi, vai trabalhar! Larga o teclado da discórdia! Que dor na alma sua pessoa sente!Deus e um bom terapeuta para te socorrer. Vergonha!",ofensivo,hatebr
hatebr_2276,Some da mídia Joice Vc é ridicula,ofensivo,hatebr
hatebr_2277,Esse cara fala besteira demais....Se ele manter a bica fechada com certeza vai ganhar muito mais.,ofensivo,hatebr
hatebr_2278,"Fica calada pra n falar merda, TRAÍDORA",ofensivo,hatebr
hatebr_2279,Falta cérebro joice. Nao é culpa dele nao. Nenem.,ofensivo,hatebr
hatebr_2280,É verdade alguém tem que colocar um tapa boca nele,ofensivo,hatebr
hatebr_2281,Com esses filho...O Presidente não precisa de inimigos !,ofensivo,hatebr
hatebr_2282,Merda de babaca fala merda esse embcil,ofensivo,hatebr
hatebr_2283,duas notas de 3,ofensivo,hatebr
hatebr_2284,"Tá bom!! Só um lado pode atacar então? O cara vai ouvir um monte de canalhas atacando o próprio pai o tempo todo e tem que ficar de boca fechada, ahhhh desce daí né!! Da licença!!",ofensivo,hatebr
hatebr_2285,"Quem matou Celso Daniel? Por que coisas com mais importância, ficam de lado e dão espaço para mímimi?? Fala sério, hora de vcs trabalharem de verdade para o nosso país...",ofensivo,hatebr
hatebr_2286,A fala de quem quer que seja da direita não faz diferença. Os esquerdopatas sempre arranjam argumentos espúrios para denegrir.,ofensivo,hatebr
hatebr_2287,"Isso é um otario, zé ruela , só ele que dar trabalho ao governo do pai dele, esse bosta , e tu joice faz o teu e esquece ele",ofensivo,hatebr
hatebr_2288,"Vamos incendiar o país, MST. vamos fazer uma guerra civil, CUT. É preciso derramar sangue, Benedita da Silva. Vai morrer gente, Gleisi Hoffman. Vamos fuziar, Mauro Iasi, PCB. Eles vão apanhar nas Ruas, Dirceu.",ofensivo,hatebr
hatebr_2289,"MEU DEUS É TUDO QUE A ESQUERDA QUER,... PARA DE FALAR MERDA FALA O QUE DEVE SER DITO AJUDA O PAI!!!!!...... E NAO A FUDER COM TUDO CARAÍ.. DA RAIVA.....",ofensivo,hatebr
hatebr_2290,"Se vocês focam no TRABALHO de vocês, que são suas obrigações e largasse a vida dos outros, já seria um grande avanço.",ofensivo,hatebr
hatebr_2291,"ENQUANTO NOSSO PRESIDENTE, SE MATA PROCURANDO ORGANIZAR NOSSO PAÍS, HÁ TODO MOMENTO OS ALMOFAFINHAS, DEMONSTRAM QUE SÃO OS FILHOS QUE MAIS TEM ATRAPALHADO O GOVERNO DO PAI. SÃO OS PIORES ADVERSARIOS DO GOVERNO. SE TOQUEM. PAREM DE FAZER MERDA.",ofensivo,hatebr
hatebr_2292,"Engraçado como é a política..Bolsonaro sempre defendeu abertamente a ditadura Militar e mesmo assim vc trabalhou para elegelo e se eleger nas costas deles agora tah revoltadinha com declarações do filho,se enxerga cara de pau",ofensivo,hatebr
hatebr_2293,"Fica quieta joice, tá feio ja",ofensivo,hatebr
hatebr_2294,"Para de dá nojo tbm, vai trabalha, esquece dos filhos dele, mostra o que vc faz",ofensivo,hatebr
hatebr_2295,"Realmente , seria mais sensato que os filhos do Presidente permanecessem calados!!! 👍",ofensivo,hatebr
hatebr_2296,Mas tu é mto cara de pau né Joice?!!!!tá se queimando sozinha......🤣🤣🤣🤣🤣👍,ofensivo,hatebr
hatebr_2297,"Ah... Me poupem, qta gentalha lesou a Pátria, isso sim é um crime bárbaro, vão catar coquinho, e destruir o povo prós raios de outro lado,qualquer dia soltam o Lula e tudo fica numa boa, me poupem!!! Com este assunto",ofensivo,hatebr
hatebr_2298,Muito sensata!!! Essas falas da argumento ais esquerdistas.,ofensivo,hatebr
hatebr_2299,Sua estúpida qual tua revolta qd o Humberto amecou.,ofensivo,hatebr
hatebr_2300,"Lamentável, quando a globo estava nas cordas esse imbecil lhe dá armas para continuar",ofensivo,hatebr
hatebr_2301,Só pq falou a verdade......esta sendo sacrificado????? Pelo menos fica o alerta pra esquerda e traidores do Brasil,ofensivo,hatebr
hatebr_2302,"@joicehasselmannoficial ... Tá fazendo o que ainda nesse partido depois de tanta humilhação? Se respeita, cai fora desse escárnio",ofensivo,hatebr
hatebr_2303,"Filhos mimados e irresponsáveis. Tinham q tomar uma surra e ficar de castigo, sem celular e sem briquedos",ofensivo,hatebr
hatebr_2304,"Para de mimimi Joice ,e vai trabalhar ,só fala nisso",ofensivo,hatebr
hatebr_2305,Quem se juntou a Maria do barraco foi vc!,ofensivo,hatebr
hatebr_2306,Este cara é um trem desgovernado!,ofensivo,hatebr
hatebr_2307,"Sou obrigado a concordar @joicehasselmannoficial e @janainacpaschoal infelizmente os filhos tem prejudicado e muito o pai, torço muito pelo governo do @jairmessiasbolsonaro pois acredito que ele pode levar o Brasil para novos rumos, mas Jair manda seus filhos calarem a boca, já virou um saco a ptzada de mimi usando as falas deles pra deturpar o bom andamento das coisas, nós agradecemos imensamente🙌🙌🙌",ofensivo,hatebr
hatebr_2308,Não concordo com isso. Isso é picuinha sua. E espero que você não faça nada. Se não tivesse brigado não faria nada. você parece criança. O deputado mais votado mais até que você. Não vou deixar de seguir você mais vou argumentar contra todas suas picuinhas.,ofensivo,hatebr
hatebr_2309,Esses filhos parecem que querem destruir o pai.,ofensivo,hatebr
hatebr_2310,"Vocês ainda não entenderam a extrema esquerda revolucionária você falando ou não, fazendo ou não, produzindo ou não, atacando ou não, se defendendo ou não, eles querem o poder acima de tudo, onde o fim nustifica os meios. Vão atacar violentamente e sistematicamente tudo aquilo que está fora dos interesses do partido. Isso é um fato histórico. Só no Brasil que enxergam a esquerda como um partido, quando a história nos prova o contrário. Não é uma questão de dar munição para o oponente, e sim, de sobrevivencia em meio a uma máfia política criminosa que tomou conta o estamento burocrático brasileiro, que se preciso for, mandam matar. Alguém ainda tem dúvidas?",ofensivo,hatebr
hatebr_2311,Ta igual a Globolixo... uma fala dele e vc ta criando mentiras. Sabe interpretar nao ne!! Vc só se afunda Joice. Deprimente!!!,ofensivo,hatebr
hatebr_2312,"Os filhos do presidente calados, são poetas..",ofensivo,hatebr
hatebr_2313,"Fortalece porra nenhuma , já foi , já passou , muito Mimimi",ofensivo,hatebr
hatebr_2314,"A esquerda está acabada , já era",ofensivo,hatebr
hatebr_2315,Tadinha de você. A senhora só foi eleita por causa do bolsonaro. O país todo sabe disso,ofensivo,hatebr
hatebr_2316,"@joicehasselmannoficial senta lá, senta!",ofensivo,hatebr
hatebr_2317,Seria tão bom se esses filhos do Bolsonaro ficassem calados para sempre!!!!,ofensivo,hatebr
hatebr_2318,Tem uns da direita que adoram aparecer deturpando as falas dele....,ofensivo,hatebr
hatebr_2319,Tudo que a família Bolsonaro falar vira esse mimimi . O que a esquerda quer é afastar os filhos que são soldados leais do presidente . Não caiam nessa .,ofensivo,hatebr
hatebr_2320,"Se arrependimento matasse, eu e todos meus amigos e familiares a quem incentivei que votassem em vc estaríamos mortos!! 🤮",ofensivo,hatebr
hatebr_2321,"Sei, sei! Irresponsável. Fazer o que né! Eu entendi perfeitamente o que ele quis dizer. Mas e o Humberto Costa vai ser inquirido no conselho de ética? Interessante......",ofensivo,hatebr
hatebr_2322,"Esse porra defeca pela boca, só atraí mídia negativa pro pai dele...deveria ir pros EUA e ficar lá por um bom tempo.",ofensivo,hatebr
hatebr_2323,"Vai “garrar” vergonha na cara sua aproveitadora, porque você não se indignou com a ameaça do podre de senador Humberto Costa e outros esquerdalhas nojentos quando ameaçam o Brasil? 🐍 é o que você é!!!! 🤮🤮🤮",ofensivo,hatebr
hatebr_2324,Mudou de opinião em 6 meses. Joice é uma das figuras mais asquerosas essa política🤮,ofensivo,hatebr
hatebr_2325,Cala a boca. Deixa eles falarem pois eles estso pegando até palavras no ar até pensamento para ter motivo para falar e criticar. Fica quieto você não é amigo do Predidrnte você é filho pior ainda por isso a cobrança e mais dura e oportunísta. Sossega essa boca. E faz tud parte engole sapo para depois engolir eles ok,ofensivo,hatebr
hatebr_2326,"Pq o @jairmessiasbolsonaro não fala para os seus filhos ficarem calados, eles estão acabando com o governo do presidente. Tá difícil!!!. Desse jeito com certeza os esquerdistas crescem.",ofensivo,hatebr
hatebr_2327,É um imbecil!!!! Muda o foco Tava todos contra a globo lixo,ofensivo,hatebr
hatebr_2328,Não e verdade😄😄 a verdade e quê a esquerda não presta🔒🔒🔒,ofensivo,hatebr
hatebr_2329,"Joice , assim é a Democlasia , fala quem quer e o ele disse é o q os Brasileiros de bem querem . Todo os deputados falam e fazem merda ,",ofensivo,hatebr
hatebr_2330,"Joice tá com dor de cutuvelo, para com essa postura lamentável Joice. Se errou em alguma segue em frente, ñ precisa virar oposição ao governo.",ofensivo,hatebr
hatebr_2331,Parabéns Benedita...esse canalha precisa ser punido!,ofensivo,hatebr
hatebr_2332,Só fala besteira essa Benedita não fala nada não tem um projeto um quadro de um policial matando uma pessoa isso e homenagem pelo amor de deus Benedita vai aparecer com trabalhos projetos para o bem do povo não com esse mimi q isso não cola mais não,ofensivo,hatebr
hatebr_2333,Policia não mata negro minha senhora Benedita para de enganar o povo polícia mata quem ataca eles para os mata tbem eles matam para se defender da bandidagem a qual vcs deixaram aumentar a senhora já foi atacada por policiais os seus filhos então como a senhora fala uma coisa dessas para de enganar as pessoas,ofensivo,hatebr
hatebr_2334,Que nojo desta gente que se acha acima do bem e do mal! É o tipo que se diz representante do povo! Benê você é incrível! ❤️❤️❤️❤️,ofensivo,hatebr
hatebr_2335,Até quando o povo brasileiro vão colocar lixos humanos pra governar,ofensivo,hatebr
hatebr_2336,"E uma chita ela né! Opssss, uma chata.",ofensivo,hatebr
hatebr_2337,"Expussem logo esse desgraçado mandem ele logo para o inferno, um racista não merece viver entre nós",ofensivo,hatebr
hatebr_2338,Essa é outra mulher lixo,ofensivo,hatebr
hatebr_2339,"Canalhice, RACISMO NUNCA MAIS.",ofensivo,hatebr
hatebr_2340,🤢🤢🤢 Vala seu merda!!,ofensivo,hatebr
hatebr_2341,"Só podia ser de um policial um absurdo desses, o cara quer aparecer de qualquer jeito.",ofensivo,hatebr
hatebr_2342,So negros morrem no Brasil? Bandido nao escolhe cor!,ofensivo,hatebr
hatebr_2343,"Esse deputado racista é um verme, verme este que, quando amassado com os pés ele fede. Tu, deputado, é tão pequeno, que se alguém cuspir no chão perto de você é bem capaz de mata-lo afogado.",ofensivo,hatebr
hatebr_2344,"Esses fascitas passam dos limites, eles terão que ser penalizados pelos atos insanos",ofensivo,hatebr
hatebr_2345,"O respeito não faz parte desse partido, o PSL! Vergonha! Uma celebração terminar com desrespeito! Isso não pode! Punição presidente Rodrigo Maia!",ofensivo,hatebr
hatebr_2346,"A imagem usada é o que, cambada de FDP. Vocês são os verdadeiros preconceituosos... usaram um negro vestido da bandeira do Brasil baleado e caído e um policial branco com arma na mão insinuando o que??? Cafajestes!!! Pilantras!!!",ofensivo,hatebr
hatebr_2347,"Triste isso....força e acabem com esse racista por falta de decoro, por violência e racismo declarado",ofensivo,hatebr
hatebr_2348,Esse milico de merda tem.que ser preso,ofensivo,hatebr
hatebr_2349,Ja da formação de quadrilha nessa foto,ofensivo,hatebr
hatebr_2350,Vagabundo do PSL partido do Laranjal,ofensivo,hatebr
hatebr_2351,"Maldito MILICO mal caráter, esse DEPUTADOS canalha não tem estrutura nem pra lixeiro da assembleia legislativa, ele deveria estar em um manicômio judiciário.",ofensivo,hatebr
hatebr_2352,"Repugnante, absurdo o que esse deputado fez, tem que olhar pra trás e vê como foi fácil a chegada dele aonde encontra_se hoje, mas não é a mesma oportunidade oferecida ao negro, educação, saúde, um lar, um, um bom emprego, se eles nunca tiveram irão ficar sempre atrás, consciência de o negro tem que ser tratado por igual, com as mesmas garantias e direitos.",ofensivo,hatebr
hatebr_2353,Tadeu do PSL. (Partido Só de Laranjas.) Atitude repudiante. Tá louco meu!!! É hora de impor limites a esses fascistas de MERDA.🤢,ofensivo,hatebr
hatebr_2354,O que que esse paria social ganhou destruindo a placa. Que grupos estão por trás disso?,ofensivo,hatebr
hatebr_2355,Essa Petralha devia ir pra cadeia .,ofensivo,hatebr
hatebr_2356,Fogo nos racistas,ofensivo,hatebr
hatebr_2357,Esquerda parasita lixo,ofensivo,hatebr
hatebr_2358,"Eu sou negro e só vejo racismo de sua boca podre sua Negra, agora me diga que eu sou racista.",ofensivo,hatebr
hatebr_2359,"Só mi 🇧🇷🇧🇷mim mi vão trabalhar para o povo, pra isso qe vcs foram eleitas 🇧🇷",ofensivo,hatebr
hatebr_2360,Esse miliciano precisa pagar pelo que fez.,ofensivo,hatebr
hatebr_2361,Vai dormir Benedita!!,ofensivo,hatebr
hatebr_2362,Mulher chata insuportável,ofensivo,hatebr
hatebr_2363,"👏👏👏chega de tanto lixo destes fascistas ,racistas de merda, traidores da Pátria , golpistas🤮🤮🤮chega...",ofensivo,hatebr
hatebr_2364,Fora Governo De Milicianos,ofensivo,hatebr
hatebr_2365,Tem que pagar aumento pros capangas públicos rouba a gente,ofensivo,hatebr
hatebr_2366,Atitude intolerável! Cadeia para esse deputado estúpido e imbecil! #forapsllixo,ofensivo,hatebr
hatebr_2367,Pior é que tem negros que votam nessa gente! O Brasil precisa acordar!!!,ofensivo,hatebr
hatebr_2368,"Bandido bom e bandido morto! Independente da cor! Você ainda vai ser vítima deles, aí quero ver manter a opinião. E outra, vocês são todos corruptos, logo chegará sua hora",ofensivo,hatebr
hatebr_2369,"Tanto branco com alma negra. Todos deveríamos ser igual perante Deus , não é a cor da pele que nos faz diferentes e sim a cor da alma!!!! Ah essa Deus conhece bem!",ofensivo,hatebr
hatebr_2370,"Cadeia nele, será que vão ter punição?",ofensivo,hatebr
hatebr_2371,É um verme racista,ofensivo,hatebr
hatebr_2372,Ele fez certo...políciais não racistas!comunistas canalhas!,ofensivo,hatebr
hatebr_2373,Coronel Tadeu??? Para mim é um bosta!!!!,ofensivo,hatebr
hatebr_2374,Racismo é crime inafiançável. Tem que tirar o mandato desse canalha.,ofensivo,hatebr
hatebr_2375,Essa é a face do brasileiro bolsonarista é racista e no gosta de dividir nada com ninguém. .onde anda a Igualdade? ??,ofensivo,hatebr
hatebr_2376,"Ele não tem cacife para ser um representante do Povo,ele não tem capacidade intelectual de exercer cargos públicos. #ForaDeputadoTadeu",ofensivo,hatebr
hatebr_2377,Tomem providências tbm contra a roubalheira que cometeram contra a nação brasileira durante 4 mandatos presidenciais,ofensivo,hatebr
hatebr_2378,O Bolsonaro libertou os demônios que estavam escondidos.,ofensivo,hatebr
hatebr_2379,O Brasil que você não é o Brasil de 1800 sua analfabeta.,ofensivo,hatebr
hatebr_2380,PT nunca mais,ofensivo,hatebr
hatebr_2381,PT quadrilha unida,ofensivo,hatebr
hatebr_2382,Um vagabundo daquele.,ofensivo,hatebr
hatebr_2383,Cadeia neles,ofensivo,hatebr
hatebr_2384,Que mulher ridícula essa Benedita só fala bosta,ofensivo,hatebr
hatebr_2385,Vai trabalhar sua nojenta,ofensivo,hatebr
hatebr_2386,"No local do policial poderia ter colocado a imagem de um político corrupto , tenho certeza que mata muito mais os pobres independente da cor!",ofensivo,hatebr
hatebr_2387,"Que esse coronelzinho seja responsabilizado e devidamente penalizado. Criatura desprezível, coronel de 💩.",ofensivo,hatebr
hatebr_2388,Estamos com você companheira Benedita. Abaixo esse governo miliciano farcista.,ofensivo,hatebr
hatebr_2389,"Esse coronel de merda está pensando que e quem, vagabundo ordinário 💩💩💩💩",ofensivo,hatebr
hatebr_2390,Que cara safado fazer uma coisa dessas sendo que o povo brasileiro é mistura de todas as raças,ofensivo,hatebr
hatebr_2391,"Mas, os mesmos, ainda votaram nesses crápulas!",ofensivo,hatebr
hatebr_2392,Tinha que quebrar o quadro era na cara de quem pintou...bando de hipócritas quando tomam um susto corre para procurar a polícia !!!,ofensivo,hatebr
hatebr_2393,Bando de vagabundo!,ofensivo,hatebr
hatebr_2394,Covarde ... Corone FDP,ofensivo,hatebr
hatebr_2395,Boa noite que Os Deputados FEDERAls das Esquerdas Tomem Uma providência sobre esse descarado Deputado federal escroto racista esse laranja estragada 👺💩💩💩💩 do PsL esse já aprontou Muito sem nem Uma punição ele é Deputado federal pago p povo Brasileiro ele não está aí só Para defender os militares estão para fazer ó seu trabalho que está Fazendo porca mente Ele É louro de olhos azuis fora idiota nem que tivesse nascido na Suiça Ele não tem direito de ser Preconceituoso com Nimquém Ele já passou de todos os limites fora esse coronel Facista Chantagista é racista,ofensivo,hatebr
hatebr_2396,Que horror canalhas😢😢,ofensivo,hatebr
hatebr_2397,Canalhas e preconceituosos,ofensivo,hatebr
hatebr_2398,Ta Tá de mais essa situação nesse país com esses milicianos,ofensivo,hatebr
hatebr_2399,Revoltante o q este ser fez.,ofensivo,hatebr
hatebr_2400,Covardes.... assassinos....milicianos!!!😠😠😠😠,ofensivo,hatebr
hatebr_2401,Samos todos írmao não gosto di👏💕💟💟💟💟💟💟💟💟💟💟 racista são pessoas sem caráter quê não respeita u próximo não tem diferença do neguinho pra u branquinho,ofensivo,hatebr
hatebr_2402,"PSL , partido de bandido.",ofensivo,hatebr
hatebr_2403,"Que vergonha meu DEUS. A p, a falta de respeito vem de grande parte de péssimos que se dizem representantes do povo. Onde chegaremos, 🙏",ofensivo,hatebr
hatebr_2404,"Cadeia , racismo é crime! Facistas!",ofensivo,hatebr
hatebr_2405,"Essa atitude é vergonhosa, tem q ser punido,esse vândalo!",ofensivo,hatebr
hatebr_2406,Bandido! Canalha e racista! Q a justiça seja feita!,ofensivo,hatebr
hatebr_2407,Até quando vamos suportar estes INSANOS ?? MINIONS DESGRAÇADOSSSSS ! SERA QUE 33 MILHOES QUE NAO FORAM VOTAR VAO FICAR COM A BUNDA NO SOFA NOVAMENTE ?? ELES NÃO SAO MAIORIA PELO AMOR DE DEUS ! OU JUNTAMOS 47 MILHOES COM QUEM NAO VOTOU. E ENTERRAMOS ESTES MALDITOS NAD URNAS EM 2022 OU NADA SOBRARÁ!!!,ofensivo,hatebr
hatebr_2408,"SuA inutil , ele defende sim , o policial ,,",ofensivo,hatebr
hatebr_2409,"Deplorável, absurdo total. Ele vai ter q ser cassado, eu tô sem direção, perdi meu norte se esse lixo continuar no parlamento 🙏",ofensivo,hatebr
hatebr_2410,"Os velhos coroneis agonizam. O mundo, nunca e jamais te aceitará em paz, Coronelzinho de Merda, Cala-te Tadeu! Seu tipo ja era, você ja deu!...Antes de Levantar teu chicote, pense....Quebraremos seus braços babaca! Toda solidariedade à deputada!",ofensivo,hatebr
hatebr_2411,Ptistas Lixos 💩,ofensivo,hatebr
hatebr_2412,"Cabra bom de peia esse VOMITEI.Tapa na cara ele vai levar do povo em breve nas urnas, quem viver vera!",ofensivo,hatebr
hatebr_2413,"Disse TUDO minha deputada federal, NÃO podemos deixar desses jagunços vencerem, independente de raça e credo todos perderemos.",ofensivo,hatebr
hatebr_2414,Nossa solidariedade aos agredidos por esse louco descompassado. #racismoécrime,ofensivo,hatebr
hatebr_2415,Sujeito escroto,ofensivo,hatebr
hatebr_2416,"Parabéns deputada Benedita a senhora tem toda razão, racismo é crime.Esse coronel Tadeu é um verme facista é deve ser responsabilizado pelo ato que cometeu.",ofensivo,hatebr
hatebr_2417,toma fdp. toma no cano,ofensivo,hatebr
hatebr_2418,Coronéis FDP. vai tomar no cu,ofensivo,hatebr
hatebr_2419,Nossa que emocionante 😂😂😂😂😂 ... é muita cara de pau ... 🤦🏻‍♂️,ofensivo,hatebr
hatebr_2420,Essa esquerda é uma PIADA!!,ofensivo,hatebr
hatebr_2421,Jogue duro com esses racistas do inferno!💪💪,ofensivo,hatebr
hatebr_2422,Deputado racista verme fora lixos do psl,ofensivo,hatebr
hatebr_2423,Cadeia nessi mizeravel disgrasado que feis isso aí esse disgrasado estava aí si amostrando o dominador momtrando a todos nós negros incruindo eu um cara maldito esse cara estava demostrando ali naquele momento a guria dele comtra nois negros desse país,ofensivo,hatebr
hatebr_2424,Esse miZeravel e um ele estava demostrando ali naquele momento estava demostrando a sua guria comtra todos nós negros incruindo eu isso e inaceitável um disgrasado dessis aí fazendo amessas para todos nós tem que ser punido pela lei não pode aceitar jamais tudo isso que esse miZeravel feis,ofensivo,hatebr
hatebr_2425,Pra todos nós que Samos milhões de negros nessi país incruindo eu esse miZeravel tem que ser punido pela lei isso e inaceitável🇧🇷🇧🇷🇧🇷🇧🇷🇧🇷🇧🇷🇧🇷🇧🇷,ofensivo,hatebr
hatebr_2426,PT não tem moral pra cobra e nem fala nada de ninguém. Corja de vagabundos,ofensivo,hatebr
hatebr_2427,Manda esse vagabundo de volta pra cadeia.,ofensivo,hatebr
hatebr_2428,Toma vagabundo😂👏,ofensivo,hatebr
hatebr_2429,Por q sabe q vai ser mais uma condenação né infeliz????????🤮🤮🤮🤮🤮🤮🤮,ofensivo,hatebr
hatebr_2430,Ficam perdendo tempo com essa merda,ofensivo,hatebr
hatebr_2431,Manda esse Lalau pra Cuba com passagem só ida..,ofensivo,hatebr
hatebr_2432,"Não é possível, que não haja, um único Ministro dígno, naquele pinico.",ofensivo,hatebr
hatebr_2433,Joice Rasselman é uma maluca,ofensivo,hatebr
hatebr_2434,"Qual o medo de ser julgado? O bandido quer usar o STF para proteger ele mas não deu. O maduro do Brasil (Lula), tem que ser impedido, pq se voltar ao poder com dinheiro roubado, Brasil já era.",ofensivo,hatebr
hatebr_2435,Lugar de ladrão é na cadeia Lula bandido,ofensivo,hatebr
hatebr_2436,Atentos e vigilantes para impedir que esta criatura parida pelo diabo tenha voz.,ofensivo,hatebr
hatebr_2437,"Obrigado excelência, muito obrigado esse safado saquiou nosso Brasil 👏👏👏👏👏👏",ofensivo,hatebr
hatebr_2438,Tem que ir para a cadeia!!,ofensivo,hatebr
hatebr_2439,"Parabens ministro Fschin, se o sr pudesse mandar logo esse lulopetista logo para o presidio, seria muito bom mesmo",ofensivo,hatebr
hatebr_2440,"Olha a cara desse lula gente , acho que só pela cara de safado deveria ficar preso",ofensivo,hatebr
hatebr_2441,Esse ladrão tem que voltar pra onde ele nunca deveria ter saído,ofensivo,hatebr
hatebr_2442,"Vai, toma seu verme....",ofensivo,hatebr
hatebr_2443,Agora: prisão até morrer!!!,ofensivo,hatebr
hatebr_2444,"Vai adiantar o que ?? Se condenado, continuará livre, pode recorrer a vida inteira 😏Esse STF é um lixo .. Uma vergonha",ofensivo,hatebr
hatebr_2445,Que ladrão tem que ir para cadeia,ofensivo,hatebr
hatebr_2446,Têm quê pegar 100 anos,ofensivo,hatebr
hatebr_2447,30 anos estaria de bom tamanho para tamanho corrupto e ladrão!!! Estamos aguardando...,ofensivo,hatebr
hatebr_2448,"UAUUUUUUUUUUU, ENGULAM ESQUERDA",ofensivo,hatebr
hatebr_2449,O STF não é inteiramente PODRE! Tiramos as maçãs podres e teremos magistrados sérios e isentos.,ofensivo,hatebr
hatebr_2450,Como essa gente e.destituida de qualquer mencao de razao a ignorancia e.tao .grande que e inconcebivel acreditar nesse pensamentotao mediocre e pauperrimo.de livrar se dos atos de bom vivan desse crapula e verme que gracas a tudo .esta.sendo .escurracado dos nossos locais de convivio essa pessoa escrota queva se.hanituando a nao.ser nada pois nada e nada comforme se acabou .,ofensivo,hatebr
hatebr_2451,"MUITO BEM FACCHIN , NAO DA MOLESA PARA ESSE LOUCO , PSICOPATA, BEBADO. CADEIA PARA ELE.",ofensivo,hatebr
hatebr_2452,Que seja condenado,ofensivo,hatebr
hatebr_2453,Não vejo a hora de ver esse demônio de 9 dedos na cadeia novamente!!!,ofensivo,hatebr
hatebr_2454,"Não basta conseguir tirar o ladrão da prisão, agora querem suspensão do julgamento. São muito canalhas...",ofensivo,hatebr
hatebr_2455,Cadeia pro Lula já,ofensivo,hatebr
hatebr_2456,"Não aguento mais . Pelo amor de Deus , nesse País os poros dessas pessoas que respira Lula Credo! Chou coisa ruim . Oremos para vê se pensam em coisa sadia 🙏🙏",ofensivo,hatebr
hatebr_2457,"😂😂😂😂 debochado, foi bem pago..",ofensivo,hatebr
hatebr_2458,Bora Brasil...Lula na Cadeia 👏👏👏🇧🇷,ofensivo,hatebr
hatebr_2459,Muito bem fácil bandido é sempre bandido E o lugar dele é na cadeia lulaladrao fora STF protetor de bandido.,ofensivo,hatebr
hatebr_2460,Demorou pra colocar esse ser na cadeia novamente,ofensivo,hatebr
hatebr_2461,A atoa lambedora saco de miliciano....A tonta apoia os assassinos de Marielle.Deixe ser escrota mulher,ofensivo,hatebr
hatebr_2462,Um bando babacas dizendo Deus no comando...Direita hipocrita e safada...,ofensivo,hatebr
hatebr_2463,"mas o final e com o supremo , quer dizer e essa merda livre , exercito pra cima dessa vermelhada a unica solucao",ofensivo,hatebr
hatebr_2464,👏👏👏cadeia de novo pra esse imbecil de 9 dedos,ofensivo,hatebr
hatebr_2465,Luladrão teu lugar é na papuda,ofensivo,hatebr
hatebr_2466,"Grande merda, o q adianta se depois vem um fdp e solta o Zé cana brava!!!",ofensivo,hatebr
hatebr_2467,"👏👏👏🙏🙏 Mais uma condenação para este bêbado, corrupto, ladrão!!! E o Toffoli e sua gangue ,com cara de pau,tentando livrar a cara do imundo!!🇧🇷",ofensivo,hatebr
hatebr_2468,"Este vaga vagabundo está se achando. Não tem que ter regalias, você é qualquer pessoa hoje,Ainda pensa que manda .",ofensivo,hatebr
hatebr_2469,Esse lularapio tem que ser julgado e condenado e voltar a prisão,ofensivo,hatebr
hatebr_2470,VAI VOLTAR PRA JAULA,ofensivo,hatebr
hatebr_2471,Está na hora de retornar para a. cadeia,ofensivo,hatebr
hatebr_2472,"De volta pra casa Lula... Pra casa de jaula.. La vc estará bem protegido, ninguem te fara mal",ofensivo,hatebr
hatebr_2473,"E a mentira rolando,também o pai da mentira e o 😈",ofensivo,hatebr
hatebr_2474,👏👏👏isso ai esse ladrão tem que volta para cadeia,ofensivo,hatebr
hatebr_2475,"Que adianta tanta acusação se esse cara ainda tá solto, nem tornozeleira esse cara usa! Tá mais livre que eu, pq ele tem grana pra ficar batendo perna dia todo, com o dinheiro dos outros! Como não sou ladra nem vagabunda, fico dentro de casa!",ofensivo,hatebr
hatebr_2476,Cadeia nesse vagabundo verme incitando violência cadê a lei de segurança nacional não funciona???,ofensivo,hatebr
hatebr_2477,Que corrupto chato,ofensivo,hatebr
hatebr_2478,Era só o que faltava! Fachin mandar suspender o julgamento desse inútil! Esse criminoso se acha mesmo dono de todo STF,ofensivo,hatebr
hatebr_2479,"Porque o resto do STF, vão morre pela própria mão do povo que não aguenta mais tanta corrupção 😤",ofensivo,hatebr
hatebr_2480,"Se lascou doidin , vai voltar pra jaula, foi fala que faltava canalhice no governo kkkkkkkkkkk",ofensivo,hatebr
hatebr_2481,Negar negar negar o lugar de vagabundo todo mundo sabe aonde é....,ofensivo,hatebr
hatebr_2482,Cana nesse pinguço ladrão!,ofensivo,hatebr
hatebr_2483,"Ja está manipulando ,vcs sao egoísta",ofensivo,hatebr
hatebr_2484,Lula na cadeia já !!!,ofensivo,hatebr
hatebr_2485,Os caras que defendem o Ladrao sem vergonha estão achando que podem cagar em todos .,ofensivo,hatebr
hatebr_2486,Toma!!! Seu fim chegou!!!,ofensivo,hatebr
hatebr_2487,Prende logo essa carniça de urubú,ofensivo,hatebr
hatebr_2488,"Ele vai voltar pro xilindró!!! Kkkkk Wuero ver o “belzebu” mandar os otarios partirem pra vandalização do Brasil, como está acontecendo no Chile, estando trancafiado!!!",ofensivo,hatebr
hatebr_2489,Toma lhe cadeia seu velhaco,ofensivo,hatebr
hatebr_2490,Lulaladrao. Teu lugar é na cadeia ...,ofensivo,hatebr
hatebr_2491,Lulla é um fóssil político!,ofensivo,hatebr
hatebr_2492,"Nem eles (STF) conseguem mais ser complacentes a tanta falta de vergonha na cara! LULA É PESO MORTO! JÁ ERA! É O PRÓXIMO PC FARIAS! O cara é uma arquivo ambulante! Se abrir a boca, metade da classe política vai pra cadeia... Se não for bEEEEm mais!",ofensivo,hatebr
hatebr_2493,Kkkkk aí tem vontade de dá tbm para o Bolsonaro já não basta ter dado pra todos da Odebrecht kkkk,ofensivo,hatebr
hatebr_2494,Pelo menos esse cafajestes será julgado e condenado,ofensivo,hatebr
hatebr_2495,"STF não tem outros processos só atende os processos do patrão deles LULA. STF cria vergonha na cara, tem cara? 😁 Bem se vê não tem cara tem desrespeito com o povo.",ofensivo,hatebr
hatebr_2496,"O satanás encarnado quer ficar livre da condenação p sitio de Atibaia, para continuar infernizando a vida dos brasileiros de bem .",ofensivo,hatebr
hatebr_2497,Vai voltar pra onde não devia ter saído!!!!!,ofensivo,hatebr
hatebr_2498,Luladrão tem que voltar para Prisão em cela.comum NÃO sou obrigada pagar o Lixo desse MARGINAL VAGABUNDO VELHO BODE 🐐... Em cela com privilégios ahhh Não mesmo...,ofensivo,hatebr
hatebr_2499,Vai trabalhar vagabundo ladrão,ofensivo,hatebr
hatebr_2500,"Volta lula, volta lula p a cadeia!..👏👏👏",ofensivo,hatebr
hatebr_2501,"👏👏🏼🙌🙌vai ser condenado agora a pena maior e deverá ser preso em sela comum, nada de privilégios...bandido comum e sem D, tanto dinheiro e num comprou um Diploma oh kkk la na ufpa é fácil e baratinho oh...😂😂😂",ofensivo,hatebr
hatebr_2502,Bem feito seu rato,ofensivo,hatebr
hatebr_2503,"Fachin Tmj, coloca este bandido na cadeia",ofensivo,hatebr
hatebr_2504,Ate quando SENHOR vamos ter que Suportar noticias sobre (recursos) e mais (recursos) deste Criminoso IMORAL e COVARDE? NÃO SUPORTO MAIS VER OU OUVIR QUALQUER TIPO DE ASSUNTO DESSE TIPO.,ofensivo,hatebr
hatebr_2505,Condenação para esse pilantra,ofensivo,hatebr
hatebr_2506,"SOBRE ESTA PRAGA . FICO TÃO DESGASTADA COM MANCHETES SOBRE ESTE TIPO VIL, REPUGNANTE QUE ATÉ TECLO ANTES DE CONCLUIR MEU RACIOCÍNIO. AFFFFFFF",ofensivo,hatebr
hatebr_2507,"Vão amargar todos ,pois, Deus é justo. 🙌🙌🙌",ofensivo,hatebr
hatebr_2508,Verdade preso político.Armacao do Moro eda quadrilha dele,ofensivo,hatebr
hatebr_2509,"Não existem mais homens como antigamente,esses a arquiteram a prisão de Lula,não passam de uns frouxos!",ofensivo,hatebr
hatebr_2510,Lula Livre Lula inocente moro chefe de quadrilha moro o povo que saber do Queiróz da Mariele,ofensivo,hatebr
hatebr_2511,"Sua hipocrisia, te cega cada vez mais. MALUCA!",ofensivo,hatebr
hatebr_2512,"Quem tiver duvida de que lula é um preso político é uma pessoa alienada, assim como quem considera Lula heroi. Nem uma coisa nem outra. Foi um presidente que criou alguns programas sociais, mas que ajudou muito mais os banqueiros, e Odebrecht, etc. Não sou tapada a ponto de achar lula um bandido nem de torna-lo um heroi.",ofensivo,hatebr
hatebr_2513,Vcs sao doentes!,ofensivo,hatebr
hatebr_2514,até cego ja viu que vocês não prestam 😡😡,ofensivo,hatebr
hatebr_2515,"PT lixo klkklk,,,,,acha que vai reinar de novo no Brasil,,,,veremos Kkk Kkk",ofensivo,hatebr
hatebr_2516,"Só quero ver a cara de vocês, quando sairem dessa bolha. Hipócritas.",ofensivo,hatebr
hatebr_2517,Eu não só os ladroes do seu partido e vc que paga...sua canalha,ofensivo,hatebr
hatebr_2518,E TEM CEGO QUE NÃO VÊ QUE PURA ARMAÇÃO DESSES GOLPISTAS CANALHAS.,ofensivo,hatebr
hatebr_2519,"nunca era pra ter sido presso, esses canalha vão pagar nem que seja no inferno",ofensivo,hatebr
hatebr_2520,Meu sonho é te ver na cadeia,ofensivo,hatebr
hatebr_2521,Vai trabalhar trem a toa.,ofensivo,hatebr
hatebr_2522,Ele é preso político pq ROUBOU na política.😠😠 😠,ofensivo,hatebr
hatebr_2523,Com certeza este governo de alienados e seus cúmplices sem falar de alguns de seus eleitores q estão vendo a sangria q virou o BRASIL E OS DEFENDE MEU NOJO NOJO E NOJO 😠😠😠🤮🤮🤮🤮🤮🤮🤮🤮🤮🤮🤮🤮,ofensivo,hatebr
hatebr_2524,"Gleisi, vc é a pior coisa que nasceu no Paraná!",ofensivo,hatebr
hatebr_2525,"Vc tem problema Gleisi, a maioria do povo Brasileiro que o Luladrao Preso.",ofensivo,hatebr
hatebr_2526,"Lula so ..vai ganlha, matrícula na cadeia 😂",ofensivo,hatebr
hatebr_2527,Não entende bosta nenhuma e fica aí Lula livre vai comer pão com mortadela,ofensivo,hatebr
hatebr_2528,Esses maldito destruíram o Brasil pra prender o Lula por ódio que a população estava cada dia mais em igualdade,ofensivo,hatebr
hatebr_2529,"O povo viu que o STF encontra-se institucionalizado por um corja chamada partidos dos trabalhadores, que ninguém trabalha 😂",ofensivo,hatebr
hatebr_2530,Lula está em todos os rolos...já nasceu safado,ofensivo,hatebr
hatebr_2531,Vai chupar cacete biscate,ofensivo,hatebr
hatebr_2532,Vai se tratar,ofensivo,hatebr
hatebr_2533,Comeste bosta Gleice?! Kkkkkkkkk,ofensivo,hatebr
hatebr_2534,Maldita safada vc vai pagar caro ainda,ofensivo,hatebr
hatebr_2535,TVs queremos toda verdade: Descumpridor da Constituição/88 e mentiroso na cadeia Moro. INTERCEPT mostrou provando os atos ilícitos cometidos contra o estadista ímpar ex-presidente (Lula). Ate quando Bozó vai continuar acobertando o criminoso Moro?,ofensivo,hatebr
hatebr_2536,"Eu acho que deveria ter justiça de vdd e cancela essa eleição que só foi de fakes, mentiras e fazer uma eleição honesta pronto quero ver um debate entre Lula esse lixo",ofensivo,hatebr
hatebr_2537,Lula é bandido muie bota isso nessa tua cabeça cheia de merda,ofensivo,hatebr
hatebr_2538,Carniça nunca mais,ofensivo,hatebr
hatebr_2539,PT quadrilha de bandidoooos,ofensivo,hatebr
hatebr_2540,"As pessoas normais e que ainda têm capacidade de ver e entender o que está acontecendo Mas, infelizmente, ainda tem muita gente demente no nosso país 😱",ofensivo,hatebr
hatebr_2541,#carnicadosinfernos ninca mais ! Já Já jaula de novo!🤮🤮🤮🤮 ovo na cara é pouco dessa quadrilha!,ofensivo,hatebr
hatebr_2542,Ela é uma piada pronta!! 😂😂😂😂,ofensivo,hatebr
hatebr_2543,"Vc não tem nem coragem de por sua foto , vagabundo",ofensivo,hatebr
hatebr_2544,Tem como ele voltar pra cadeia fazendo favor !?,ofensivo,hatebr
hatebr_2545,Lula é só um criminoso CORRUPTO inelegível com duas cadeia no rabo. Ano que vem volta para cadeia o safado,ofensivo,hatebr
hatebr_2546,"Gleise, vc irrita d+ os robôs nazifascitas, eles só vivem aqui! Continue assim!! 👏👏👏👏👏 #morojuizladrão",ofensivo,hatebr
hatebr_2547,BANDIDO PIOR DO QUE VOCÊ AINDA!,ofensivo,hatebr
hatebr_2548,"Só não entendo porque têm tto robô que defendem esse desgoverno atual na tua página,será que é para testar tua paciência ou porque não são alfabetizados.?? Têm que bloquear esses eleitores acéfalos que só faz defender milicianos.",ofensivo,hatebr
hatebr_2549,Lula e o seu marido na cadeia sem vergonha!!,ofensivo,hatebr
hatebr_2550,Golpistas e agora os facistas..,ofensivo,hatebr
hatebr_2551,"A maioria no Brasil e no mundo já sabe quem sãos os que deveriam estar na CADEIA , tem 🍊🍊🍊🍊🍊sobrando pra todos os lados e tem vaza a jato mostrando o marreco chefe do golpe ! Ou vcs fazem alguma coisa antes, ou estes pilantras criminosos vão prender o Lula de novo! Os advogados tem que agir antes , carta na manga",ofensivo,hatebr
hatebr_2552,Não estão vendo isso não...estão vendo que o larápio devia voltar para a cadeia,ofensivo,hatebr
hatebr_2553,Verdade hoje nos estamos libertos da maldade do demônio Lula liberto do engano,ofensivo,hatebr
hatebr_2554,"A perseguição a Lula ainda não acabou, a mídia e a direita maldita, começaram a inventar coisas, primeiro plantaram falsas acusações referente do Porto de Cuba, agora estão investigando todos os movimento da empresa de telefonia de lulinha, afirmando que o governo federal aprovou projeto de lei favorecendo criminosamente a empresa do filho, pegaram todos os movimentos financeiros firmado com a oi, e passaram a dizer que tudo é produto do crime. O pior que estes malditos do MPF, fazem e perseguem Lula e a família, e nada acontece contra eles. Este Brasil do ódio",ofensivo,hatebr
hatebr_2555,Eu sou PT. Fora louco Bolsonaro,ofensivo,hatebr
hatebr_2556,Numa pesquisa entre lula e moro... o moro dar de lavada ... deixe de ser mentirosa... o povo brasileiro cansou de ser enganado por vcs... aproveita ai deputada.. e fale do 13 do bolsa familia que tá sendo pago... dinheiro esse que ia pra pessoas que nao precisava... mais de 500 mil pessoas recebia sem precisar... nao seja hipoclita... o seu mandato so ta servindo pra atrapalhar o brasil... há... kd como é que ta o seu patrao depois da pena dele ter sido aumentada pra 17 anos?,ofensivo,hatebr
hatebr_2557,"Infelizmente o povo estam vendo e não estam tomando atitudes, temos que ir as ruas e para o país até que essa corja de vermes imundos saíam do nosso Brasil, temo que fazer com que a FAMÍLIA DE MELICIANOS BOLSONARISTA E TODAS SUA CORJA SEJAM PRESOS",ofensivo,hatebr
hatebr_2558,"Com o molusco solto, até o dolar não cai!!! Quem confia num país que coloca o maior bandido do mundo na rua???? 😈😈😈😈",ofensivo,hatebr
hatebr_2559,Vc acredita mesmo no que fala? Se não acredita é apenas mentirosa. Se acredita é doente mental.,ofensivo,hatebr
hatebr_2560,Que é o retardado....vem lulinha andar na ruas kkķkkk estou com 300 ovos pronto kkkk,ofensivo,hatebr
hatebr_2561,Quanta mentira! Só loucos como vcs mesmo pra acreditarem.,ofensivo,hatebr
hatebr_2562,"Chora seus lixo, #CHORAMAIS #aceitaquedóiMenos KKKKKKK",ofensivo,hatebr
hatebr_2563,"Eu fico olhando esse povo besta do contra, ter raiva do Lula e do PT, não diminui o FATO que vc foi um otario pau no cu de ter votado no Bolsonaro . . . Faz a arminha 👉🏻👉🏻👉🏻👉🏻",ofensivo,hatebr
hatebr_2564,"Conta outra todo mundo sabe que o Lula roubou , o PT e seu s puxadinhos roubaram, vc e seu marido roubou os aposentados, chega, vira o disco",ofensivo,hatebr
hatebr_2565,Lula já era um pinguço CORRUPTO. Criminoso condenado.,ofensivo,hatebr
hatebr_2566,Com os escândalos aparecendo da p vê Q o Lula é um bandidao mesmo 🤣🤣🤣🤣,ofensivo,hatebr
hatebr_2567,O miliciano mafioso está destruindo tudo e os alienados continuam defendendo esses pústulas!!!!,ofensivo,hatebr
hatebr_2568,🤣🤣🤣🤣 Aham. Senta lá claudia. O molusco ta livre mas vive numa prisão. Não pode sair em público. Não pode ir num restaurante. Nao pode pegar um avião com o povão... Tá mais legal assim mesmo. Tá sofrendo na pela a prisão mental que ele se enfiou.,ofensivo,hatebr
hatebr_2569,"A única coisa que eu vi hj foi o vagabundo do filho dele sendo novamente investigado por roubar o povo, BANDIDOS",ofensivo,hatebr
hatebr_2570,Hahahaha.. essa quadrilha PT é foda!🤦‍♂️,ofensivo,hatebr
hatebr_2571,Kkkkkk cria vergonha na cara e pare com essas publicações sua.....PT afundou o país roubou tudo lula tem q morrer na cadeia,ofensivo,hatebr
hatebr_2572,"Tudo bem, vamos supor que ele seja inocente ? Com o novo benefício, muitos estão tendo a chance de responder em liberdade, a população fica como ?? 🤔 quantos vagabundos foram beneficiados??",ofensivo,hatebr
hatebr_2573,"Se foram a Globo ou a Folha que fizeram a pesquisa, então é tudo mentira 😂😂😂😂 vem aqui fazer a tal pesquisa. Fé em Deus que ele voltará e ficará até o diabo lhe chamar.",ofensivo,hatebr
hatebr_2574,Depois de Prenderlo em Segunda instancia Mudam como Camaleão os segundasinstanciaentendumento dos Bolsonaro Moro colegiados GOLPISTAS,ofensivo,hatebr
hatebr_2575,Agora a meta é prender a família miliciana e de brinde o 🦆!,ofensivo,hatebr
hatebr_2576,Moro Limpou Num Bumbum de Temer Aécio e Bolsonaro,ofensivo,hatebr
hatebr_2577,Maioria dos Brasileiros que estão nos presídios do País! 👉LULALADRAO É O MANDANTE DA TORTURA E ASSASSINATO DO CELSO DANIEL. CABULOSO!,ofensivo,hatebr
hatebr_2578,@douglas_leonardo88 pergunta sobre o #fundoeleitoral pro seu patrão Miliciano Branco e racista 😂😂😂 👉 https://congressoemfoco.uol.com.br/economia/bolsonaro-justifica-aumento-do-fundo-eleitoral-nas-redes-sociais/,ofensivo,hatebr
hatebr_2579,"👏👏👏👏👏👏👏👏 o @lulaoficial tá livre e os #bolsominionsidiotas estão desesperados 😂😂😂😂😂😂😂 Você já ouviu falar do CAGÔMETRO?? 🤔🧐 O Bozonaro é chique demais, ele já tem até um contador de cagadas pra registrar as merdas dele em um site na internet 😂😂😂😂😂 lá você vai encontrar tudo sobre o Laranjal do #psl 🍊🍊🍊🍊🍊🍊🍊🍊💩💩💩💩💩💩💩👇👇👇👇👇👇👇 👉 http://www.cagometro.com/ 👈 👆👆👆👆👆👆👆👆👆👆👆👆👆",ofensivo,hatebr
hatebr_2580,"Que tiro no pé essa “”liberdade”” do Vagabundo, agora ele não tem mais o vitimismo de preso político e onde vai e vaiado, sem falar da chuva de ovo... o povo acordou Dna, Gleisi, Lula e apenas um defunto putrefato!",ofensivo,hatebr
hatebr_2581,Pirralha mesmo. Tá achando ruim? Você é pior que ela. Quem se curva ao globalismo é pior que merda de porco.,ofensivo,hatebr
hatebr_2582,"Agora ficou visível que @joicehasselmannoficial tá contra o @jairmessiasbolsonaro Bolsonaro. Postou até uma charge zoando com o PR. Isso que é ser ingrata, mas não ganha mais nem@pra síndica",ofensivo,hatebr
hatebr_2583,"@joicehasselmannoficial Antes eu tinha orgulho de vc Joyce mas hoje vejo q vc não passa de uma criança mimada q perdeu seu brinquedo , esse menina mimada q nunca soube o q a pobreza só vive ostentando pelo mundo , e vc faz questão de postar e sabe os ideias dela q não são de direita , posta sobre o décimo terceiro do bolsa família q foi liberado por @jairmessiasbolsonaro Bolsonaro aí invez de vc está fazendo picuinhas pq vc não postas suas coisas não a dos outros , o efeito Bolsonaro te elegeu e hoje vc acha q foi por seus méritos como os outros !!!!",ofensivo,hatebr
hatebr_2584,"Claro, e criança adolescente, mas tem postura de bruxa",ofensivo,hatebr
hatebr_2585,"Vc está postando essas coisas dessa pirralhada só pra denegrir a imagem do seu presidente, a maioria dos brasileiros nem sabem do que se trata, mas vc faz questão de causar polêmica, continuo dizendo, a opinião dos outros não faz a menor diferença pra mim e pra mais da metade dos brasileiros",ofensivo,hatebr
hatebr_2586,"Dar credito a uma jovem manipulada, pela a esquerda so mostra que o presidente, esta certo, nao concordo com essas pessoas que dão mais valor a uma jovem , que nao conhece nada do mundo, nao viveu experiência nenhuma, a nao ser as que foram colocadas na cabecinha, e outra ela não conhece realmente o Brasil, so conhece aquilo que ela imagina, por favor, nao compare nossa nação com uma jovem que nao tem personalidade propia.",ofensivo,hatebr
hatebr_2587,Super PIRRALHA!! Parabéns Mito.,ofensivo,hatebr
hatebr_2588,A pirralha acho que nem parou de mijar na cama ainda kkkkkk,ofensivo,hatebr
hatebr_2589,Ela é uma pirralha e ridícula . Robozinho,ofensivo,hatebr
hatebr_2590,Se nao tem o que vai dizer pronto ou seja ler é um desastre p os ideólogos vermelhos que a rodeiam...nao passa de uma pir ralha sem respeito e educação...,ofensivo,hatebr
hatebr_2591,Até aí a revista exame elegeu o Rodrigo Maia personalidade do ano... Que merda né? Apoio o presidente quanto a pirralha... Só acho que a melhor coisa é ignorá-la...,ofensivo,hatebr
hatebr_2592,"Você é desprezível, coloca também que essa mesma revista elegeu Stalin e Hitlher personalidades do ano ! Sua lixo !",ofensivo,hatebr
hatebr_2593,Ela e uma piranha mesmo...uma criança influenciada,ofensivo,hatebr
hatebr_2594,"@joicehasselmannoficial, tem um monte de homem solto ppr ai, e vc querendo pegar um casado? Vc não vale nada...tome tento mulher...deixe essa putaria e vá lavar uma trouxa de roupa que esse fogo passa...",ofensivo,hatebr
hatebr_2595,Pirralhinha mimada manipulada pela esquerda. Nojinho!!,ofensivo,hatebr
hatebr_2596,@joicehasselmannoficial você é ridícula. Acha que o povo é idiota,ofensivo,hatebr
hatebr_2597,Nossa que coisa em uma menina de merda a personalidade do ano chora Joice pare de ser ridícula.,ofensivo,hatebr
hatebr_2598,"Infantil dê um jovem, nó Estado dó Rio de janeiro é piraliha no RS guria em MG muleque como em outras regiões qual maldade têm meste dialetos gramatical a ondem emcontraro agressão?...",ofensivo,hatebr
hatebr_2599,"Bolsonaro é infantil e com viés ditador, votei nele, mas precisamos de outro alguém para 2022. Desejo que ele mude, senão será a mola para impulsionar o PT novamente",ofensivo,hatebr
hatebr_2600,"Joice é triste ver uma pessoa como vc que tinha realmente futuro na política. Me parece que vc cortou os pulsos (suicídio politico) , como não morreu agora tenta tomar chumbinho. O que há com vc ? Parece que a sua vaidade está afetando o seu raciocínio, e esse papo de direita equilibrada, racional não cola, vc não percebe? Ser líder de um partido que vai quebrar e que antes do Bolsonaro não era nada. (Não tenho heróis policitos).",ofensivo,hatebr
hatebr_2601,Vc e a Greta: duas oportunistas,ofensivo,hatebr
hatebr_2602,Essa menina não tem família...desde pequena sendo induzida a falar bobagem,ofensivo,hatebr
hatebr_2603,Mas ele só disse verdades uma pirralha criança usada pela esquerda.,ofensivo,hatebr
hatebr_2604,Essa menina tinha é que estar é estudando e não dando palpite errado.,ofensivo,hatebr
hatebr_2605,Continua sendo uma pirralha,ofensivo,hatebr
hatebr_2606,Personalidade do ano isso é uma vergonha essa pirralha só fala fala e mas nada,ofensivo,hatebr
hatebr_2607,Pirralha sem noção 🤮,ofensivo,hatebr
hatebr_2608,"Qualquer ser com um mínimo de intelectualidade pode falar sobre mudanças climáticas e impactos no mundo ainda mais com um discurso escrito previamente. Só mídia e papo furado, essa menina não sabe nem fazer um pão com ovo na chapa mas é personalidade do ano, fala sério!",ofensivo,hatebr
hatebr_2609,Fala sério essa menina é uma fraude... a fundação Soros esta por trás disso. Nada no discurso dela me convence... é uma pirralha mesmo com um padrinho Bilionário querendo desmoralizar e barra o progresso dos países em desenvolvimento.,ofensivo,hatebr
hatebr_2610,O presidente está certo esta pirralha é ferramenta da esquerda no mundo.,ofensivo,hatebr
hatebr_2611,Estão usando a menina e como usam a família da Mariela. Interesses excusos movem a mídia esquerdopa,ofensivo,hatebr
hatebr_2612,Essa PIRRALHA É MASSA DE MANOBRA E ponto final,ofensivo,hatebr
hatebr_2613,"Greta Thumberg é mesmo uma pirralha presunçosa, inconveniente e ignorante. Deveria é ir pra escola em vez de cabular aula pra salvar o mundo.",ofensivo,hatebr
hatebr_2614,"Moro em Portugal a anossssss, e todo esse MIMIMI brasileiro, pq o Presidente chamou GRETA de pirralha, não afetou a imprensa internacional. Eu acrescentaria: pirralha, chata e manipulada. A Europa vê essa adolescente, que esse ano não frequentou a escola ( para espanto da maioria), com certa desconfiança o que há por trás de tudo isso, quem financia viagens e o próprio sustento de GRETA e pais??? Pois os pais deixaram de trabalhar para acompanhar a ninfeta prodígio!!!!",ofensivo,hatebr
hatebr_2615,"Parabéns presidente,essa pirralha o que está fazendo aqui? Vai cuida do seu País pirralha. Sabemos que você é só fantoche. @joicehasselmannoficial você é a canalhice de pessoa Deputada. Você não mim representa.",ofensivo,hatebr
hatebr_2616,Não tinha nada melhor pra postar senhora? Chega né. Ja basta essa imprensa brasileira lixo e vc vem dar crédito a outras internacionais e principalmente notícias tendenciosas. Para q tá feio. 🤮🤢,ofensivo,hatebr
hatebr_2617,"Eu acho que o comenta do preside está correto, ele a chamou de pirralha no sentido do assunto ter recebido a atenção da mídia nacional, porém o brasileiro e tão idiota que estão dando a este assunto, até eu mesmo fazendo este comentário, uma importância tão grande que está atrapalhando o Brasil la fora, mais que o próprio comentário!",ofensivo,hatebr
hatebr_2618,"É incrível! Só se elegeu por causa do Bolsonaro e agora fica aí de mimimi.. E na boa, o presidente tem toda razão!!",ofensivo,hatebr
hatebr_2619,O presidente tem toda razão é uma pirralha sim !,ofensivo,hatebr
hatebr_2620,"Vc tá se fazendo de sonsa,vc sabe muito bem oque tá por trás da pirralha.",ofensivo,hatebr
hatebr_2621,Essa menina é uma idiota mesmo,ofensivo,hatebr
hatebr_2622,"E as merdas que vocês estão fazendo, junto com o Supremo não conta!! Trabalhem pelo País, bando de pelego!!",ofensivo,hatebr
hatebr_2623,eu so queria saber porque do divórcio do presidente que vc @joicehasselmannoficial babava ovo !,ofensivo,hatebr
hatebr_2624,"Menininha sororizada, está ainda nas fraldas, Joyce sabe bem onde os caminhos que trilhamos nos levam. Acho desnecessário tanto ódio e caretas no discurso dessa mocinha.",ofensivo,hatebr
hatebr_2625,"Os Bolsofanáticos !!! É até bonito de ver... Quanta fidelidade ao mito !!! Pra vocês, o Bolsonaro está acima da lei e da ordem, ele pode fazer e falar o que quiser, e vocês dizem Amém Capitão, por favor coma minha mulher, ou, coma meu marido !!! Afinal ele pode tudo né ??? Imagino que o sonho de vocês é que isso realmente aconteça !!!! Vocês são piores que os vermelhos que gritavam por Lula Livre !!!! Sinto em dizer-lhes mas, a pirralha está certa !!! Que base o Bolsonaro tem pra falar de Meio Ambiente !!! Não se pode falar nada contra o clã Bolsonaro que vocês se manifestam !!! 🤦‍♂️🤦‍♂️🤦‍♂️🤦‍♂️🤦‍♂️",ofensivo,hatebr
hatebr_2626,Você acha mesmo que os investidores irão deixar de investir por que Bolsonaro chamou essa abestalhada de Pirralha??,ofensivo,hatebr
hatebr_2627,É UMA PIRRALHA MESMO.,ofensivo,hatebr
hatebr_2628,"Você está se tornando persona não grata, igual sua amiguinha Greta...",ofensivo,hatebr
hatebr_2629,"Tem uma palavra para a mídia da destaque e está pirralha, medo do governo íntegro, sem roubalheira !",ofensivo,hatebr
hatebr_2630,"Cara eu fico pensando! Como o brasileiro e burro. Uma menina que nao sei que é, fala do nosso pais do nosso presidente e ainda o próprio brasileiro da pra ela total razao. Eu pergunto? Ser qie ela sabe 1/3 dos nossos problemas sociais?",ofensivo,hatebr
hatebr_2631,"Aiii por favor, ela é uma pirralha mesmo....",ofensivo,hatebr
hatebr_2632,"Concordo com o presidente! Além de ser uma pirralha é um grande fantoche de uma potência econômica, cujos interesses nada tem de bonzinhos e ambientais! Sinto muito essa pseudo-ativista ser vista como grande personalidade! Quais foram suas realizações? Bolaonaro fala o que o povo está querendo falar...representa a voz da nação, sem essa m... de articulação política! O povo brasileiro já está com o saco na lua com o politicamente correto!",ofensivo,hatebr
hatebr_2633,"Joice, ele e realmente Boca Mole, fala Tudo que vem na Língua. Mas está Sueca, está a Serviço dos interesses de EUROPEUS, pela Riqueza do SILO da AMAZONIA, e estão extraindo na SURDINA, via ONGs, que sequer permitem que sejam Monitorados, apesar do TERRITÓRIO ser BRASILEIRO. Nos na EUROPA, eles permitiriam este Comportamento como IMIGRANTE.NAAAOOO NÉ. Defendam o BRASIL, o GOVERNANTE E EFÊMERO.",ofensivo,hatebr
hatebr_2634,Nosso presidente tem toda razão pois essa pirralha é uma farsa a la Al Gore.......só os ignorantes que não percebem......🇧🇷🇧🇷🇧🇷🇧🇷,ofensivo,hatebr
hatebr_2635,Essa menina é louca!! Aff!,ofensivo,hatebr
hatebr_2636,Pirralha escrota !!!,ofensivo,hatebr
hatebr_2637,Falsiane Hasselmann,ofensivo,hatebr
hatebr_2638,"Boa a fala do presidente, parem de dar moral pra essa pirralha, inclusive a senhora deputada.",ofensivo,hatebr
hatebr_2639,Quem é essa moçoila. Fez o que mesmo é porque mesmo? Existe tanta gente boa e que faz tanto ato de herói como um bombeiro outra pessoa mais essa menina só fez oque mesmo?,ofensivo,hatebr
hatebr_2640,Nunca nem ouvi falar...pirralha q não sabe nada da vida...,ofensivo,hatebr
hatebr_2641,Manda ela capinar uma roça e vai vc tbm,ofensivo,hatebr
hatebr_2642,Isso tudo é falta de gente boa pra ser a personagem do ano ou mais uma manifestação do mau gosto esquerdista... ?,ofensivo,hatebr
hatebr_2643,Cala a boca sua pirralha !!! 💩💩💩,ofensivo,hatebr
hatebr_2644,"Essa menina não passa de massa de manobra, mas a esquerda adora um “ídolo” cabeça de vento.",ofensivo,hatebr
hatebr_2645,Essa greta tem que caçar o que fazer. Não sabe nada da vida. É todo.mundo fica dando corda ao discurso politicamente correto. Deixa ela passar um tempo na Amazônia pra ela ver o que é bom. O povo tem que entender que a natureza é soberana e cíclica. O homem só muda o seu nicho e não todo o planeta.,ofensivo,hatebr
hatebr_2646,Não estamos nem aí para a opinião dessa PIRRALHA!!!!,ofensivo,hatebr
hatebr_2647,"Mas ela não passa de uma pirralha, nascida em berço de ouro e patrocinada por pessoa mal intencionadas. Só não vê quem não pesquisa",ofensivo,hatebr
hatebr_2648,Ela é uma pirralha mesmo querendo se aparecer...,ofensivo,hatebr
hatebr_2649,Garotinha bode expiatório ridícula,ofensivo,hatebr
hatebr_2650,Da pra respeitar algum lugar que considere essa pirralha relevante ou de espaço pra ela ?,ofensivo,hatebr
hatebr_2651,Para de da ibope pra essa figura,ofensivo,hatebr
hatebr_2652,"Mas é uma pirralha mesmo. Sair por aí em defesa do meio ambiente naquele barco com todo conforto até eu iria. É óbvio que ela não está sozinha nessa. Tem muitos adultos nos bastidores, muito bem intencionados. Fato!",ofensivo,hatebr
hatebr_2653,GRANDE BOSTA!,ofensivo,hatebr
hatebr_2654,"Essa menina foi usada, aproveitaram a doença dela que deu um dom da fala, ela devia colocar a mão na massa, juntar um grupo de jovens e limpar rios, praias, não vou pela emoção vou pela razão, o pivô tá mais é com dó, ela é uma pirralha mesmo, isto não é ofensa, não ajudou em nada com sua falinha.",ofensivo,hatebr
hatebr_2655,Grande porcaria...Até Ritle e Stalin já fizeram parte desse time!,ofensivo,hatebr
hatebr_2656,PIRRALHA E FUTURA BABACA FRUSTADA...SERÁ NO MINIMO UMA FEMINASI PELUDA...,ofensivo,hatebr
hatebr_2657,"INVESTIDORES NÃO SE IMPORTAM COM PIRRALHAS, INVESTIDORES SE IMPORTAM COM UM PAIS QUE LUTA CONTRA CORRUPÇÃO E PRENDE SEUS CRIMINOSOS...A MENOS QUE ESSES INVESTIDORES SEJAM DE ESQUERDA...AÍ ELES AINDA VEM PARA CÁ, NO MÍNIMO A ESPERA DE UMA APROVAÇÃO PARA CULTIVO DA CANABIS..",ofensivo,hatebr
hatebr_2658,"VÁ TRABALHAR MINHA SENHORA, PROPAGANDA NÃO LHE CAI BEM....",ofensivo,hatebr
hatebr_2659,"FEINHA, CHATA, BABAQUINHA, CRIANÇA FORÇADA A ADULTA, RIDÍCULA...",ofensivo,hatebr
hatebr_2660,"A pirralha precisa estudar muito e deixar de reproduzir o que essa esquerdalha fala pra ela, nem nenhum aprofundamento das questoes!",ofensivo,hatebr
hatebr_2661,"Essa mocinha tem que se preocupar com a fome na África, a mutilação de mulheres na África e com mortes de cristãos na África e Oriente e parar de nos encher o saco, e vc Joice pare de dar ibope pra essa mocinha e de indiretamente atacar a fala do presidente.",ofensivo,hatebr
hatebr_2662,LA GRETA QUE LA PARIU,ofensivo,hatebr
hatebr_2663,"Tá bom do Brasil parar de dar ibope pra essa guria, já encheu o saco, o mundo em vez de se preocupar com os seus proprios problemas ficam com os olhos virado para o subsolo da NOSSA Amazônia, e os bobos daqui enchendo a bola dela, parem com isso, a menina tem dinheiro e com certeza ganha rios de dinheiro para nos encher o saco, temos que deixar ela falando sozinha, logo o mundo se esquecerá dela.",ofensivo,hatebr
hatebr_2664,Pirralha socialistas de iPhone 😒,ofensivo,hatebr
hatebr_2665,"Que merda , outra postagem . Joice tá ridícula",ofensivo,hatebr
hatebr_2666,À imprensa podre elegeu .. pq é uma pirralha doutrinada .. parece até uma pessoa doente .. coitada .. usam a criatura .. as falas são devoradas .. lamentável 🤮,ofensivo,hatebr
hatebr_2667,"Sim , uma pirralha!",ofensivo,hatebr
hatebr_2668,Pirralha mimada patrocinada por esquerdopatia inescrupulosos que ficaram milionários as custas de idiotas úteis. O presidente da República tem razão,ofensivo,hatebr
hatebr_2669,Que podre!!!!!@joicehasselmannoficial cada dia se afunda mais... sai enquanto é tempo. Para que está horrível.,ofensivo,hatebr
hatebr_2670,Ela é uma pirralha mesmo.,ofensivo,hatebr
hatebr_2671,"A população está se lixando para opinião da imprensa internacional, deputada. É uma pirralha mimada patrocinada por esquerdopatas inescrupulosos com objetivos escusos que ficaram milionários. O presidente da República tem razão",ofensivo,hatebr
hatebr_2672,Tomei nojo!,ofensivo,hatebr
hatebr_2673,Pirralha é pouco é uma idiota,ofensivo,hatebr
hatebr_2674,"Não estou nem um pouco preocupado com a Greta, vão procurar o que fazer, parem de lacrar na fala dias outros, vão trabalhar. greta pra mim é o espaço entre dois objetos. Nada mais quer isso",ofensivo,hatebr
hatebr_2675,Greta chuck precisa arrumar um namorado.,ofensivo,hatebr
hatebr_2676,Só foi eleita porque apoiou o Bolsonaro. Vai caçar o que fazer!!!,ofensivo,hatebr
hatebr_2677,Vai aprender a limpar a bunda pirralha kkk,ofensivo,hatebr
hatebr_2678,Ridícula essa Greta.....,ofensivo,hatebr
hatebr_2679,"Num mundo ,Onde uma menina manipulada vira marionete ,na mão de pessoas com terceiras intenções , não tem muito que discutir.",ofensivo,hatebr
hatebr_2680,"Emprego é bom mas ganhar 1.200,00 por mês pra cuidar de casa e filhos, é outra história. É muito pão e circo.",ofensivo,hatebr
hatebr_2681,"Esta Greta , só quer boa vida , só luxo e mordomias !! Vai rachar uma lenha ..!!",ofensivo,hatebr
hatebr_2682,"Menina stressada , postagem desnecessária. Vc quer dar Ibope pra tirar a razão do presidente. Bjsss",ofensivo,hatebr
hatebr_2683,"Joice, vc ta pior que a pirralha",ofensivo,hatebr
hatebr_2684,Está pirralha deveria se preocupar com a fome na África e mundo 🌍,ofensivo,hatebr
hatebr_2685,"Pirralha 😂😂😂 não sabe de nada, e essas postagens dela são assessoradas por pessoas que estão patrocinando essa pirralha. Ela não sabe nem onde fica o Brasil. Pelo amor Deus! 😂😂😂",ofensivo,hatebr
hatebr_2686,Se o patrão falou que é pirralha tá falado.,ofensivo,hatebr
hatebr_2687,Essa pirralha quer que todos façam pela preservação do planeta para que ela e outros como ela possam usufruir dos recursos tranquilamente. Baita hipócrita. O presidente ta mais do que certo e vc deputada: vá trabalhar pelo país que a elegeu !,ofensivo,hatebr
hatebr_2688,Ainda da audiencia para essa pessoinha..galera vamos deixar de seguir essa senadorinha..mto ridiculo os post dela,ofensivo,hatebr
hatebr_2689,Vc só foi eleita pq colou no Bolsonaro poderia ter um pouquinho de lealdade...só um pouquinho...,ofensivo,hatebr
hatebr_2690,Joice já foi melhor !! Uma pena tá parecendo a Globo agora !!,ofensivo,hatebr
hatebr_2691,"@joicehasselmannoficial, a menina é uma PIRRALHA criada por adultos que tem interesse. É concordo com meu PR BOLSONARO...",ofensivo,hatebr
hatebr_2692,Continua pirralha !,ofensivo,hatebr
hatebr_2693,Vc e Greta podia fazer uma dupla safaneja( Greta e Ingragrata) com a musica de lançamento Burrici pouca é bobagem,ofensivo,hatebr
hatebr_2694,Pirralha e ê pirralha mesmo,ofensivo,hatebr
hatebr_2695,joice nao paga de palhaça,ofensivo,hatebr
hatebr_2696,"Agora tu ataca né,quando queria se promover pela fé, vc é uma nojenta",ofensivo,hatebr
hatebr_2697,@gretathunberg lixo humano financiada por petróleo de países que tem ditador e o povo vive na guerra ou na miséria,ofensivo,hatebr
hatebr_2698,É a Pirralha sim!!!!!,ofensivo,hatebr
hatebr_2699,Pirralha e ridicula,ofensivo,hatebr
hatebr_2700,"Menina chata do caralho! Se for seguir o que ela diz teríamos bilhões de desempregados passando fome, as pessoas não tem noção, abram o leque e enxerguem além, a vida real é dura!",ofensivo,hatebr
hatebr_2701,"Cada dia pego mais nojo dessa Joyce, vai trabalhar ao invés de ficar tentando denegrir a imagem do presidente",ofensivo,hatebr
hatebr_2702,"O que mais eu me admiro é ver, primeiro, organizadores de eventos mundiais importantes dar voz a uma menina de 16 anos, e também, a imprensa mundial divulgar e comparar uma pirralha com um presidente da república eleito pelo povo. Falta de ter o que fazer mesmo. Pirralha, cresça, estude, crie/faça alguma coisa de útil, depois pode cobrar alguma coisa.",ofensivo,hatebr
hatebr_2703,"É uma inocente útil ,pirralha vai lutar pela liberdade daquelas meninas ,são obrigadas a casar com 8 anos e morrem arrebentadas cadê a ONU ,Greta ,artistas super star e acabar com a fome na Venezuela ,África ,parem de ser hipócritas ,ela é usada pela esquerda Soros ,acorda Joice",ofensivo,hatebr
hatebr_2704,Pirralha mesmo!!! Tô com presidente! Ele é sincero!! A cara dele não mudou!,ofensivo,hatebr
hatebr_2705,Como vc é em @joicehasselmannoficial mais do mesmo... Vc está dando nojo já... Que podre!,ofensivo,hatebr
hatebr_2706,Quantos idiotas votaram? Guria de manobra política. Deveria estar no colégio e fazendo coisas da idade dela e sendo usada por tantos picaretas...,ofensivo,hatebr
hatebr_2707,Piada essa Guria aí,ofensivo,hatebr
hatebr_2708,"Menina triste... Muito estranha... O dia que ela sorri, vai ser notícia mundial 🌍 BOLSONARO tem toda razão!!!",ofensivo,hatebr
hatebr_2709,Garotinha mimada riquinhabque não tem o que fazer da vida sedentária e vazia dela e acha que falar mal do nosso País seria divertido garota idiota filho há de papai desocupada,ofensivo,hatebr
hatebr_2710,Deputada para com isso admiro seu trabalho mas essa menina tem q parar com isso muita pessoas dando moral a essa garota q se faz de Santa acho q vc esta ao lado dela ... Sou fã da senhora mas não juga o presidente não,ofensivo,hatebr
hatebr_2711,Esta pirralha não sabe nada.Estao fabricando está idiota. Estão desesperados por tudo.B38,ofensivo,hatebr
hatebr_2712,Essa pirralha fala muito e não faz nada.... Só quer aparecer,ofensivo,hatebr
hatebr_2713,Pirralha se achando e faturando com o sucessinho de mídia esquerda.... a para ae...,ofensivo,hatebr
hatebr_2714,"Uma menina chega as capas aos 16 anos e não são em páginas policiais, muito contrário dos políticos desse país que só faz vergonha ao invés de cumprir seus mandados e os objetivos e promessas de melhoras. Nós fizemos a nossa parte, tiramos um governo corrupto do trono,agora quem tá lá abre a boca e fala merda. Só lembrando que nós TIRAMOS e COLOCAMOS vcs,Nós o POVO.",ofensivo,hatebr
hatebr_2715,"Bolsonaro foi super educado sobre essa marionete... Usada por muitas pessoas poderosas... Mas temos um presidente de verdade que não baixa cabeça.... Querem fazer nós acreditar que ela realmente luta pela natureza çei entranho que ela não fica tão brava com muitas coisas que acontecem no mundo exemplos, Síria, Afeganistão, África... Há, esqueci. lá não tem riquezas para explorar 🤢",ofensivo,hatebr
hatebr_2716,Aborrecente mimada e abestalhada!,ofensivo,hatebr
hatebr_2717,Essa pirralha é manipulada!!,ofensivo,hatebr
hatebr_2718,Porque essa pirralha não bate de frente com o presidente MACARRÃO da França??,ofensivo,hatebr
hatebr_2719,Ela quer ganhar o Nobel!! Pirralha,ofensivo,hatebr
hatebr_2720,O PRESIDENTE ESTÁ CERTÍSSIMO E UMA PIRRALHA NÃO RESPONDE POR SI MUITO MENOS NÃO CONHECE A VERDADEIRA FACE DA POLÍTICA NO MUNDO,ofensivo,hatebr
hatebr_2721,"É pirralha msm,a propósito vc está adorando tudo isso né...",ofensivo,hatebr
hatebr_2722,TRAIDORA ! Ponto final !,ofensivo,hatebr
hatebr_2723,"NÃO!! Pera ✋ É sério isso?! Mais um CUPIM? Vamos lá galera!! Vamos tocar em assuntos irrelevantes para ENFRAQUECER a nação. Se não temos nada contra ele, vamos enfraquecer o povo. Fingindo estar preocupada com o bem da nação, tu chapas cana e assobia ao mesmo tempo. Finge estar preocupada com a nação jogando pedras no presidente para enfraquecer nossa confiança nele, mas na VERDADE tu estas trabalhando com e para os inimigos DEUS SABE PORQUE. Então, vamos relevar um detalhe importante: TODOS SABEM QUEM É ESSA PIRRALHA, PRA QM ELA TRABALHA, O Q ELES REALMENTE QUEREM. Uma interpretação simples de texto mostra NOSSO PRESIDENTE disse q ela é um objeto q lucra muito, abrindo caminhos para o q querem devorar nosso país. PIRRALHA: Ser pequeno que usa sua aparente inocência para abrir caminho para EXPLORADORES. Pode não ter classe na palavras do PRESIDENTE, mas elas tem VERDADE E SINCERIDADE.",ofensivo,hatebr
hatebr_2724,Ta jogando sujo Sra Joice!!!,ofensivo,hatebr
hatebr_2725,Todo apoio ao presidente da República. É uma pirralha mimada patrocinada por esquerdopatas inescrupulosos com objetivos escusos que ficaram milionários as custas de idiotas úteis,ofensivo,hatebr
hatebr_2726,A TIME JÁ ELEGEU HITLER A PERSONALIDADE DO ANO. NESSE CASO PERDEU TODA CREDIBILIDADE. DAR AUDIÊNCIA P UM MENINA DE 16 ANOS É SINAL DE SICIEDADE DOENTE.,ofensivo,hatebr
hatebr_2727,"Mesmo se tratando de um Presidente, quem é essa fedelha pra meter o nariz onde não é chamada. Com 16 anos é cria nata de idiotice",ofensivo,hatebr
hatebr_2728,pirralha do ano kkk,ofensivo,hatebr
hatebr_2729,Grande coisa. Essa menina tem que procurar o que fazer,ofensivo,hatebr
hatebr_2730,Não passa de uma menina cagada q nem sabe limpar a própria bunda querendo aparecer....piralha simmmmm,ofensivo,hatebr
hatebr_2731,"Pirralha! Até Lula já esteve na time, e daí?",ofensivo,hatebr
hatebr_2732,"Todos sabem que a mídia é podre, e você mesma já teve seus problemas com a mídia. Agora, todos querem crescer encima desta garota, é óbvio, não é? O que vender mais, estamos anunciando.",ofensivo,hatebr
hatebr_2733,Essa menina deveria está na escola estudando não se metendo a onde não deve é pirralha mesmo,ofensivo,hatebr
hatebr_2734,"Digno de pena isso, tanta gente importante de verdade e essa pirralha ocupar esse espaço todo.",ofensivo,hatebr
hatebr_2735,Coloca ela no meio do Mato morre de caganeira. Um fantoche que não sabe nem o que fala.,ofensivo,hatebr
hatebr_2736,É uma pirralha escrota mesmo,ofensivo,hatebr
hatebr_2737,"Essa fedelha se acha, vai brincar de boneca 🤢🤢🤢🤢🤢🤢",ofensivo,hatebr
hatebr_2738,PIRRALHA !!!!!(ela parece irmã do brinquedo assassino ),ofensivo,hatebr
hatebr_2739,Piralha do ano !!😂😂 Vai pra escola para ser alguém por conta própria em vez de ser fabricada pela mídia mundial,ofensivo,hatebr
hatebr_2740,"Q ridículo. Usada por Soros, menina rica passeando pelo mundo com$ do papai, q traz de bom? Hipocrisia.",ofensivo,hatebr
hatebr_2741,A Time so escolhe pessoas polemicas. Essa doida nao me representa!,ofensivo,hatebr
hatebr_2742,"Gente premio maior seria para quem trabalha em proldos milhares de refugiados, principalmente no oriente medio. Gente que morre todo dia nas aguas...criancas...velhos...pais...maes... Valei-me essa menina e somente uma exporacao midiatica!",ofensivo,hatebr
hatebr_2743,"Não consigo entender a escolha dessa guria, só reclama,não aponta e não produz nada",ofensivo,hatebr
hatebr_2744,"ESTE MUNDO ESTÁ PERDIDO, O QUE A GRETA CHUCKY FAZ PELA HUMANIDADE, NADA!!",ofensivo,hatebr
hatebr_2745,"Greta nw passa de uma marionete do sistema 💩💩💩💩 , A Imagem do Brasi tudo balela sensacionalista , tudo para manipular o povo , como sempre fazem. @joicehasselmannoficial qto mais vcs criticam , mais forte bolsonaro fica , o Brasil mudou 🔰🔰 A justiça de Deus ta sendo feita no país e as mascaras da hipocresia estão caindo , uma por uma , inclusive da sua",ofensivo,hatebr
hatebr_2746,"Tão novinha e já curtindo os benefícios esquerdistas pirralha esperta ,troxa é quem acredita nessas supostas pessoas preocupadas com o mundo.vai cagar no mato",ofensivo,hatebr
hatebr_2747,"Crie vergonha e pare de criticar o presidente, e pior, abrir defesa para essa delinquente.",ofensivo,hatebr
hatebr_2748,A TIME tb é mídia manipulada e dirigida por GRANA!,ofensivo,hatebr
hatebr_2749,"PIRRALHA MESMO !!!!! NEM SAIU DAS FRALDAS, NEM SABE NADA DA VIDA AINDA ........ SENDO USADA...... QUE FEIO !!!!!!! 🇧🇷🇧🇷🇧🇷🇧🇷🇧🇷🇧🇷🇧🇷",ofensivo,hatebr
hatebr_2750,Estamos vendo que 💩 é a TIME afinal só olhar o dono. E como boa puxa saco de editor acha justo...precisa conhecer @boyanslat e entender o que é relevância de PERSONALIDADE EM MEIO AMBIENTE MUNDIAL!,ofensivo,hatebr
hatebr_2751,Grande Merda 💩💩💩💩💩💩,ofensivo,hatebr
hatebr_2752,ESSA GAROTA CARREGA MUITO ÓDIO NO CORAÇÃO. COMO UMA PESSOA TÃO ODIOSA PODE SER CONSIDERADA À PERSONALISE DO ANO? PELA IMPRENSA INTERNACIONAL? TENHA SANTA PACIENCIA.,ofensivo,hatebr
hatebr_2753,Essa idiotinha estå servindo de massa de manobra para o richinho comunista Shoros,ofensivo,hatebr
hatebr_2754,E O TRUMP HJ TB MANDOU UM RECADO PRA PIRRALHA . PENSO QUE POR MAIS BOA INTENCAO QUE TENHA ELA DEVA CONHECER IN LOCO AS COISAS PRA EMITIR OPINIAO.,ofensivo,hatebr
hatebr_2755,Volta pra escola garota tu é maluca ..,ofensivo,hatebr
hatebr_2756,"Ah claro, vão deixar de visitar ou investir no Brasil pq o presidente chamou uma pirralha de pirralha.vai trabalhar e para de ficar focalizando",ofensivo,hatebr
hatebr_2757,"Pirralha mesmo. Deveria estar em sala de aula estudando. Boa presidente, se continuar assim voto no senhor de novo. Tem muita laranja pobre tentando estragar o seu mandato.",ofensivo,hatebr
hatebr_2758,Pirralha pirralha pirralha mil vezes pirralha nojo disso das duas artimanhas contra o Bolsonaro,ofensivo,hatebr
hatebr_2759,Tá ligada que se vc continuar assim não vai ser eleita novamente nem para síndica do teu prédio neh....,ofensivo,hatebr
hatebr_2760,Menina que vive no capitalismo querendo o socialismo pra os outros....pirralha mesmo,ofensivo,hatebr
hatebr_2761,Quem é essa Zé Mané aí ? O que ela fez ? Está mais para atriz de Família Addams,ofensivo,hatebr
hatebr_2762,Essa guria e uma babaca 😈😈😈,ofensivo,hatebr
hatebr_2763,Pirralha ridiculamente comunista!,ofensivo,hatebr
hatebr_2764,"Sinonimo de pirralha.. criança ,,, faz coisa de criança,,, pensa como criança... É só isso gente.. kkkkk... Nao tem maldade nenhuma",ofensivo,hatebr
hatebr_2765,É pirralho mesmo!,ofensivo,hatebr
hatebr_2766,Você está contra o governo ? Não to entendendo mais seu posicionamento . Essa menina ridícula acusa sem dar soluções . Está sendo financiada por pessoas com muitos interesses. Fica ligada,ofensivo,hatebr
hatebr_2767,Pirralha... aposto que ela usa canudinho no @mcdonalds 💀,ofensivo,hatebr
hatebr_2768,"Pirralha quer dizer criança, convém informar para essa chata e seus adoradores.",ofensivo,hatebr
hatebr_2769,"Tudo que ele queria , ficar famosinha , ajudar as crianças da África não quer né , hipócritas",ofensivo,hatebr
hatebr_2770,Pirralha do caralho e gorda imunda,ofensivo,hatebr
hatebr_2771,Ridículo essa menina,ofensivo,hatebr
hatebr_2772,"Menina chata pra cacete! Imagine quando crescer, o pé no saco que não vai ser!",ofensivo,hatebr
hatebr_2773,Essa mimadinha quer aparecer...,ofensivo,hatebr
hatebr_2774,"Não tenha dúvidas, sem capim está sempre a sua disposição 😂😢",ofensivo,hatebr
hatebr_2775,Vc realmente e uma vergonha Joice lamentável as tuas atitudes vc vai colher o que está plantando,ofensivo,hatebr
hatebr_2776,Muito mimimi bla bla bla.. essa PIRRALHA entende o que da vida. Ah.. va... @joicehasselmannoficial e o investidor que der ouvidos a uma pirralha dessas é pior que ela. Precisamos investigadores que se baseiam em discurso de uma birra botas de 16 anos?,ofensivo,hatebr
hatebr_2777,Esquerdista @joicehasselmannoficial deixa de propagar merda e vai trabalhar pq nunca mais vc se elege!! Todos com @jairmessiasbolsonaro 🇧🇷👉🏻😎,ofensivo,hatebr
hatebr_2778,Vai trocar a frauda!!!,ofensivo,hatebr
hatebr_2779,Que isso? Fecha a porta que as bruxas estão soltas,ofensivo,hatebr
hatebr_2780,Tem tantos bem mais importante pra eleger essa débil pra isso!,ofensivo,hatebr
hatebr_2781,🇧🇷🇧🇷 bonequinha da mídia..,ofensivo,hatebr
hatebr_2782,"Bolsonaro tem razão , essa Greta é uma pirralha mimada",ofensivo,hatebr
hatebr_2783,Só um fantoche.,ofensivo,hatebr
hatebr_2784,Pelo amor de Deus. Essa garota não é nada. E a mosca da bosta do cavalo de Dom Pedro II.,ofensivo,hatebr
hatebr_2785,"Fala sério, garota manipulada por uma mídia midiática, sem noção que fica andando para cima e para baixo com assessores que custam uma fortuna, vai estudar pirralha",ofensivo,hatebr
hatebr_2786,Ele apenas falou a verdade. É uma pirralha mesmo.,ofensivo,hatebr
hatebr_2787,Você é criticada mesmo sem falar. Pena,ofensivo,hatebr
hatebr_2788,Cuidado ao defender uma militante de esquerda. Ela se apegou a uma causa que nao tem soluçao. Há muito por tras da farça que ela se expõe.,ofensivo,hatebr
hatebr_2789,Absurdo chamar essa Maria Ninguém de “pirralha”. Não se deve elogiar e dar mídia a um papagaio ambulante 🦜,ofensivo,hatebr
hatebr_2790,"Essa pirralha, fantoche da esquerda não sabe nem o que diz, uma pobre criança sendo usada pelo establishment para dar voz às invenções infundadas do clima mundial, só sendo muito trouxa pra cair na conversa fiada destes hipocritas, a Time já escolheu como personalidade do ano de 1938 Hitler, que moral ela tem?",ofensivo,hatebr
hatebr_2791,Pirralha boba! Da até preguiça...,ofensivo,hatebr
hatebr_2792,Como um país deste anda pra frente?Ontem era Bolsonaro hoje é inimiga e detesta o cara ...que falsidade .,ofensivo,hatebr
hatebr_2793,Kkkkk grande m. Piralha do Caralho,ofensivo,hatebr
hatebr_2794,Não passa de uma pirralha,ofensivo,hatebr
hatebr_2795,"Personalidade do ano deveria ser a primeira Dama Michelle Bolsonaro, que tá fazendo se tudo pra ajudar os menos favorecidos. Não essa Pirralha.",ofensivo,hatebr
hatebr_2796,"Essa garota precisa de tratamento, e é triste ver uma menina desperdiçando tempo e dinheiro de quem banca isso, com discursos vazios e de ódio, gerando simpatia apenas para militantes de esquerda a oportunistas....",ofensivo,hatebr
hatebr_2797,Acho que a deputada faz parte do fã clube da pirralha...,ofensivo,hatebr
hatebr_2798,"Fazer discurso forçado agora da prêmio, e ainda tem quem dê moral, vamo ver próxima eleição quem vai se escorar no presidente, de novo...",ofensivo,hatebr
hatebr_2799,Mídia pirralha...,ofensivo,hatebr
hatebr_2800,Vergonha da Joyce....,ofensivo,hatebr
hatebr_2801,Menina insuportável,ofensivo,hatebr
hatebr_2802,"O mundo é tudo e não os interesseiros que comentam...essa garota é um grande absurdo e quem a está elevando tem seus próprios interesses e a estão usando pra isso... e quem aqui no Brasil replica e da moral, tá atrapalhando o país...Ah o que já deu! Ninguém tem que se meter aqui, o Brasil e a Amazônia são do povo brasileiro e esse povo de fora não tem que se meter",ofensivo,hatebr
hatebr_2803,Larga de ser ridícula Joice o presidente tem um país para tomar conta tem que dar assunto para esse pirralha mesmo não que nem é do Brasil e ridícula sua atitude.,ofensivo,hatebr
hatebr_2804,"Faz me rir!!! Pirralha!!!! Hittler, Stalin e Gretta!!! Exemplos de Personalidades do ano dessa revista de bosta!!!! Não serve nem pra por em fundo de gaiola pros pássaros cagarem em cima!!!!",ofensivo,hatebr
hatebr_2805,"Greta, uma menina usada pela esquerda globalista para atingir o Brasil. Logo, o presidente está certíssimo.",ofensivo,hatebr
hatebr_2806,"Estou começando a pegar ranço de vc @joicehasselmannoficial Eu te admirava porém vc está se tornando uma esquerdista cheia de mimimi faça seu trabalho e pare de criticar o Presidente, eu votei nele porque me representa, fala o que é e não o que a imprensa quer ouvir, o politicamente correto, se liga @joicehasselmannoficial",ofensivo,hatebr
hatebr_2807,Está menina está sendo manipulada pela esquerda. Mais um gado marcado.,ofensivo,hatebr
hatebr_2808,"Não acrescenta nada a política nacional,mudam de partido como mudam de roupa,não tem posição politica firme,só querer se eleger.",ofensivo,hatebr
hatebr_2809,"PARABÉNS , JOICE ! Uma parlamentar , e principalmente , uma brasileira que o BRASIL NÃO PRECISA ! Que ser humano feio É VC . Depois não quer que sua família passe vergonha porcausa de vc. TRISTE !",ofensivo,hatebr
hatebr_2810,Presidente Bolsonaro com razão pirralha,ofensivo,hatebr
hatebr_2811,"E vc , como quem nao quer nada , divulda , para ter certeza que o ataque da pirralha , seja bem divuldado .NOJO , NOJO , de vc .",ofensivo,hatebr
hatebr_2812,"Eh uma pirralha...que não entende nada da vida...La de onde ela esta , sendo bancada, em seu pais de primeiro mundo , é muito fácil apontar os nossos problemas, quero ver ela da eh uma solução. E o que o mundo pensa...nesse assunto...é relevante.",ofensivo,hatebr
hatebr_2813,Deputada para dessas birrinhas de criança e vai trabalhar foi pra isso que a senhora foi eleita,ofensivo,hatebr
hatebr_2814,"Palhaçada, pirralha",ofensivo,hatebr
hatebr_2815,Continua sendo Pirralha só que agora com um título.Ah Ah ah @joicehasselmannoficial,ofensivo,hatebr
hatebr_2816,É bom para imagem do Brasil a Senhora ficar igual criança mimada que perdeu o doce tentando de todas as maneiras atacar o Presidente? Logo vc que era tão a favor dele....Hipócrita!!!!!!O Brasil acordou aproveita seu mandato que será o ultimo!🐍🐍🐍🐍,ofensivo,hatebr
hatebr_2817,"Dá para ver o nível dos critérios usados para essa escolha, pra quem tem um pouquinho de conhecimento, a escolha dessa peça de manobra do comunismo não altera em nada nossas vidas!",ofensivo,hatebr
hatebr_2818,VOCÊ SERÁ TOMBADA LOGO LOGO ESQUERDOPATA EMBUTIDA.,ofensivo,hatebr
hatebr_2819,Essa pirralha não estuda ???? Ela faz o que da vida ??? Encher o saco dos outros ??? Pq não enche o saco dos pais dela ???,ofensivo,hatebr
hatebr_2820,"É tanta gente querendo se meter aqui no Brasil principalmente na Amazônia que dá nojo, agora ainda usam uma pirralha que se duvidar não sabe nem lavar o fundo da calcinha pra ficar opinando aqui,tem que mandar esse povo cuida do país deles que pode ser primeiro mundo pra eles pra nós o Brasil en",ofensivo,hatebr
hatebr_2821,Piralha nem estudo tem e quer se meter em assuntos de nunca viu. E o pior é você dando moral pra esse assunto que desrespeita o presidente do nosso país.,ofensivo,hatebr
hatebr_2822,Não passa de uma boneca de ventríloquo!,ofensivo,hatebr
hatebr_2823,"Vc é pessoa horrível Joice, a pior d todas.. votei em vc por causa do Presidente, não voto nunca mais para nada.",ofensivo,hatebr
hatebr_2824,A pertubada do ano!!!,ofensivo,hatebr
hatebr_2825,@joicehasselmannoficial está igual mulher chifruda !!!,ofensivo,hatebr
hatebr_2826,"Marionete, na minha opinião ela foi e é uma marionete. Deveria estar estudando e não querendo aparecer por aí, é notório que ela não tem conhecimento nem capacidade de julgar nada nesses assuntos abordados.",ofensivo,hatebr
hatebr_2827,"@joicehasselmannoficial, tao pirralha é mimada qto a Greta. Cresce um pouquinho vai !!!",ofensivo,hatebr
hatebr_2828,Ela é uma pirralha sim!,ofensivo,hatebr
hatebr_2829,"Coitada dessa menina, tem que crescer muito ainda. Foi fabricada e agora a exploram",ofensivo,hatebr
hatebr_2830,"@joicehasselmannoficial não estou entendendo... A Joice que conhecia antes de toda confusão com os bolsonaros certamente iria concordar com ele.. Pois vc sabe bem q a mídia esquerdista é mídia esquerdista em qualquer lugar do mundo, e essa imagem está sendo propagada pela mídia esquerdista... A mídia conservadora, os conservadores só redor do mundo pensa a mesma coisa q o bolsonaro, q ela é uma pirralha... Ou vc não acha q ela é uma pirralha, apenas mais um fantoche fabricado pela esquerda??",ofensivo,hatebr
hatebr_2831,Mais ela e mesmo uma pirralha e daí ? Mau intencionada e mau informada,ofensivo,hatebr
hatebr_2832,"Tô com meu presidente, está Maria mijona quer meter o bedelho no país dos outros, por que ela não investe toda essa força pra reflorestar o país dela, falar do país dos outros é fácil, agora tá todo mundo preocupado com o nosso verde e outras coisas mais, acho que se ela não nos encher é melhor, manda ver presidente, nós te apoiamos.",ofensivo,hatebr
hatebr_2833,"A Time devia colocar como personalidade do ano as crianças que são vítima de casamento precoce e morrem na primeira relação sexual por inúmeras perfurações internas mais e mais fácil colocar o que bem lhe convir o presidente está certo e uma pirralha sim e deveria estar aprendendo que o mundo inteiro está sendo destruído principalmente pessoas,,,,deviam observa os peixes grandes.....",ofensivo,hatebr
hatebr_2834,ISSO É O BONECO ASSASSINO?,ofensivo,hatebr
hatebr_2835,Pirralha!!! Politicamente correto = mordaça = ditadura esquerdista!!!,ofensivo,hatebr
hatebr_2836,"A imagem do Brasil era mais queimada nos anos anteriores. Sim, pirralha, e você está sendo o que neste governo. Vai trabalhar, o país não precisa de mais notícia idiota, precisa de resultados ótimos.",ofensivo,hatebr
hatebr_2837,"Acho que não vou nem dormir hj, preocupado com essa pirralha, vai fazer algo proveitoso e esquece o Brasil. Joice para de dar mídia pra essa sem noção.",ofensivo,hatebr
hatebr_2838,CAPA DA TIME AGORA VIROU LIXO,ofensivo,hatebr
hatebr_2839,"Quem se importa com isso qdo nosso desemprego ainda está alto? Realmente é uma pirralha metida a certinha. Oq precisamos é foco no desenvolvimento interno, geração de empregos, desburocratização, corte de gastos do governo, mais saude e mais educação!!!",ofensivo,hatebr
hatebr_2840,Tem mtas outras pessoas q realmente merecem destaque!!! menos essa tal de Greta🙄,ofensivo,hatebr
hatebr_2841,O q um investidor de valor vai dar atenção p essa pirralha ! Pirralha nunca produziu nada na vida ! Ridículo sua colocação,ofensivo,hatebr
hatebr_2842,Uma pirralha fantoche. Bolsonaro tem razão...,ofensivo,hatebr
hatebr_2843,"Pirralha é o feminino de pirralho. O mesmo que: bambina, menina. Significado de pirralho Qualquer criança menino. Pessoa baixa, de pequena altura. Realmente @joicehasselmannoficial uma afronta mundial do presidente , atenção investidores fujam do Brasil pois o presidente está louco em fazer uma declaração dessas . Parabéns pelo seu péssimo trabalho , bora comer uma trakinas pra relaxar .",ofensivo,hatebr
hatebr_2844,"Acho que a deputada precisa descobrir o que significa pirralha, não vejo nada de mais. Na minha opinião é uma pirralha fantoche.",ofensivo,hatebr
hatebr_2845,Uma riquinha ignorante que está sendo usada por ativistas e políticos . Pobre jovem,ofensivo,hatebr
hatebr_2846,"CHEGA DE VITIMÍSMO, ELA TÁ SENDO USADA PELO SISTEMA, AS FALAS SÃO SEMPRE AS MESMAS KKK COISA DE ESQUERDA NÉ INFLADO SEMPRE ÓDIO... APESAR DE ALGUNS ERROS O HOME É FORTE MESMO, CONTINUA LEVANTANDO ALGUNS VERMES ATÉ LA DE FORA DO PAÍS...",ofensivo,hatebr
hatebr_2847,"Joice, você é muito baixa, covarde e injusta!!!! Sua pessoa não é digna!!!!!",ofensivo,hatebr
hatebr_2848,"Vc está contra ou a favor do 🇧🇷 @joicehasselmannoficial? Desnecessário essas suas postagens sobre essa guria, NÃO ESTA AGREGANDO NADA , INÚTIL, muito pelo contrário vc está se desgastando a toa, vamos focar no q importante para o 🇧🇷! E parar de Mimimi.",ofensivo,hatebr
hatebr_2849,"Um ano fora da escola, pena dessa garota, estão usando sua imagem p/ influenciar e servir de fantoche nas mãos desses fanáticos esquerdopatas. Pior é que ela sofre pois no fundo acredita em tudo que lhe falam. Alguém em sã consciência deveria olhar e afasta-lá do mal e perigo que está correndo, mostrar o verdadeiro caminho !",ofensivo,hatebr
hatebr_2850,Essa sabe se promover kkkkkk.,ofensivo,hatebr
hatebr_2851,"E pirralha sim! Insignificante, igual seus posts!!",ofensivo,hatebr
hatebr_2852,GRETA MENINA FEIA DOS INFERNO PARECE O DEMÔNIO CHUCK Kkkkkkkk,ofensivo,hatebr
hatebr_2853,"Time 1938 Hitler, Time 1940 Stalin, Time 1979 Aiatolá Khomeini, Time 1919 Greta Thumberg ou seja, a Time homenageia seus pseudos ícones de esquerda desde 1938, então deputada Joice toma VERGONHA na cara é assuma de vez a sua esquerdopatia e também lhe garanto que trair e perseguir o Presidente eleito pela maioria absoluta dos BRASILEIROS DE BEM, apenas porá um ponto final em sua pífia carreira política!",ofensivo,hatebr
hatebr_2854,"To esa falacia pr esa menina que pr mim nao passa de uma mimada vem de berso familia rica,esta sendo usada pela esquerda,porque ela nao fala do maior poloidor mundial chamado CHINA ai vem esa bosta querer falar.",ofensivo,hatebr
hatebr_2855,"Pobre menina!! Teleguiada, por interesses excusos!!! Comunistas por trás.",ofensivo,hatebr
hatebr_2856,"Kkkk uma ex assaltante de banco 🤦🏻‍♂️, a pfvor vai lá com o diálogo cabuloso com o PCX que eh o lugar de vocês. SEUS LIXO",ofensivo,hatebr
hatebr_2857,Os militontos são doentes e não cansam de compartilhar Fake News e passarem vergonha,ofensivo,hatebr
hatebr_2858,Que lixo de mulher. Não sabe nem falar. Tenho vergonha de ter sido governado por uma mulher dessas.,ofensivo,hatebr
hatebr_2859,"Messias das Trevas A geração Wi-Fi anestesiada ,assistem as filas de empregos aumentarem, os pedintes em suas casas se multiplicando, as contas da luz ,água ,alimentos aumentarem mais de 100%. Sabem que as matas de seu País estão sendo derrubadas. Os ninhos de pássaros, abelhas,e as diversidades de flora e animais mortos. Ares poluídos pelas fumaças de queimadas.Poluentes de indústrias ,carros inseticidas etc A civilidade , sociabilidade ,educação boas maneiras conquistada há milênios foram popularizadas por ""arminhas"" em nosso Brasil .Símbolo de selvageria no modismo dos últimos do ano de 2019. Descortinou um exército tacanho obsoleto em todos sentidos, inclusive no amor a Pátria e ao povo .O representante se transforma em líder maior da ""Ordem e Progresso"". O reflexo desta formação social refletirá gravemente sobre os filhos seus que fugiram à luta, pela defesa,da Previdência Social, falta de investimento na Educação, Justica, Saúde, Preservação Ambiental, respeito ao próximo, Amor Nacional. AcOrDa bRaSil. Maria Cristina Radke",ofensivo,hatebr
hatebr_2860,Assassinam a irma e ela sai no abraço … a delinquência paira ! O imoral vencendo,ofensivo,hatebr
hatebr_2861,Dilma jumenta,ofensivo,hatebr
hatebr_2862,Não suporto mais tantas asneiras e imbecilidade desse estúpido. Acorda Brasil do sono da ignorância Ninguém solta a mão de ninguém. #LULAÉINOCENTE #LULALIVREJÁ #CADÊAPROVA? #EusouLula Recife PE Lula foi e sempre será o melhor e honesto presidente do Brasil e único Presidente que fez pelo povo Brasileiro o que nenhum outro presidente quiz fazer e pelo Brasil. Ninguém solta a mão de ninguém.,ofensivo,hatebr
hatebr_2863,Ele lá sabe disso tudo! Ele é burro e chucro kkk,ofensivo,hatebr
hatebr_2864,"Bolsonaro é perverso, cruel",ofensivo,hatebr
hatebr_2865,"Nao escutei o papo aí,mas me contem, a Dilma conseguiu formular uma frase inteira?",ofensivo,hatebr
hatebr_2866,Como aqueles porcos chauvinistas subestimaram essa mulher!!! Pura misoginia!,ofensivo,hatebr
hatebr_2867,A Dilma poderia fazer stand-up... hahahahaa chorando de rir até 202....chora petralhas...,ofensivo,hatebr
hatebr_2868,Entrevistar uma anta dessa!,ofensivo,hatebr
hatebr_2869,Quem e o chefão da quadrilha 🤣 dos petralhas 😂 babaca,ofensivo,hatebr
hatebr_2870,Os Bozoloides vão fazer menos o n:2 🤣🤣🤣🤣🤣a mando do Patrão deles🤣🤣🤣🤣🤣,ofensivo,hatebr
hatebr_2871,"Dilma terrorista... PT mandou matar, executar o pai do presidente da OAB... Como é que pode falar de moderação",ofensivo,hatebr
hatebr_2872,"Continuará sendo a diva das Américas e a única mulher eleita e reeleita presidente da república federativa do Brasil! Engulam isso, canalhas fascistas.",ofensivo,hatebr
hatebr_2873,"#MoroCriminoso #MoroFarsante #MoroMentiu Moro, Dallagnol e Bolsonaro traidores da Pátria #Moronacadeia Bolsonaro governo da Morte, apologia a tortura, ao crime, racismo, Fake News, homofobia , prática crime contra a humanidade #ForaBolsonaros #Cassação do Bolsonaro já #NovasEleições presidenciais Já #LulalivreJá Todos pra rua em defesa de Lula e da Democracia brasileira O POVO UNIDO JAMAIS SERÁ VENCIDO GREVE GERAL INDETERMINADA JÁ ATÉ SOLTAREM LULA",ofensivo,hatebr
hatebr_2874,O Lula vai continuar preso babacas!,ofensivo,hatebr
hatebr_2875,A jumenta Rousseff 🤣🤣🤣🤣🤣🤣🤣,ofensivo,hatebr
hatebr_2876,Esse verme tem q ser preso! !😠,ofensivo,hatebr
hatebr_2877,"Deram asas ao capeta, o pior é vê gente inocente pagando pela a cagada de um monte de gente ruim, falsos moralistas imundos #FORABOLSONARO",ofensivo,hatebr
hatebr_2878,@gleisihoffmann manda a Dilma ir saudar a mandioca e deixa a vida do presidente bolsonaro em paz suas duas capivaras loucas 😂😂😂,ofensivo,hatebr
hatebr_2879,Fora Bozo Imbecil Idiota Nojento Calculista vai procurar tua turma de Doido...,ofensivo,hatebr
hatebr_2880,"😂😂😂 q porra é essa? Um monte de babaca entrevistando a babaca rainha 😂😂kkkk ninguém entende nada, parecem estar todos em transe 😂😂💩",ofensivo,hatebr
hatebr_2881,BOLSONARO E UM BANDIDO NÃO SEI QUE ESTA FAZENDO ESSES POLITICO QUE NÃO CAÇA ESSE TORTURADOR E CONDENA ELE POR CRIMINOSO DE GUERRA.,ofensivo,hatebr
hatebr_2882,Isso é um boçal desqualificado.,ofensivo,hatebr
hatebr_2883,Ele é um vagabundo torturador,ofensivo,hatebr
hatebr_2884,Vcs são bandidos sua pilantra vcs roubaram saquearam o país,ofensivo,hatebr
hatebr_2885,"Se ela fala merda porque, vcs minions , ainda param pra ouvir ? O presidente de vcs é um poço de sabedoria né ?!",ofensivo,hatebr
hatebr_2886,Hospício já para a estocasora de vento. Viva ustra.,ofensivo,hatebr
hatebr_2887,Disse uma das maiores terroristas do Brasil.,ofensivo,hatebr
hatebr_2888,Falando a BOCÓ que quer estocar o vento 😂😂,ofensivo,hatebr
hatebr_2889,Isso é uma jumenta,ofensivo,hatebr
hatebr_2890,USTRA VIVE EM 😎😎😎😎🇧🇷🇧🇷🇧🇷👏👏👏👏,ofensivo,hatebr
hatebr_2891,"Ainda vamos ver muito absurdo antes de grande parte do bolsonarismo chucro acordar, o resto vai ser fiel não importa o que vier",ofensivo,hatebr
hatebr_2892,🤡💩☠️fora Bozzolóide,ofensivo,hatebr
hatebr_2893,"ATENÇÃO AOS BOZOLOIDE DE PLANTÃO 🤣🤣🤣🤣🤣. TIRANDO SARRO DA DILMA MAIS QUANDO O MICO DELES ABRE A BOCA. E PIOR QUE PINICO 🤣🤣🤣🤣🤣🤣. BOZOLOIDE TENTANDO SER INTELECTUAL MAIS ESTÃO IGUAS AO BOZO ,SÓ FAZEM PAPEL DE PALHAÇO BOZOLOIDE,ANTES DE CRITICAREM ALGUÉM DO PT OLHEM O BOSTANORO FALANDO 🤦🏼‍♀️🤦🏼‍♀️🤦🏼‍♀️🤦🏼‍♀️ É 1000 X PIOR QUE A DILMA. BOSTANORO CAGA PELA BOCA AÍ OS BOZOLOIDE VEM AQUI REPRESENTA SEI MICO OPS PINICA BOZOLOIDE PAREM DE ACHAR QUE SÃO INTELIGENTE FALANDO DA DILMA ,QUANDO ELA FALA HOJE O BOSTANORO DE VOCÊS DISSE. FOSSO COCO 🤣🤣🤣🤣🤣🤣🤣🤣🤣🤣 DUAS VEZES AO DIA. 🤦🏼‍♀️🤦🏼‍♀️🤦🏼‍♀️🤦🏼‍♀️ BOZOLOIDE É AGORA SABEM POR QUÊ SÃO ELEITORES DO BOSTANORO 👏🏻👏🏻👏🏻👏🏻👏🏻👏🏻",ofensivo,hatebr
hatebr_2894,Dilma Rousseff só fala merda 😂😂😂😎👉,ofensivo,hatebr
hatebr_2895,"A culpa é do Noé ! Colocou casal jumentos arca, ê está porra não para de reproduzir, saudemos a mandioca.🐴😂",ofensivo,hatebr
hatebr_2896,"Falei e falo sempre, já passou da hora de dar um pau nesses esquerdistas.",ofensivo,hatebr
hatebr_2897,Bando de vagabundos... bandidos..... cretinos.....afff que ódio...,ofensivo,hatebr
hatebr_2898,Bando de covardes !! Sabem que o Brasil vai crescer com o acordo e arranjaram um meio de prejudicar o Brasil !!! Nojo !!!! 💩💩💩💩,ofensivo,hatebr
hatebr_2899,"Se for verdade, essa é a raça que deveria ser extinta do mundo.",ofensivo,hatebr
hatebr_2900,Só podia ser eles mesmo bando de gentalha e ainda falam q são patriotas cAnbada do 😈,ofensivo,hatebr
hatebr_2901,Bota tudo em uma jaula!!!!! Bando de louco!! Gente demente. 🙄,ofensivo,hatebr
hatebr_2902,Joice querida! esperava o que? desses aí?? todos pulhas!!!!,ofensivo,hatebr
hatebr_2903,São demônios contra o país e a favor de seus bolsos!,ofensivo,hatebr
hatebr_2904,A mesma corja de sempre!!! Dá nojo!!,ofensivo,hatebr
hatebr_2905,São uns pilantras de 💩💩,ofensivo,hatebr
hatebr_2906,Vindo desta corja era de se esperar,ofensivo,hatebr
hatebr_2907,Esses vermes sao dejeto de fossa canalhas corruptos vagabundos são o câncer do Brasil,ofensivo,hatebr
hatebr_2908,Corja de VAGABUNDOS,ofensivo,hatebr
hatebr_2909,Dificil é tirar o pt da mente dos esquerdopratas,ofensivo,hatebr
hatebr_2910,O que deveríamos esperar dessas escórias???,ofensivo,hatebr
hatebr_2911,"Têm que haver uma maneira de combater esses miseráveis. Deus me perdoe, mas eles se acham que podem fazer o que querem.aff",ofensivo,hatebr
hatebr_2912,São calhordas mesmo.PQP.Fdps!🤬🤬🤷🏻‍♂️👉🏼👉🏼🇧🇷,ofensivo,hatebr
hatebr_2913,"São uns canalhas e não representam o Brasil , aliás eles nem deveriam ser considerados brasileiros. Querem entregar a Amazônia para outras nações, isto brasileiro de verdade jamais admitiria",ofensivo,hatebr
hatebr_2914,"O que mais tem é idiota na política PT e seus puxadinhos, são campeões na categoria.",ofensivo,hatebr
hatebr_2915,Bando de imbecil!,ofensivo,hatebr
hatebr_2916,Acredito que esses comunistas malditos bandidos estão folgando demais!!!! Uma boa prenda para dar um jeito neles 💣👊🏻💣👊🏻,ofensivo,hatebr
hatebr_2917,"Como pode isso , vermes do congresso , dirigir-se a congressistas de outro país em detrimento dos interesses do 🇧🇷 , deve ter lei contra isso , o Brasil virou casa de mãe Joana ?? Pior q eles são os 💩💩💩 que votaram neles😡",ofensivo,hatebr
hatebr_2918,Deveria ser extraditado pra Cuba ou Venezuela..,ofensivo,hatebr
hatebr_2919,Só picaretas!!,ofensivo,hatebr
hatebr_2920,São um bando de invejosos!,ofensivo,hatebr
hatebr_2921,"Essas pestes não valem nada, não são brasileiros 😡",ofensivo,hatebr
hatebr_2922,Nojo desses vermes.....,ofensivo,hatebr
hatebr_2923,Vergonha até o invasor boulus tá no meio,ofensivo,hatebr
hatebr_2924,É inacreditável!! Bando de vermes !!!!,ofensivo,hatebr
hatebr_2925,"Esses traíras, só pendurando pelas bolas e deixar lá, até encostar no chão....🤦‍♂️",ofensivo,hatebr
hatebr_2926,"Ué? Cadê o @kimkataguiri nessa? Ele foi lá babar o ovo do francês mais cedo, essa era a hora dele foder com o povo. Cadê o Kim aí?",ofensivo,hatebr
hatebr_2927,Só o lixo da politica!,ofensivo,hatebr
hatebr_2928,"Enquanto existir essa corja do STF e congresso, Bolsonaro não vonsegue governar.",ofensivo,hatebr
hatebr_2929,não e novidade . pessoal que nao vale nada . 💩💩💩💩,ofensivo,hatebr
hatebr_2930,"CANALHAS.,PETRALHAS.!",ofensivo,hatebr
hatebr_2931,"Isso é repugnante, haja estômago para engolir esse tipo de gente mal amada que nojo...",ofensivo,hatebr
hatebr_2932,Os lixos de sempre.,ofensivo,hatebr
hatebr_2933,Só carniças! Normal.,ofensivo,hatebr
hatebr_2934,Isso eh esquerda. Eh o lixo do lixo. E ainda temos milhões de acéfalos que defendem e apoiam essa corja.,ofensivo,hatebr
hatebr_2935,Bando de covardes miserável traidores da pátria,ofensivo,hatebr
hatebr_2936,Um absurdo!! Canalhas🤮🤮🤮,ofensivo,hatebr
hatebr_2937,Até que ponto chegaram estes doentes.,ofensivo,hatebr
hatebr_2938,"Esses lixos estão contra, sinal que é um excelente negócio pro nosso país. Avante Brasil.",ofensivo,hatebr
hatebr_2939,Cangalhas!!! São enviados do coisa ruim!,ofensivo,hatebr
hatebr_2940,"🤮cambada de canalhas, sempre estiveram contra o Brasil e o povo brasileiro 🤮",ofensivo,hatebr
hatebr_2941,Porcos porcos porcos. E sai do meu bolso o dinheiro pra esses políticos porcos. Que me desculpem os porquinhos.,ofensivo,hatebr
hatebr_2942,O quw se esperar destes seres das trevas !,ofensivo,hatebr
hatebr_2943,"Intervenção militar no STF!!!!! Urgente!!! Presidente precisa caçar esses canalhas traidores da Pátria, não há outro jeito... Senão essas escórias não vão aprender que existe justiça de verdade e eles estão sujeitos à ela.",ofensivo,hatebr
hatebr_2944,São uma cambadas de vagabundos,ofensivo,hatebr
hatebr_2945,Me da mais raiva de quem vota nessa corja e apoia esses traidores,ofensivo,hatebr
hatebr_2946,São os canalhas de SEMPRE,ofensivo,hatebr
hatebr_2947,Todos um lixo !,ofensivo,hatebr
hatebr_2948,Que saudade do regime militar,ofensivo,hatebr
hatebr_2949,Que vergonha....pra nao dizer bandidos mesmo é o que eles são.,ofensivo,hatebr
hatebr_2950,"Canalhas, comunistas desgracados!!!",ofensivo,hatebr
hatebr_2951,"E muito lixo que se acha nesse país,",ofensivo,hatebr
hatebr_2952,Lixo esses petzadas mais não adianta o Brasil e nosso,ofensivo,hatebr
hatebr_2953,Sem surpresa ... vinda dos ratos,ofensivo,hatebr
hatebr_2954,Isso já se espera desce vermes,ofensivo,hatebr
hatebr_2955,Safados marxistas,ofensivo,hatebr
hatebr_2956,Espírito de porco. Quanto pior melhor para eles...,ofensivo,hatebr
hatebr_2957,São uns Malditos que só pensam no bolso deles e que os Pobres e os Discriminados pela sociedade cruel continuem nas mãos deles. Comunistas do Inferno! 😢😢😢,ofensivo,hatebr
hatebr_2958,Todos vagabundo ladrão este Tau de Huberto e um pagã e pernabuco,ofensivo,hatebr
hatebr_2959,Denúncia essa cambada!!! Quadrilha!!!,ofensivo,hatebr
hatebr_2960,"Você chama estes lixos de parlamentares, estão mais pra ratos de esgoto que para parlamentares.",ofensivo,hatebr
hatebr_2961,Isso é um absurdo!!! Estes vagabundos tinham que ser EXPULSO S DO PAÍS!!!,ofensivo,hatebr
hatebr_2962,"Isso a Globo Lixo, não divulga!",ofensivo,hatebr
hatebr_2963,Esquerda maldita,ofensivo,hatebr
hatebr_2964,"Bando de lixo, intocáveis até quando?",ofensivo,hatebr
hatebr_2965,São FDP bem grande,ofensivo,hatebr
hatebr_2966,Vermes do Brasil,ofensivo,hatebr
hatebr_2967,Vão queimar no inferno!,ofensivo,hatebr
hatebr_2968,Gente não tem como encher um avião com esses bando mandar para Venezuela !!!Jesus como pode torcer contra seu país será que são brasileiros 🤔,ofensivo,hatebr
hatebr_2969,Tem que mandar outra dizendo que esses vigaristas não nos representam.,ofensivo,hatebr
hatebr_2970,ESSES VERMES VERMELHOS SÓ FAZEM ISSO PELO BRASIL (MAL)NÃO AMAM A PÁTRIA,ofensivo,hatebr
hatebr_2971,Desgracados ! Como alguém vota num bando desse?,ofensivo,hatebr
hatebr_2972,"😕😕😕PARTIDO COMUNISTA DO MAL, ESQUERDALHAS DEMENTES, ANTIPATRIOTAS DO CARAMBA, LIXOS",ofensivo,hatebr
hatebr_2973,"Cambada de vagabundo, parasita, vao p venezuela jaguarada",ofensivo,hatebr
hatebr_2974,"Eles são repugnantes Sujos,imundos e nojentos traidores da pátria 🇧🇷",ofensivo,hatebr
hatebr_2975,"PTralhas do inferno, almadicoados sejam e queimem no inferno bandidos",ofensivo,hatebr
hatebr_2976,"O único desejo do Pt facção criminosa é dinheiro é poder,o comunismo é devastador 😟 corrosivo, não faz sentido o comportamento desse pessoal de não aceitar que perderam o poder,bando de doentes egoístas avarentos",ofensivo,hatebr
hatebr_2977,Esses são a escória do Brasil. Lixo 😢,ofensivo,hatebr
hatebr_2978,"Marginais, gente suja. Deveriam ser expulsos do país!",ofensivo,hatebr
hatebr_2979,Ainda. Tem ESTÚPIDOS que elegem LIXOS. PAÍS repleto de retardados PODRES ASSASSINOS do povo brasileiro,ofensivo,hatebr
hatebr_2980,Cambada de comunistas nojentos,ofensivo,hatebr
hatebr_2981,Essa é a Quadrilha Satanica q está no Congresso Brasileiro. Pior foi quem votou nessa Gangue . Todos têm q perder seus Mandatos por Crime de Lesa Pátria!!!,ofensivo,hatebr
hatebr_2982,Só podiam ser esses pulhas malditos traidores imundos ladrões,ofensivo,hatebr
hatebr_2983,Vermes boçais malditos,ofensivo,hatebr
hatebr_2984,Traidores da pátria. Culpado do os imbecis que mandam essa gente pra Brasília 😱,ofensivo,hatebr
hatebr_2985,Cínicos bandidos,ofensivo,hatebr
hatebr_2986,"Um tem a cara do outro,dois vagabundos,que roubaram e afundaram este país. Dois caras de pau, ladrões...",ofensivo,hatebr
hatebr_2987,Vadia ridícula,ofensivo,hatebr
hatebr_2988,Vermes parasita,ofensivo,hatebr
hatebr_2989,"A Visão do Inferno, a besta e a bestinha😂😂",ofensivo,hatebr
hatebr_2990,A cara da besta!!!,ofensivo,hatebr
hatebr_2991,"Sem comentários.. Não vale a pena comentar sobre essas pessoas ... Egoístas, ambiciosas que nao pensam em ninguém além deles mesmos.",ofensivo,hatebr
hatebr_2992,Como se esse bosta solto fizesse diferencia 😒 a única diferença é que ele vai rouba o país ea única coisa que ele sabe fazer,ofensivo,hatebr
hatebr_2993,"Grande merdas! Imagina se todo mundo colocasse a metade de uma foto de um bandido pilantra junto a sua, que ridículo seria! Seus desocupados! #ptnuncamais #lulapilantra",ofensivo,hatebr
hatebr_2994,"Minha duvida hj é se eu vendo avon, se dou palestras, se cato bosta de elefante ou se jogo na mega sena.... PTzada.... tropa de ladrao",ofensivo,hatebr
hatebr_2995,"KKKKKK QUE NOJO MEI ASSASSINA MEIA CORRUPTA , MEIA NOJENTA , MEIA IMUNDA.",ofensivo,hatebr
hatebr_2996,QUANTO MAIS RIDICULA ESSA CRISI HOFFMANN PODE SER ! ELA MESMA SE SUPERA KKKKKK. O BICHA DOIDA.,ofensivo,hatebr
hatebr_2997,VC PODE CUMPRIR A METADE DA PENA DO BANDIDO BARBUDO!!,ofensivo,hatebr
hatebr_2998,Isso é ótimo o STFLIXO vão para cima os Juízes e promotores isso e muito bom!,ofensivo,hatebr
hatebr_2999,"Os petralhas colocaram sua corja em todos os lugares, não salva ninguém, que tristeza ..",ofensivo,hatebr
hatebr_3000,"Intervenção militar no STF, já",ofensivo,hatebr
hatebr_3001,O supremo não vai atender. O STF é o protetor de bandidos e das falcatruas.,ofensivo,hatebr
hatebr_3002,Os bandidos puxando brasa pra suas sardinhas,ofensivo,hatebr
hatebr_3003,"Isso caso intervecao militar mesmo, se o bolsonaro nao fechar o congresso e o supremo os militares vao e prender tambem.",ofensivo,hatebr
hatebr_3004,Os supremos calhordas NÃO irão impor sua vontade. Não deixaremos! 😎🇧🇷,ofensivo,hatebr
hatebr_3005,Intervenção militar já !!! Acaba STF não serve pra nada mesmo...@joicehasselmannoficial,ofensivo,hatebr
hatebr_3006,Grandr merda tudo por causa de acordoes com o presidente que nao vem e faka pra gente o que ta acontecendo e se vende para esses canalhas. Deveria ter vetado tudo e nao uma parte fa ao o que deu. Tô deceocionada com o que ta acontecendo. Cirrer atrás do leite derramado não adianta pq não vence hipocrisia desse sistema de mentiras. 😢,ofensivo,hatebr
hatebr_3007,"O Brasil comum, sem foro privilegiado, não acredita em Congresso Nacional e Judiciário, principalmente neste tal STF. São muito cara de pau.",ofensivo,hatebr
hatebr_3008,Cadê as forças armadas!!!!!Socorro!!!!!,ofensivo,hatebr
hatebr_3009,"Esses Ministros abutres do STF, Se julgam acima de tudo e de todos.",ofensivo,hatebr
hatebr_3010,Mas o STF só faz a favor de marginais .infelizmente enquanto não fechar este chiqueiro o Brasil estará refém destes advogadinhos chamados de ministros,ofensivo,hatebr
hatebr_3011,MILITARES FECHA O SUPREMO! !!!!! MOURÃO! !!!!!,ofensivo,hatebr
hatebr_3012,Param esses Abutres,ofensivo,hatebr
hatebr_3013,Pra frente Brasil 🇧🇷 contra os corruptos e bandidos de toga,ofensivo,hatebr
hatebr_3014,"ART. 142 já não aguento mais esses canalhas STF l, congresso e senado",ofensivo,hatebr
hatebr_3015,"Minha querida, com esses corjas que temos no STF , no STJ, no STE e OUTROS tá dificil hein! Não dá pra entrar, matar um e suicidar; não resolve nada! Tem é que entrar com metralhadoras para exterminar a rataiada....",ofensivo,hatebr
hatebr_3016,O pau entrando no rabo dos juízes kkkkkkkk,ofensivo,hatebr
hatebr_3017,Esses bandidos do STF legislam o tempo todo!!!,ofensivo,hatebr
hatebr_3018,Problema que tem mais bandido do que gente honesta,ofensivo,hatebr
hatebr_3019,"Que tristeza de país, estou perdendo a esperança de um presente melhor e futuro digno e feliz para meus filhos e netos!Esquecem que o caixão não tem gavetas,canalhas do congresso e STF",ofensivo,hatebr
hatebr_3020,"Kkkk... Piada né? A atitude é legal, MAS o congresso criou essa lei pra se proteger e roubarem em paz e por sua vez vem o STF que protege corruptos e criminal de colarinho branco.",ofensivo,hatebr
hatebr_3021,Chega de favorecer esses bandidos.,ofensivo,hatebr
hatebr_3022,"vamos acabar com este STF , senado , vamos povo tá na hora de mostrar a força , vamos exército nos ajudem",ofensivo,hatebr
hatebr_3023,"Com um congresso frouxo, o STF continuará reinando. É muito rabo preso entre todos aí. Dos antigos congressistas, já esperávamos os conchavos. Dos novos, só decepções até o presente momento.",ofensivo,hatebr
hatebr_3024,Ta faltando um cabo e um soldado pra fecharem essa merda logo 🇧🇷😠,ofensivo,hatebr
hatebr_3025,"O STF, com raras exceções de ministros, transformou-se em escritório de advocacia para bandidos!!! 🙌🙏🙌",ofensivo,hatebr
hatebr_3026,O LIXO do Brasil = STF,ofensivo,hatebr
hatebr_3027,Artigo 142 nestes ratos corruptos STF bandidos safados vagabundos canalhas abutres crápulas do STF derrubar está corte criminosa do Brasil,ofensivo,hatebr
hatebr_3028,@joicehasselmannoficial porque as forcas armada nao interven no STF urgente.,ofensivo,hatebr
hatebr_3029,As forças armadas podem nos salvar destes miseráveis do STF,ofensivo,hatebr
hatebr_3030,Tem que fechar esse congresso de bandidos,ofensivo,hatebr
hatebr_3031,Vamos derrotar os demônios malditos 🇧🇷👏🇧🇷👏🇧🇷👏,ofensivo,hatebr
hatebr_3032,"Isso e inaceitável uma desgraça dessa nem lúcifer aceita vão te lascar infelizes amaldiçoados !Fora esse STF isso e o satanás tirem pelo amor de Deus , e uma tortura brasileira acabem com essa infâmia nacional acabem com eles !",ofensivo,hatebr
hatebr_3033,Absurdo VERGONHA!!!,ofensivo,hatebr
hatebr_3034,Párias apátridas 😡😡😡,ofensivo,hatebr
hatebr_3035,"É bem possível mesmo,no Brasil o poste tá mijando no cachorro faz tempo, inocente usa tornozeleira e bandido vira presidente🤷‍♀️",ofensivo,hatebr
hatebr_3036,É complicado o desmame dessa turma da esquerda. Se acostumaram com a grana fácil desviada dos cofres públicos e agora esperneiam com a seca total.,ofensivo,hatebr
hatebr_3037,É uma absurdo né? Não sei o que fazem aqui... deviam estar em Cuba ou Venezuela....,ofensivo,hatebr
hatebr_3038,São uns malditos vagabundos criminosos! Pena de morte pra todos!!!,ofensivo,hatebr
hatebr_3039,LEI DE SEGURANÇA NACIONAL NESSES TRAIDORES DA NAÇÃO!!!,ofensivo,hatebr
hatebr_3040,"absurdo, porra aqui não e casa de veraneio. esses parlamentares tem que ser afastados, que palhaçada",ofensivo,hatebr
hatebr_3041,"Só tem lixo! Narizinho, marido do Verdevaldo, etc...🤢🤮🤮🤮",ofensivo,hatebr
hatebr_3042,"Ficaria surpresa se esse Lixo ficassem a favor do país,",ofensivo,hatebr
hatebr_3043,Esses não são gente. Esses são escória de nossa política.,ofensivo,hatebr
hatebr_3044,Só gente débil vota numas carniça dessas,ofensivo,hatebr
hatebr_3045,"Isso é crime contra a nação, e tem fdp que ainda vota nesses canalhas.",ofensivo,hatebr
hatebr_3046,"Estão arroxados, a TETA secou🤣🤣🤣🤣🤣🤣🤣onde está Paulo Pimentel , Gleice Hoffman e essezinho aí, pode esperar... DESESPERO DE CAUSA. Estão oprimidos tadinhos.Deixe ""eis""",ofensivo,hatebr
hatebr_3047,Misericórdia!!! Inacreditável!!! Esse povo é doente! Só pode!,ofensivo,hatebr
hatebr_3048,"O grande problema é que os fracassados, jamais torcerá para que outras pessoas tenham sucesso. No caso aqui... ESSA TURMA DO PT. Eles nunca mudaram e jamais mudarão.... Sempre prestarão um DESFAVOR AO BRASIL. Gostaria apenas de lembrar aos meus compatriotas que o nosso verdadeiro inimigo NÃO ESTÁ NA FORA... TÁ AQUI DISFARÇADO",ofensivo,hatebr
hatebr_3049,"O ódio da esquerda é maior que o seu ""amor"" pelo Brasil, vale até quebrar o país se isso prejudicar o Bolsonaro, não importa se o brasileiro se FODE junto, importante é que atrapalharam o Bolsonaro!!",ofensivo,hatebr
hatebr_3050,"Os eleitores dessa corja deveriam se envergonhar pois torcem contra o próprio país estamos no mesmo barco mas a esquerda é ignorante demais para verem isso, por favor nas próximas eleições não reeleja quem não quer o crescimento do próprio país!!!! 🇧🇷🙌",ofensivo,hatebr
hatebr_3051,Queremos saber os nomes desses parlamentares bandidos corruptos que lutam contra pais,ofensivo,hatebr
hatebr_3052,"Meu cachorro cagando, trabalha muito mais pelo Brasil do que estes esquerdistas parasitas!",ofensivo,hatebr
hatebr_3053,Essa esquerda não tem o que fazer,ofensivo,hatebr
hatebr_3054,Cambada de fdp - o bolsonaro tem que fazer uma matéria mostrando estes 💩,ofensivo,hatebr
hatebr_3055,"Só os PTRALHAS, lixo do Brasil",ofensivo,hatebr
hatebr_3056,Deveriam ser presos esses pretalhas!!,ofensivo,hatebr
hatebr_3057,"Esses infelizes , são IGNORANTES , DOENTES MENTAIS , CORRUPTOS OU BABACA MESMO !",ofensivo,hatebr
hatebr_3058,"Bando de desgraçados, que só querem que o Brasil seja uma Venezuela. Será que não tem alguma forma de banir estes fdp.",ofensivo,hatebr
hatebr_3059,Esses petistas são sujos!,ofensivo,hatebr
hatebr_3060,São uns idiotas bandidos . Deviam ser cassados . Ou estão com o Brasil e então fora com eles,ofensivo,hatebr
hatebr_3061,BANDO DE TRAIRAS !!! CANALHAS !!,ofensivo,hatebr
hatebr_3062,Cambada de fdps😢😢😢😢,ofensivo,hatebr
hatebr_3063,Vão para o inferno!👿,ofensivo,hatebr
hatebr_3064,"Só merda,não serve nem para engraxar botina presidente!!!",ofensivo,hatebr
hatebr_3065,Que corja asqueirosa.,ofensivo,hatebr
hatebr_3066,Cambada de lixo humano...só se servem...não nos servem,ofensivo,hatebr
hatebr_3067,"Cretinos, falam em democracia, mas usam dos meios mais sórdido pra derrubar um governo eleito democraticamente, sem se importar com as consequências para o povo brasileiro.",ofensivo,hatebr
hatebr_3068,"Moram no Brasil, mas não têm alma de brasileiro. Limpam a consciência com papel higiênico...",ofensivo,hatebr
hatebr_3069,"Bem que fazer um belo pacotão, juntar esses parlamentares malditos, juntamente com seus eleitores, e mandar todos pra Cuba que lhes pariu....",ofensivo,hatebr
hatebr_3070,Cambada de vagabundos.,ofensivo,hatebr
hatebr_3071,"Joice, mete um desagravo na Câmara contra esses fdp",ofensivo,hatebr
hatebr_3072,Este povo do PT são uns FDP..,ofensivo,hatebr
hatebr_3073,Grandes Filhodeputas!,ofensivo,hatebr
hatebr_3074,Sao todos um lixo. Vergonha.,ofensivo,hatebr
hatebr_3075,Corja de bandidos!,ofensivo,hatebr
hatebr_3076,Eles fazem isso pq o salário deles está garantido no fim do mês. Esses vagabundos estão contra o povo trabalhador. Intervenção militar já no congresso e no STF.,ofensivo,hatebr
hatebr_3077,"Bando de sem vergonhas, atraso do Brasil!",ofensivo,hatebr
hatebr_3078,Tenho pena DELA... vai ser desmascarada...,ofensivo,hatebr
hatebr_3079,Agora em falar em moral me responde qual a moral tem um deputado que burla a regra para beneficiar o filho em escola para matricular o filho em colégio militar sem processo seletivo e vergonhoso isso,ofensivo,hatebr
hatebr_3080,Manda ela.cuidar da vida dela..Do Brasil .os Brasileiros CUIDA 👏👏👏🤗🤗🤗,ofensivo,hatebr
hatebr_3081,Necessidade urgente de um holofote para ufanar-se,ofensivo,hatebr
hatebr_3082,Recebe dinheiro e depois tem pena do Brasil?!!! Devolve o dinheiro que recebeu.,ofensivo,hatebr
hatebr_3083,"A sua pena do Brasil a gente dispensa , porque voce nunca expressou nenhuma pena quando seus amigos saqueavam o Pais criando a maior crise institucional no Brasil com milhões de desempregados",ofensivo,hatebr
hatebr_3084,"É MELHOR tomar conta de seu PAÍS,pare de falar o que não é de sua conta!",ofensivo,hatebr
hatebr_3085,"Eu n sabia da propina. Meu Deus, qta sujeira😳",ofensivo,hatebr
hatebr_3086,Quando acaba o dinheiro.. muitas vezes acaba o amor tb.. sobrando apenas a hipocrisia..,ofensivo,hatebr
hatebr_3087,"Uma aberração! Comemorar a invasão dos Nazistas, com milhares de mortes, completamente sem noção e respeito?",ofensivo,hatebr
hatebr_3088,Puxa tinha que ser vermelho o uniforme??... me dá azia essa cor... até as rodas mudou de cor...,ofensivo,hatebr
hatebr_3089,Se juntar toda a família biroliro não chega aos pés de Mácron.,ofensivo,hatebr
hatebr_3090,É gritante a diferença de jovens alunos de um colégio militar para uma UF com alunos esquerdopatas.,ofensivo,hatebr
hatebr_3091,"@matthews_salles Errar é humano, persistir no êrro, é burrice! Vai se preparando q o seu choro ñ demora",ofensivo,hatebr
hatebr_3092,"Toca o berrante seu moço, panelaço ; Grande dia",ofensivo,hatebr
hatebr_3093,"Como ela mesma disse, não deveria estar ali, principalmente para ser usada com sensacionalismo por outra ideologia que ama ter o discurso poético e patético ao mesmo tempo, falta tanta razão pra alguns políticos que eles adotam e usam crianças pra sensibilizar ao ganhar repercussão de suas ideas",ofensivo,hatebr
hatebr_3094,Mais ensaiado impossível,ofensivo,hatebr
hatebr_3095,"Impactante! Caráleo como ousam?! Até onde vamos por dinheiro?? Até o ""fim""?",ofensivo,hatebr
hatebr_3096,"Infelizmente o governo mundial olha e faz cara de foda-se . Eles não ligam , eles não se importam. APENAS. 🤭🤦🏻‍♀️😥",ofensivo,hatebr
hatebr_3097,"Não deveria estar , muito menos carregar tanto ódio . Um discurso forte , obstinado , mas a Greta é uma menina e deveria ser protegida . Os COVARDES, deveriam poupar as crianças.",ofensivo,hatebr
hatebr_3098,"Querem roubar a nossa Amazônia!!! Ja saquearam as Américas e a África, agora querem a cereja do bolo!!! Amazônia é nossa!🇧🇷 @manueladavila",ofensivo,hatebr
hatebr_3099,"Haddad, ainda bem que você não compareceu ao ato da direita golpista. Porque negociar com psdb, fhc, que foram os mentores e articuladores do GOLPE contra a Dilma e o Povo Brasileiro, seria imperdoável. Igual a chamar o Temer novamente para vice, ou Aécio. A militância não suportaria.💚🌳",ofensivo,hatebr
hatebr_3100,Oxi... aquele ali é o Freixo?... como assim? Dia de semana não é dia dele tá na piscina do Copacabana Palace com a esposa? 🤔 Essa esquerda socialista tá muito estranha...,ofensivo,hatebr
hatebr_3101,"Ótimo, onde estão as mulheres, as pretas, os indios, os operários, o protesto. Todo mundo muito domesticado.",ofensivo,hatebr
hatebr_3102,@fernandohaddadoficial salva nosso país do bozo pfv ❤️❤️❤️,ofensivo,hatebr
hatebr_3103,"Bravooo Obrigada, @fernandohaddadoficial nada de se misturar com PSDB",ofensivo,hatebr
hatebr_3104,Olha só no nível da vestimenta de vocês para o bozo... Só aí já vemos quem é melhor.,ofensivo,hatebr
hatebr_3105,"Dá um sono danado o Andrade.. Se forem com esse cara de novo como candidato, infelizmente, dará Dória em 2022..",ofensivo,hatebr
hatebr_3106,Não cansa de passar vergonha,ofensivo,hatebr
hatebr_3107,ESTÃO NO DESESPERO. AUDIÊNCIA CAINDO E ANTIPATIA AUMENTANDO.,ofensivo,hatebr
hatebr_3108,EU Não Assisto. Só Faz CARA DE Deboche. Tá Com Nada. AUDIÊNCIA CAINDO.,ofensivo,hatebr
hatebr_3109,ESTÁ AÍ EU JÁ NÃO ASSISTO FAZ TEMPO. MUITO DEBOCHADA.NÃO DÁ MAIS GLOBO TÔ FORA.,ofensivo,hatebr
hatebr_3110,"Prefiro a âncora da Globo cantando a música ""caneta azul, azul caneta"". E menos feio do que pagar mico ao vivo",ofensivo,hatebr
hatebr_3111,Essa mulher só dá bola fora. Tem que se informar melhor antes de entrar ao vivo.,ofensivo,hatebr
hatebr_3112,Podia ter dormido sem essa vergonha 😂😂😂,ofensivo,hatebr
hatebr_3113,Que vergonha pra globo q só faz criticar o governo,ofensivo,hatebr
hatebr_3114,🤣🤣🤣🤣🤣ser desmentida ao vivo não tem preço!!!🤣🤣🔝🇧🇷,ofensivo,hatebr
hatebr_3115,Só pode ser doença,ofensivo,hatebr
hatebr_3116,Esse povo único ituito é lacra.,ofensivo,hatebr
hatebr_3117,Como confiar em uma emissora que de todas as formas quer acabar com o governo e consequentemente com o país. Triste. Eles se perdem na própria mentira.,ofensivo,hatebr
hatebr_3118,"Eu não entendo como tem empresas que ainda faz propaganda com a Rede Globo, uma emissora que não têm mais crédito algum.",ofensivo,hatebr
hatebr_3119,Devia ficar mais calada!!!!,ofensivo,hatebr
hatebr_3120,Feio . Totalmente desmoralizado essa Globo,ofensivo,hatebr
hatebr_3121,Passa a vergonha no crédito por favor... O dinheiro acabou!!!! 😂😂😂,ofensivo,hatebr
hatebr_3122,A lacradora perdeu o rumo !!! Bela broxada!!! 😂😂😂😂😂,ofensivo,hatebr
hatebr_3123,Poderia ter combinado antes pata não passar essa vergonha ao vivo kkkk,ofensivo,hatebr
hatebr_3124,"Só roubo!!! 249 bilhões de déficit ano passado, 597 milhões de prejuízo nos correios!!!",ofensivo,hatebr
hatebr_3125,O convidado matou a pau!! Toma distraída!!! 😂😂😂😂😂,ofensivo,hatebr
hatebr_3126,"Kkkkkkkkkkk querem enfiar viela abaixo que houve negligência do Governo! Mas ignoram de onde veio o óleo, e muito pior ignoram o crime terrorista que ocorreu.",ofensivo,hatebr
hatebr_3127,"Esse povinho da Globo, não aprendem mesmo",ofensivo,hatebr
hatebr_3128,É melhor ouvir besteira do que ser surda.,ofensivo,hatebr
hatebr_3129,Esta reporter da globo é muito arrogante .,ofensivo,hatebr
hatebr_3130,"Pois é, prestando desserviço à população brasileira.",ofensivo,hatebr
hatebr_3131,Deveriam fazer um compilado de fake news só da Globo; criar um site só para isso!,ofensivo,hatebr
hatebr_3132,A Globo já era,ofensivo,hatebr
hatebr_3133,É a globo ta desesperada mesmo... bom que o povo vê as palhaçadas ao vivo.,ofensivo,hatebr
hatebr_3134,Eles são assim...matam a pessoa e acusar a polícia de chegar atrasado .... quem cometeu o crime ela não quer nem saber né?,ofensivo,hatebr
hatebr_3135,Poderia dormir sem esta.,ofensivo,hatebr
hatebr_3136,"Eles acham que o povo tá na idade dá pedra...não sabe nada inocente kkkkkk foi o tempo q enganava os brasileiros, passou tudo passa tudo acaba tudo tem um fim...Maldito seja o enganador.. é Bíblico essa palavra porisso vão colhe o q tá plantando..🙌",ofensivo,hatebr
hatebr_3137,Cadê queroz já tá na cadeia ou n ou tá com lula solto,ofensivo,hatebr
hatebr_3138,Lembrou das milícias ou passou batido?,ofensivo,hatebr
hatebr_3139,"Conta aí @bolsonarosp, você sim está lúcido né?...hahahahaha",ofensivo,hatebr
hatebr_3140,Rindo com essa legenda. Tem gente da canhota que ama o tal Queiroz. Kkkkkkkkk,ofensivo,hatebr
hatebr_3141,"Leda Nagle e Lacombe,estão dando show no resto dos jornalistas lixo.👏👏",ofensivo,hatebr
hatebr_3142,"🤮Falta agora a reforma política . Tem gente demais nessa merda de congresso muitos no cargo sem concurso,27 governadores, 27 vice 503 deputado...por aí vai. A festa tá boa com o dinheiro público. São vários secretários,suplentes ... Nosso dinheiro indo pelo ralo👀👀 reforma política ,já!",ofensivo,hatebr
hatebr_3143,Somos todos BOLSONARO!!se não é caiu fora mané!,ofensivo,hatebr
hatebr_3144,O Queiroz traz um mulher para nós kkkkkkk,ofensivo,hatebr
hatebr_3145,#apoio prisão em segunda instância!,ofensivo,hatebr
hatebr_3146,Kkkkk bem afrontoso👏👏👏👏👏👏🙌,ofensivo,hatebr
hatebr_3147,"HA UM ANO TÍNHAMOS A ESPERANÇA DE QUE IA LUTAR CONTRA O STF , LUTAR CONTRA TOMA LA DA CA , E A VELHA POLÍTICA !! PURO ENGANO !! TRISTE !!",ofensivo,hatebr
hatebr_3148,"Tu ta bem , mas teu irmão @carlosbolsonaro ta arregando de ir em outros programas como o Pânico, fica só no twiter , tem que ir pra frente de batalha que nem vc faz.",ofensivo,hatebr
hatebr_3149,"SOU BOLSONARIANA ATÉ VCS NÃO ESTIVER MAIS NA POLÍTICA, SOU DO ESTADO DE SÃO PAULO,,,HAHA VOLTEI EM VC BEBÊ,,,EU NÃO TENHO SAUDADES DO QUEIROZ, SE ELE DEVE ALGUMA EXPLICAÇÃO NÃO É PRA MIM, E SIM PRA JUSTIÇA..,..SO ALGO ME ENCOMODA MUITO, O FLAVIO ESTÁ NA MÃO CONTRÁRIA DO SEU PAI, NAS VOTAÇÕES DELE, O MAJOR OLÍMPIO SIM SEGUE MAIS OS IDEAIS DO SEU PAI, QUE O FLAVIO,,, PORQUE FLAVIO É TOTALMENTE CONTRA A CPI DA LAVA TOGA, EDUARDO O POVO ODEIA ESSE STF, PORQUE FLAVIO OS PROTEGE TANTO.....SEI QUE VC NÃO VAI DAR BOLA AO MEU COMENTÁRIO, MAS JURO QUERIA ENTENDER...💗💗💗💗💗💗",ofensivo,hatebr
hatebr_3150,Tem que ser uma pessoa muito especial viu para dar uma entrevista para uma pessoa de esquerda que nem a Leda Nagle não é para qualquer um não Parabéns Eduardo bolsonaro,ofensivo,hatebr
hatebr_3151,Esquerdistas amam o Queiroz ! Com certeza tb não perderão sua entrevista 😂😂😂,ofensivo,hatebr
hatebr_3152,🙌Que Deus afaste os Traidores dos homens do bem!!🇧🇷🇧🇷,ofensivo,hatebr
hatebr_3153,Quanto tempo ate assassinarem a reputação da Leda Nagle?,ofensivo,hatebr
hatebr_3154,Robô miliciana me apresentando! Positivo operante!,ofensivo,hatebr
hatebr_3155,"edinice, esse aí não vai falar bosta como o lobão, o deputado é muito inteligente não anda falando besteira parabéns deputado 👏👏👏",ofensivo,hatebr
hatebr_3156,"Se faz de velho e soltando as deles, onde está o ECA que nestas horas não aparece.😡😡😡",ofensivo,hatebr
hatebr_3157,Que absurdo! Esse homem perdeu o bom senso mesmo!,ofensivo,hatebr
hatebr_3158,Um desrespeito com um inocente. Esse cidadão teria de ter saído preso desse local.,ofensivo,hatebr
hatebr_3159,Por isso mesmo que eu falo muita felicidade nesse Governo e os que apoiam ele querem liberdade pra fazerem o que querem principalmente com crianças e mulheres ou ninguém percebeu o quanto aumentou a morte contras mulheres e essa vergonha aí pra todo mundo ver 💩💩💩💩💩💩💩🤮🤮🤮🤮🤮🤮🤮🤮🤮🙈🙊🙉,ofensivo,hatebr
hatebr_3160,"Ele nao para , me impressiona a quantidade de pessoas que ainda pertencem a esse bloco que se auto intitula direita , sinceramente ...",ofensivo,hatebr
hatebr_3161,A pessoa quando ficam velhas perde a noção das coisas,ofensivo,hatebr
hatebr_3162,Kd os hipócritas?,ofensivo,hatebr
hatebr_3163,Por isso é que vamos pro abismo... cegueira é pouco.,ofensivo,hatebr
hatebr_3164,"Que barbaridade é o Brasil acima de tudo deles, Em 2023 eles vão entregar o país desvatado.",ofensivo,hatebr
hatebr_3165,"TV domingo, é a pior coisa que existe. Vá passear , viajar, teatro, cinema, etc.. fuja da TV domingo!!!!",ofensivo,hatebr
hatebr_3166,"ele acha que pode tudo, por conta de ser dono da emissora e tal",ofensivo,hatebr
hatebr_3167,"Absurdo o que ele tem feito, alguém tem que fazer parar😮😮😮😮😮",ofensivo,hatebr
hatebr_3168,O pior é o povo aplaudindo essa merda,ofensivo,hatebr
hatebr_3169,É tão absurdo que não sei nem o que dizer.,ofensivo,hatebr
hatebr_3170,Quando tem homem pelado e as crianças perto vc não fala nd...ta virando conservadora?,ofensivo,hatebr
hatebr_3171,"Por mil reais a mãe ri junto, rs",ofensivo,hatebr
hatebr_3172,"Puts, sem noção mesmo...",ofensivo,hatebr
hatebr_3173,Daí a filha ter um marido e um filho a cada ano passar sem comentário pq é rica se fosse pobre era irresponsável ou coisa pior que dizem com as mulheres populares ...,ofensivo,hatebr
hatebr_3174,O pior é ver o cidadão de bem aplaudindo😕,ofensivo,hatebr
hatebr_3175,A insanidade mental tomou conta do Brasil. Lamentável.,ofensivo,hatebr
hatebr_3176,Cade os Bolsominions defendendo? Cade a espuma? Kkkkk Silêncio,ofensivo,hatebr
hatebr_3177,"Esse programa já foi melhorzinho, bando de cretinos",ofensivo,hatebr
hatebr_3178,Esse senhor está perdendo mesmo a noção...velho gágá,ofensivo,hatebr
hatebr_3179,Cadê o MP de São Paulo para tirar do ar uma loucura dessas?,ofensivo,hatebr
hatebr_3180,Cadê Doidamares? Como pode expor dessa forma uma criança?,ofensivo,hatebr
hatebr_3181,Que loucura estamos vivendo... Meu Deus tenha misericórdia...,ofensivo,hatebr
hatebr_3182,"As pessoas de bem não vão fazer textão? Absurdo , quantas campanhas... quanta discussão em torno da segurança das nossas crianças, denúncias de pedofilia, pais e mães com medo dessa sociedade doente! E este homem público usando uma ferramenta de comunicação para isso?!! Não vai ser punido?? Não vai se retratar?! Vai ser assim??! A revolta em relaçao a inocência das crianças é seletiva?",ofensivo,hatebr
hatebr_3183,@vanessaapascucci pior é a mãe q leva filhos lá né ? Pqp,ofensivo,hatebr
hatebr_3184,E ainda tem gente que fala que é mimimi,ofensivo,hatebr
hatebr_3185,hetero pode tudo não tem censura né? mas um beijo gay nao pode,ofensivo,hatebr
hatebr_3186,"A visão ultrapassada de que idosos são inimputáveis pelas atrocidades expressa, soma-se a certeza da blindagem do poderio econômico. As instituições brasileiras estão na UTI",ofensivo,hatebr
hatebr_3187,"Não sei o que é pior, se o silêncio das instituições diante dos absurdos proferidos pelo senhor Silvio em rede nacional, se a postura ridícula dos pais que expõe seus filhos a esse tipo de situação, ou se os aplausos da platéia.",ofensivo,hatebr
hatebr_3188,Ficar nu na frente de criança são arte para vocês,ofensivo,hatebr
hatebr_3189,"Pois é!! Os absurdos e assedios morais acontecem em tudo que é lugar. Em rede nacional, em shoppings, patrões maltratando empregados pra quem quiser ver. Lamentável, onde vamos parar. A humanidade realmente perdeu a noção do respeito.Lamentável cenas como essas.",ofensivo,hatebr
hatebr_3190,É vergonhoso vê uma cena desta...... Lamentável oque está se tornando o Brasil.,ofensivo,hatebr
hatebr_3191,Mais ridiculo são os pais dessas crianças que se corrompem por dinheiro.Acha graça em tudo o que ele diz.,ofensivo,hatebr
hatebr_3192,"Engraçado que os moralistas que querem fechar exposição de arte, censurar livros, berrar nas redes sociais a defesa da família nada dizem nessa hora. A hipocrisia desse pessoal é algo de tamanho inimaginável.",ofensivo,hatebr
hatebr_3193,"Por qual motivo os homens de bem não se manifestaram, cadê os fake news dos ""kits e mamadeiras"".",ofensivo,hatebr
hatebr_3194,Faz parte da família do Bozo,ofensivo,hatebr
hatebr_3195,Parabéns a cultura hipócrita,ofensivo,hatebr
hatebr_3196,Um quase presidente e o outro quase um apresentador... só que não,ofensivo,hatebr
hatebr_3197,ajudo a pagar a passagem pra cuba kkk,ofensivo,hatebr
hatebr_3198,Haja mortadela,ofensivo,hatebr
hatebr_3199,EXISTE UMA LINGA TÊNUE ENTRE O ENGRAÇADO E O PATÉTICO.,ofensivo,hatebr
hatebr_3200,"Estou indignada com tanta violência e preconceito. Estamos com a senhora, Ministra.",ofensivo,hatebr
hatebr_3201,"mulher virtuos! pessoas que se dobram a Satanás não reconhecem por falta de entendimento espiritual que é a pior ignorância, essa leva pro inferno",ofensivo,hatebr
hatebr_3202,"Caralho, que crueldade sem limites o que fazem com ela, porra eu não entendo de leis, mas essas paradas não são crimes? Atacar um trauma pesado desse por mim o sujeito seria fuzilado em praça pública",ofensivo,hatebr
hatebr_3203,Se existisse leis severas nesse país esse sujeito estaria na cadeia.,ofensivo,hatebr
hatebr_3204,"Ministra, a senhora só foi atacada covardemente, porque é um mulher muito forte e isso incomoda homens de mentirinha. Continue seu trabalho , pois o Brasil está com você. Nós mulhetes desse Brasil afora estamos com você. 💛💚",ofensivo,hatebr
hatebr_3205,"@damaresalvesoficial1 n dê mais entrevistas, ou escolha as perguntas, já deu de falta de respeito",ofensivo,hatebr
hatebr_3206,"Quanto desrespeito com uma mulger e além de tudo, una ministra! Meu Deus! Onde vão parar essas mentes doentes e psicopatas? Que mundo sem respeito é esse!",ofensivo,hatebr
hatebr_3207,Essa mulher precisa seriamente de cuidados médicos,ofensivo,hatebr
hatebr_3208,Isso dá um ótimo meme hahahahahahahahahha que palhaçada,ofensivo,hatebr
hatebr_3209,"É inacreditavelmente estúpida a postura de certos ""homens"" que difama a nós mulheres, entendo que esses componentes provém de uma inveja Diabólica que estes seres nutre contra nós MULHERES, porque somos fortes, valentes, destemidas, ousadas e sim somos muito forte que muitos deles... Me pergunto se na seria o pivor dessa inveja, a nossa genitália? Querem tanto ser iguais a nós mas enfim nem tudo é possível... copiem nossos jeitinho, a meiguice o andar a suavidade no falar nossas langeries. Mas é até ai que podem nos plagiar...não terão jamais a essência da mulher..",ofensivo,hatebr
hatebr_3210,Tomar o diploma dele,ofensivo,hatebr
hatebr_3211,"Foi uma palhaçada com os jornalistas isso! Ela podia a até ter feito o 1min de silêncio, mas pq n falar em seguida a razão? É uma mania de ficar inventando moda: deixam os jornalistas e os cidadãos sem entender nada, como Damares fez, ai gem o Weintraub e dança com uma sombrinha. Fica difícil.",ofensivo,hatebr
hatebr_3212,Não tem que falar nada com essa imprensa mesmo não! Esses repórteres ficam doidos pra pegar qualquer fala para deturpar,ofensivo,hatebr
hatebr_3213,"Eu tenho certeza que mesmo que não admitam, as pessoas que convivem com esse ser que escreveu esse texto bizarro para dizer o mínimo, tenho certeza que as pessoas mais próximas desse ser tem uma profunda vergonha dele nesse momento.😤",ofensivo,hatebr
hatebr_3214,Que absurdo fizeram com esta mulher. É muito triste e revoltante.,ofensivo,hatebr
hatebr_3215,Tremenda falta de respeito. Sem um pingo de respeito.,ofensivo,hatebr
hatebr_3216,É nojento .uma falta de respeito sem fim😢😢😢,ofensivo,hatebr
hatebr_3217,"Repugnante!Força, Ministra! Não recue um passo sequer.",ofensivo,hatebr
hatebr_3218,"@nikolas_apoio2026 Cada curtida, 10.500 anos de cadeia para o Lula",ofensivo,hatebr
hatebr_3219,@predesio verdade a soberba precede a ruína 👏👏👏 Ele parece que não sabe onde está mexendo 😢 🤦🏽‍♂️ O ELON é o cara mais influente e poderoso do Mundo nos tempos atuais 🙌,ofensivo,hatebr
hatebr_3220,Oxe.. cabeça de ovo quer dominar o mundo mesmo é?? Já não basta o Brasil...,ofensivo,hatebr
hatebr_3221,"@drisarggin parece que ele não sabe com quem mexeu, o Cara é o cara , um dos mais influentes e poderosos do Mundo, perto dele só tem os sheiks árabes , o cara ganha dinheiro por dia o que AM não faz no ano......quem é ele perto do Elon, fora que esse infeliz não tem o mínimo da inteligência dele ,tá na cara ! Eu vou assistir com 🍿🍿 e ☕😋🔥 😂😂😂",ofensivo,hatebr
hatebr_3222,Tá com medinho ...tá ?! Xandão?! 😂😂,ofensivo,hatebr
hatebr_3223,"Vai Xandão, Musk é fraquinho, coloca ele na cadeia, botão de quem quer ver essa briga .😂🤣🤣👉👉👉",ofensivo,hatebr
hatebr_3224,Americanos não se mistura com corja,ofensivo,hatebr
hatebr_3225,Lula e xande estão cavando suas covas,ofensivo,hatebr
hatebr_3226,"Não vejo a hora dos segredos bizarros do cabeça de ovo, serem revelados... pois como dizia minha vozinha muito sábia: quem muito abaixa mostra a bunda.",ofensivo,hatebr
hatebr_3227,Xande é só uma poeira e todos com medo de um pó de merda ressecada 😂😂😂😂😂😂,ofensivo,hatebr
hatebr_3228,A queda desse sujeito não vai ser pequena.,ofensivo,hatebr
hatebr_3229,"Deram-lhe poder e não souberam tirar-lo , a soberba deste homem vai detonar como castelo de areia.",ofensivo,hatebr
hatebr_3230,Vai pra cuba que pariu 😂😂😂😂,ofensivo,hatebr
hatebr_3231,@elshaday.morrinhos pó de merda😂😂😂,ofensivo,hatebr
hatebr_3232,@riccocosta28 a queda será inevitável,ofensivo,hatebr
hatebr_3233,isso é muito bom agora todos do mundo saberão que as eleições foram fraudadas e que vivemos uma ditadura,ofensivo,hatebr
hatebr_3234,"O carec@ é tão psi.co.pata que acha que pode enfrentar essa galera...apenas continue Xerxes, está cavando sua c0va, e o Brasil está amando!",ofensivo,hatebr
hatebr_3235,O careca vai se ferrar EUA não é Brasil e ja estão todos do lado de @elonmusk__.official 🙌🇧🇷❤️🇱🇷,ofensivo,hatebr
hatebr_3236,@ed.biel vdd pq são uns vendidos,ofensivo,hatebr
hatebr_3237,"O tombo vai ser grande, eu vou aplaudir de pé.",ofensivo,hatebr
hatebr_3238,Xandão já virou persona non grata assim como o chefe,ofensivo,hatebr
hatebr_3239,Alguém arranca esse cabeca de ovo de lá pelo amor d Deus,ofensivo,hatebr
hatebr_3240,Morais tá pensando que é alguém lá fora 😂😂😂😂😂😂😂 esse Ovo vai cair e quebrar não vai prestar nem pra fazer frito de taoo podre que vai estar .,ofensivo,hatebr
hatebr_3241,Só não entendo como o careca ganhou tanto poder.,ofensivo,hatebr
hatebr_3242,Espero que com essas atitudes geniais ele consiga se destruir sozinho 😂,ofensivo,hatebr
hatebr_3243,Quem esse Alexandre de Moraes pensa que é...,ofensivo,hatebr
hatebr_3244,Alguém tem que parar esse 💩💩💩,ofensivo,hatebr
hatebr_3245,Meu deus Moraes presisa ser ingressado no hospital pisiquiatrico .metendo dictadura,ofensivo,hatebr
hatebr_3246,"Fernando Haddad pode até ter uma inteligência mediana, mas não parece, nem fazendo muita força eu consigo pensar que ele tenha. Ele e Lula vão levar o Brasil à falência.",ofensivo,hatebr
hatebr_3247,"O Brasil que vcs estão preparando é um no fundo do poço, deixam o país nas desgraças como sempre e depois vende ilusão de consertar o que vcs mesmo estão acabando, seus incompetentes",ofensivo,hatebr
hatebr_3248,58bilhoes de rombo em fev. Pior rombo em 28 anos. Parabens seu incompetente!,ofensivo,hatebr
hatebr_3249,"Um zero à esquerda, como todo comunista...#incompetente",ofensivo,hatebr
hatebr_3250,Pura balela. Com novo teto de gastos impossível desenvolver qualquer coisa,ofensivo,hatebr
hatebr_3251,"@geovannejcarraro deveriam deixar de assistir a Jovem Pan e se instruírem melhor. kkkkkk, é isso que vcs precisam.",ofensivo,hatebr
hatebr_3252,"@cadumoreira é só olhar o perfil e ver que é cilada, sem foto ainda!",ofensivo,hatebr
hatebr_3253,@solangemariamoreradasilva E o rombozinho record de fevereiro. E a dívida pública? Será que sua mente está tão contaminada que não vê a realidade?,ofensivo,hatebr
hatebr_3254,Sr ministro se as aí em Brasília tivem visão geral do Brasil e do mundo inteiro há muito anos já feito essa reforma tributária.Infelizmente maior parte dos políticos precisa voltar para a escola.me baseio nas falas.,ofensivo,hatebr
hatebr_3255,@amaral9712 o pior de tudo isso é ver um percentual de Brasileiro batendo palma para um incompetente! Esse aí vai conseguir bater o recorde da Dilma! Levar o país mais rápido e a mais profunda crise econômica!,ofensivo,hatebr
hatebr_3256,Até parece que entende alguma coisa que está falando 😂,ofensivo,hatebr
hatebr_3257,"Ministro, por favor, cuide da reestruturação da carreira dos Técnicos Administrativos em Educação (TAEs) dos Institutos e Universidades Federais. Somos a carreira com piores salários e a mais desprestigiada, acumulamos perdas inflacionárias acima de 50%, mais perdas até que os docentes. Nós fizemos campanha no Brasil Participativo. Ficamos com zero de reajuste no vencimento básico para 2024, hoje ganhamos metade do que ganhávamos (em salários mínimos). Isso é verg0nhoso, ajude nossa carreira para que ela não acabe, pois cada vez mais servidores estão indo embora da carreira. Por favor, não esqueça! @estherdweck_ @camilosantanaoficial @lulaoficial @fernandohaddadoficial",ofensivo,hatebr
hatebr_3258,"@eldereliascustodio Vai bem obrigada, trabalhando como sempre pelo Brasil, o pobre de direita !😂",ofensivo,hatebr
hatebr_3259,Quero saber quem mandou o Brasão matar Marielle. Impressionante o número de milicianos em altos cargos no RJ. Todos apoiados pelo inominável. Tem mais gente pra ser presa. Familícia.,ofensivo,hatebr
hatebr_3260,"Iai? Lo#ca dos gatos!? Qual o argumento agora? Os presos são da base do Governo Lule todos os âmbitos, de deputado federal a o tribunal de Contas. Piu! Você irá ficar piu-piu. 😂😂😂",ofensivo,hatebr
hatebr_3261,@lucianagoncalvesdasilva613 todos querem saber e a família dela principalmente; uma sociedade que não pune assassinos é uma sociedade sem moral alguma; uma barbárie...,ofensivo,hatebr
hatebr_3262,"Olha que deve ter peixe maior nesse assassinato aí. Essa gnt presa hj é peixe médio, capachos de alguem.",ofensivo,hatebr
hatebr_3263,Que crueldade absurda contra o povo trabalhador que sustenta estes funcionários que são contra a vida.,ofensivo,hatebr
hatebr_3264,"@joaoamgomes relaxa militante, as pistas que tinhas eram 7 pessoas que foram mortas. Inclusive meu irmão que foi o legista que deu o laudo.",ofensivo,hatebr
hatebr_3265,"@alliance_transfers A Polícia investiga, apresenta PROVAS concretas e tu quer que eu acredite no que tu diz que o teu irmao legista disse.😂😂😂😂😂😂😂😂 Muito.disse me disse nessa tua história.😂😂😂😂😂😂 próprio de bolsonarista.😂😂😂😂😂😂😂",ofensivo,hatebr
hatebr_3266,"Freixo deve tá assustado...parece que ligou para um dos mandantes na Noite do Crime 🤷‍♂️ eita , quanto mais mexe mais esquerdista surge no caso",ofensivo,hatebr
hatebr_3267,@eldereliascustodio Faz parte da gentalha,ofensivo,hatebr
hatebr_3268,"Eita que os mandantes estao ligados a politicos de esquerda. Sao machos, brancos, ricos e de esquerda. A coitada foi assassinada pelos proprios aliados. Meu Deus.",ofensivo,hatebr
hatebr_3269,"A importância da democracia, das instituições, da Justiça e da @policiafederal @flaviodino e a luta da esquerda @psol50 @ptbrasil @pcdob_oficial e da imprensa e dos movimentos sociais para não deixar impune os mandantes milicianos de direita deste assassinato político contra uma mulher de luta e de esquerda, que lutava pelos pobres, favelados, trabalhadores, povo e democracia! MARIELLE VIVE!",ofensivo,hatebr
hatebr_3270,"A globo news está divulgando que o partido união Brasil vai expulsar o deputado, se preocupe não Brandão, no PL tem vaga para vc i é requisito",ofensivo,hatebr
hatebr_3271,"Tem mais gentes envolvidos nessa barbare. Agradecemos ao Governo Federal, Ministério Público Federal",ofensivo,hatebr
hatebr_3272,Justiça. Deve ter mais gente graúda envolvido,ofensivo,hatebr
hatebr_3273,"Quero mais!!! Mais prisões, mais explicações, mais envolvidos. Tem muito mais lama embaixo do tapete.",ofensivo,hatebr
hatebr_3274,Falou bem suspeitos porque o chef está ainda solto,ofensivo,hatebr
hatebr_3275,"Petista mandando matar Marielle...usaram muito dessa mulher pra fazer campanha, mentiras e acusações... Marielle vive",ofensivo,hatebr
hatebr_3276,"O grupo é grande, com certeza tem mais políticos no meio.",ofensivo,hatebr
hatebr_3277,"@oitha_mmy não disse aqui oq vcs devem ser, eu disse oq eu quero! Ou tenho que querer oq vc quer? Preciso aprender a interpretar texto 😂",ofensivo,hatebr
hatebr_3278,"Quer dizer que se mulher falar merda, tem que aceitar a merda que ela falar?? Entre os homens nunca existiu, isso se contraditório e opinião, aceite críticas e refute, caso não tenha argumentos, terá que ouvir e acabou.",ofensivo,hatebr
hatebr_3279,"Eu quero mais mulheres na política, mas que não sejam iguais a você.",ofensivo,hatebr
hatebr_3280,"@davidson_web querido... o machismo e misoginia são estruturais e culturais. A eleição do Lula não muda isso em um passe de mágica. Mas o Lula fez algo especificamente para aumentar esse numero??? Como por exemplo, como o último presidente tratava as mulheres com desprezo e ofendendo mulheres dizendo coisas como ""não te estuprx por que vc é feia""",ofensivo,hatebr
hatebr_3281,"Os 14 anos do PT/Lula/Dilma de 2003 a 2016 , teve o maior crescimento de crimes violentos e assassinatos, onde se morreu mais negros, mulheres, pobres e minorias, eles têm culpa no cartório sim, por não fazer uma política de segurança pública eficiente.",ofensivo,hatebr
hatebr_3282,Pq teu inelegível vai ser preso 😂😂😂😂😂 vai lá passar pano pro minto 😂😂,ofensivo,hatebr
hatebr_3283,@danielduarte1982 fico muito feliz em ver vcs morrendo,ofensivo,hatebr
hatebr_3284,"Parabéns a todas as mulheres que lutam por democracia, por justiça social, por igualdade entre todos. Sempre juntas! E para as cuidadoras de imbrocháveis e para aquelas que compactuam com mito canalha que tomem vergonha na cara. São outra coisa, não mulheres",ofensivo,hatebr
hatebr_3285,As maioria das mulheres não deram certo porque são preconceituosas e igual se não prior dos homens,ofensivo,hatebr
hatebr_3286,"Todos sabemos a verdade, vcs não enganam ninguém",ofensivo,hatebr
hatebr_3287,"@g.srod Lula e Haddad são a mesma coisa. Acorda, amigo. O Lula está se lixando para os pobres. Acorda!",ofensivo,hatebr
hatebr_3288,@g.srod tá tarde pra se arrepender…. Então vc é um dos culpados da ditadura que tá sendo instalada,ofensivo,hatebr
hatebr_3289,@philosophyimmortal que democracia? Onde não se admite oposição? Onde se persegue pessoas? Onde traficantes são soltos e recebidos no planalto? Onde o presidente defende ditadores? Vá se tratar,ofensivo,hatebr
hatebr_3290,"@kuka_lucena Um ano sem picanha, sem cerveja, a abóbora encareceu e a geladeira vai a 5 barão, gás sobe hj, gasolina e diesel, mas o aumento é do ❤️, mas a Canja vem vem aí, Canja 2026😂",ofensivo,hatebr
hatebr_3291,Brasil tivesse democracia vc nem ministro era.,ofensivo,hatebr
hatebr_3292,"Um ataque arquitetado pela própria esquerda para incriminar a direita ... um plano área criminal os adversários , imagens foram danificadas para prevenir a identidade dos militantes disfarçados de patriota",ofensivo,hatebr
hatebr_3293,@michaeldultra bem vindo a narrativa da esquerda. A da vez agora é o tal golpe. Vamos ver a próxima.,ofensivo,hatebr
hatebr_3294,Isso foi o ataque do MST enquanto os cabeças estavam lá dentro? Ou foi o vandalismo do prédio vazio em 8 de janeiro?,ofensivo,hatebr
hatebr_3295,@michaeldultra Exatamente! Quando é à esquerda quebrando tudo eles classificam como liberdade de expressão!,ofensivo,hatebr
hatebr_3296,"@leoehm Concordo Plenamente com você! O plano deles é tirarem dinheiro o máximo que der, não estão preocupados com a nação, penso que querem grande parte da população na miséria absoluta! O motivo da esquerda odiarem os empresários é que eles dão uma banana pra esses caras!",ofensivo,hatebr
hatebr_3297,"@g.srod total relação! O Haddad e o ""companheiro @geraldoalckmin_ "" são os (ir) responsáveis por isso! Eles falam de economia porém, na verdade é sobre essa burguesia sempre querer definir o que pobre pode ou não consumir. Eles querem ser donos até do desejo das pessoas, decidir até sobre isso! O Haddad é uma burguês privilegiado trabalhando para garantir seu privilégio intacto!",ofensivo,hatebr
hatebr_3298,4 anos de governo do bozó parecendo um caldeirão do infern0. Inelegível nunca mais!,ofensivo,hatebr
hatebr_3299,"@politicacincera sincera com c. À farsa prevalece até na escrita desse desgoverno, muito triste!",ofensivo,hatebr
hatebr_3300,"O meu pais tem potencial de expansão, Não são comentarios de Javier Milei sobre o ocidente está em perigo ou a classificação do meu pais como inseguro pelos Eua para o turismo principalmente no Rio e são paulo coincidentemente em Janeiro de 2024.Isso são tentativas de manipular a população mesmo usando alguns fatos, estão estimulando a não investirem no meu pais para parar o crescimento do meu pais em meio a ascenção da inteligência artificial e os investimentos em educação.Por meio da educação vem a inovação são as duas armas para mudar o pais.O meu pais estimulara o yurismo a educação e a inovação esse é o momento aproveitarmos o boom da inteligência artificial e mudar o pais.Pedir a ajuda de Bill Gates para investir na internet gratuita e assim termos acesso a informações para a inovação ,ou convencê-lo a abrir um novo empreendimento no pais, através dele virá outros investidores internacionais a hora do pais mudar é agora.""Turismo internacional disparou 62,7% no Brasil em 2023 Argentina foi a origem de quase 32% dos 5,9 milhões de turistas estrangeiros que entraram no país no ano passado, seguida por Estado""",ofensivo,hatebr
hatebr_3301,Soca essa sua democracia no C... Viva dia 8 de janeiro,ofensivo,hatebr
hatebr_3302,Porra....sem essa de devolver isenção pro pastores mercenari0s....não dá pra engolir isso.,ofensivo,hatebr
hatebr_3303,"Vai arregar pros pastores, Haddad? Vc realmente acha que eles vāo deixar de perseguir a esquerda?",ofensivo,hatebr
hatebr_3304,@rdcluciane se vc acreditou uma única vez em lula é sinal que você já foi enganada!,ofensivo,hatebr
hatebr_3305,"@marcos_chuma_ Marcos eu já acreditei que o Tarso Genro não ia se candidatar para governador, não gosto que vc limite meu papel de trouxa na vida hahahahahahaha",ofensivo,hatebr
hatebr_3306,"@marinitomazi Basta assistir a invasão do MST, foi bem pior!",ofensivo,hatebr
hatebr_3307,Fui taxada! Êita governo pra corno!,ofensivo,hatebr
hatebr_3308,Reajuste injusto ! Será essa a política atual ? Não será pai dos pobres ... daqui a pouco se continuar assim será pai dos miseráveis. Queremos um reajuste justo !!! Os Aposentados e pensionistas desse Brasil estão sempre injustiçados... entra governo e sai governo e nada muda !! Só pioram as coisas . Desse jeito não vale a pena contribuir p previdência... pois o salário é de fome e o reajuste salarial o menor possível . Esse é o Brasil justo que o senhor nos prometeu???,ofensivo,hatebr
hatebr_3309,"@fernandohaddadoficial, é sério que vc criou um grupo de estudos para manter a isenção para pastores? É, estamos reféns dessa turma mesmo. Vc dá isenção a eles e vai cobrar o que faltar de nós, parece até brincadeira. Esse país não é para amadores. Se der isenção a essa gente meu voto não tem nunca mais, simples assim.",ofensivo,hatebr
hatebr_3310,"Quere tirar a PERSE é um tapa na cara de quem votou em vcs !!! A minha empresa de eventos praticante faliu na pandemia , até hoje tô pagando dívidas . Absurdo isso !!! Uma conquista e um direito adquirido que você quer tirar .",ofensivo,hatebr
hatebr_3311,"Ae, não vai dar moleza pra pastor não, né? Cortou e isenção absurda dos mercadores da fé, agora tem que manter!!!!",ofensivo,hatebr
hatebr_3312,@eusoudejaparatuba me explica como foi armação se só tinha patriotári4 lá? Vcs tem que pensar um pouco!,ofensivo,hatebr
hatebr_3313,"A Gente Sabe, Quem Realmente Deu O Golpe Seu verme",ofensivo,hatebr
hatebr_3314,"Com a dilma vocês queriam estocar vento, agora com o taxad devem querer é taxar o ar que respiramos também para bancar o governo",ofensivo,hatebr
hatebr_3315,Destruidor do comércio on-line!,ofensivo,hatebr
hatebr_3316,Comédia isso? Imposto e mais imposto e cada vez o povo mais pobre.,ofensivo,hatebr
hatebr_3317,Estão acabando com a economia do país. Deixando o pobre cada vez mais pobre.,ofensivo,hatebr
hatebr_3318,É isso que vcs querem o povo empregado sendo pau mandado,ofensivo,hatebr
hatebr_3319,Odeio esse vídeo e esse apresentador agora tmb,ofensivo,hatebr
hatebr_3320,@renato_tavares_3000 não vou te responder pq n tempo advogado e posso virar racista com minha resposta mais ele recebeu 50 reais pra grava esse vídeo mentindo,ofensivo,hatebr
hatebr_3321,Previsibilidade????? Gastando muito mais do que arrecada?! De novo nas mãos de péssimos gestares de dinheiro público! A farra voltou com tudo!,ofensivo,hatebr
hatebr_3322,Deve está recebendo muito para está mentindo 😂😂😂😂,ofensivo,hatebr
hatebr_3323,Tá no rumo da desgr@ça!!,ofensivo,hatebr
hatebr_3324,Kkkkkkkkkkkkk piada e mais piada pqp,ofensivo,hatebr
hatebr_3325,"Só se for a roda do teu cu girando, não a da economia 😂",ofensivo,hatebr
hatebr_3326,Que canseira só mentira.,ofensivo,hatebr
hatebr_3327,Revoltante . Abandonar seus pares . Entregar ao inimigo . E o juramento ?,ofensivo,hatebr
hatebr_3328,"Repórter só serve pra passar vergonha, com a inteligência limitada 😂😂😂😂😂😂",ofensivo,hatebr
hatebr_3329,"Eles não aprendem , Flávio dino foi bater papo traficante e ninguém perguntou como entrou e saiu aonde nem a polícia entra",ofensivo,hatebr
hatebr_3330,"Obaaaaaa. Por na parede de casa... Espantar os mosquitos, baratas e outros insetos...",ofensivo,hatebr
hatebr_3331,@andersonwanze só perguntar sua mãe que tá aí do deu lado. Sai da casa de mamãe muleque!,ofensivo,hatebr
hatebr_3332,@lusilenegaspargaspar O RIVOTRIL SENHORA ESQUECEU MESMO 😂😂😂😂😂,ofensivo,hatebr
hatebr_3333,Aprendeu a mentir direitinho,ofensivo,hatebr
hatebr_3334,@mariamenezes3258 nem vc acredita nestas bobagens,ofensivo,hatebr
hatebr_3335,"Esse governo está ótimo 👏🏻 De um lado o pior presidente e do outro o pior ministro, mais perdido do que cego em tiroteio",ofensivo,hatebr
hatebr_3336,"Deve ser brabo, ter que passear por aí, com tanta mentira embaixo do tapete prestes a ser varrida!",ofensivo,hatebr
hatebr_3337,Dois desqualificado sem qualidade nenhuma,ofensivo,hatebr
hatebr_3338,"Ah eu adoro mesmo. Estamos esperando o Lula tomar propriedades e colocar moradores de rua nelas. Se vc tem uma casa com três cômodos, se cuide. Os "" comunas "" estão chegando",ofensivo,hatebr
hatebr_3339,"@tiago_araujo90 empresas que faziampequenas mutretas, prejudicando o mercado interno. Será que não raciocina cara????",ofensivo,hatebr
hatebr_3340,"@brunno_slopes Né isso cara, comentário sensato. Parabéns, uma coisa é apoiar esse governo, outra coisa é ser gado cego e idólatra cara. Esse povo é louco, se lula mandar eles se jogarem de cima de um prédio, acho que eles se jogam viu",ofensivo,hatebr
hatebr_3341,O pior Econômica. Vocês vão quebrar o Brasil,ofensivo,hatebr
hatebr_3342,"Inequivocamente Lula demonstra de forma cabal ter importante déficit cognitivo e que por esta e outras parece não estar apto a ser o presidente do Brasil. Triste Brasil que só anda de ré ou no máximo de lado. ""William Waack: Ao atacar Israel, Lula escolhe falar grosso e arruinar credibilidade da política externa Postura atual do Brasil no conflito na Faixa de Gaza, igualando israelenses ao Hamas, limita as opções da diplomacia depois da fase aguda do conflito""",ofensivo,hatebr
hatebr_3343,@suelenbayer.arq tu já levou pau no cuzinho do namorado hoje?,ofensivo,hatebr
hatebr_3344,"Aumentar maaaais imposto da shein? Tomem vergonha na cara, e parem de querer prejudicar o pobre @fernandohaddadoficial @lulaoficial",ofensivo,hatebr
hatebr_3345,Não tem credibilidade alguma!!!,ofensivo,hatebr
hatebr_3346,Ninguém respeita vocês!!!,ofensivo,hatebr
hatebr_3347,"O interessante que vc entra na página de alguém é só lê críticas, como uma pessoa dessa representa um governo ?? Só mostra o quanto é um governo de mentira. Na verdade o governo fechou com rombo de 243 milhões, faz o L!!!!",ofensivo,hatebr
hatebr_3348,Só pode ser piada este vídeo! Que vergonha,ofensivo,hatebr
hatebr_3349,Manda esse moleque fazer uma pesquisa sobre 14 anos de corrupção do PT e veja se ele quer fazer algum comentário sobre o assunto,ofensivo,hatebr
hatebr_3350,"Ok esperança de Rouanet, não respondo mais trabalho não fico as custas do povo. Boa sorte.",ofensivo,hatebr
hatebr_3351,Eu não consegui nem abrir o áudio desse vídeo kkkkkkkkkkkkkkkkkkkk vão pro inferno.,ofensivo,hatebr
hatebr_3352,"Eles fizeram de palahaco, a galera deve tá arrependida.",ofensivo,hatebr
hatebr_3353,@mimimelo13 boa sorte iremos precisar e da próxima vez usa uma conta de verdade e mostra o seu rosto se você esta tão convicta assim em vez de usar perfil fake 😅,ofensivo,hatebr
hatebr_3354,Problema é seu se quer continuar sendo manipulada nao tenho nada haver com sua vida! Cada um sabe o que é melhor para si! Seja feliz!,ofensivo,hatebr
hatebr_3355,alvesdossantos_carla e dá tempo??? É só o minto aparecer fazendo nada de sempre que a manada vem correndo!! Berrante chama né 😂😂😂😂😂😂😂😂😂😂😂😂,ofensivo,hatebr
hatebr_3356,alvesdossantos_carla eterno presidente da papuda! Ou tu prefere Bangu???? VOTE IMPRESSO 😂😂😂😂😂😂😂😂😂😂😂😂😂😂😂😂😂😂😂😂😂😂😂😂😂😂😂,ofensivo,hatebr
hatebr_3357,"Está morrendo na política e nao sabe, a cada dia no fundo do poço 😂😂😂",ofensivo,hatebr
hatebr_3358,"Prezados Deputados e Senadores, com todo respeito, exigimos que pressionem o Sr Pacheco para colocar imediatamente o Impeachment do ditador Alexandre de Moraes",ofensivo,hatebr
hatebr_3359,"@marcosgyn4114 ..nao é que tú tem razão. o mesmo exército que a esquerda chamava de Ditadores, agora dá aval pra ditadura do PT. Quanto será que os 🍉 tirou dos cofres públicos pra reconhecer a eleição do descondenado?",ofensivo,hatebr
hatebr_3360,"@fefe_fernanda_ramos porque petista não dá atenção a petista,aí eles vem comentar aqui pra ser esculhambado pela direita!",ofensivo,hatebr
hatebr_3361,"Alô penalistas, seriam CRIMES PERMANENTES cometidos por A. Moraes, Fachin, Barroso, Toffoli, Dino e o resto da quadrilha, por interferência e manipulação (fraude?) direta nas eleições de 2022, prisão ilegal de brasileiros no 08/01, muitos idosos, doentes e trabalhadores e que morreram na prisão, sem processo, sem defesa, sem provas e sem competência do Supremo para processar e julgar, por perseguição política a Bolsonaro e família, a aliados e apoiadores…???",ofensivo,hatebr
hatebr_3362,"@adnbarross você já tem seu presidiário, porque quer outro?!",ofensivo,hatebr
hatebr_3363,"Papai mandou e filhinho sem noção foi lá e boquejou, boquejou como se os brasileiros fossem todos trouxas, né!",ofensivo,hatebr
hatebr_3364,Quase não liberaram o meu comentário. Como o pessoal de direita consegue furar a bolha e dizer tanta baixaria?,ofensivo,hatebr
hatebr_3365,Obrigado por EXTERMINAR o sonho dos meus moleques de ter um PC Gamer pra eles estudarem e se divertirem! O Aliexpress era a única alternativa pra quem ganha um SALÁRIO MÍNIMO como eu de montar um PC sem ter que gastar quase 6 meses de salário comprando os produtos superfaturados do Brasil! Você com seu SALÁRIO GORDO jamais entenderá o quanto essa medida afetou os mais POBRES! COM TODA A CERTEZA! Serei OPOSIÇÃO na próxima eleição!!!,ofensivo,hatebr
hatebr_3366,@cidaa24 progredido em direção a falência,ofensivo,hatebr
hatebr_3367,"Esse sim é um Ministro da Fazenda, não aquele ypiranga de meia tigela",ofensivo,hatebr
hatebr_3368,Vc não administra nem sua casa . Incompetente!,ofensivo,hatebr
hatebr_3369,"@marcelosousa1994 chora de que ? Ta todo mundo afundado no mesmo barco ue , em vez de ficar ai mamando ovo de político taxador dos mais pobres va procurar cobra-los.",ofensivo,hatebr
hatebr_3370,Desenrola IDEIA ROUBADA DO CIRO GOMES KKKK,ofensivo,hatebr
hatebr_3371,"Quantas faculdade de economia vc fez ?? E qual delas vc não colocou?? Vc não entende nada de economia não se oque tá fazendo aí ,vc está acabando com a economia do Brasil",ofensivo,hatebr
hatebr_3372,"@danielleloana que alegria ler esse comentário de uma petista, boquiaberta. 😮😍👏",ofensivo,hatebr
hatebr_3373,@gabrielam.portella ainda essa idiotice cor ? aff ...,ofensivo,hatebr
hatebr_3374,O objetivo e fazer filhos e o povo continua analfabetos. parabéns socialistas rumo ao comunismo,ofensivo,hatebr
hatebr_3375,"A pessoa tem que ser muito imbecil pra achar que as pessoas vão fazer filho de propósito pra ganhar mais 150,00! Meu Deus! 🤦🏾‍♀️",ofensivo,hatebr
hatebr_3376,Eu espero que vc esteja falando dos ignorantes que elegeram o animal de quatro patas que está em Miami. Foram 4 anos de sofrimento sim...,ofensivo,hatebr
hatebr_3377,@jearlisss para de falar bobagem,ofensivo,hatebr
hatebr_3378,@joaotorresrodrigues vc é um animal.,ofensivo,hatebr
hatebr_3379,@miriammoreira182 quanta ignorância a sua. 🤦🏽‍♂️,ofensivo,hatebr
hatebr_3380,@fabiomagnoo vc não fez conta nenhuma disso kk só repete DISCURSO de opressor,ofensivo,hatebr
hatebr_3381,Dá mesma laia 😂😂😂,ofensivo,hatebr
hatebr_3382,Dois zero a esquerda.,ofensivo,hatebr
hatebr_3383,BOZOLOIDES PIRAM ...LULA ATE 2030🔥🔥🔥🔥🇧🇷🇧🇷🇧🇷,ofensivo,hatebr
hatebr_3384,"@mariade4537lourdes pessoal, deixa a esquerdofrenica aqui, com os 40 seguidores...😂😂😂 ajuda a dar engajamento e a crescer as páginas de direita!!!😂😂😂",ofensivo,hatebr
hatebr_3385,"EDUARDO UM BOM CANDIDATO A PRESIDENCIA DO BRASIL,MAS ESSE SISTEMA CORRUPTO BRAZUELANO NAO VAO ACEITAR. 😮",ofensivo,hatebr
hatebr_3386,A papuda tá esperando teu pai,ofensivo,hatebr
hatebr_3387,O menino de vó vai deixar vovó na papuda bozo na cadeia,ofensivo,hatebr
hatebr_3388,"LULULU é um profano sem onra ,e quer TRANFORMAR o Brasil em uma pocilga do comunismo para roubar o país inteiro, .",ofensivo,hatebr
hatebr_3389,Cadeia agora pra o anticristo,ofensivo,hatebr
hatebr_3390,Cala boca seu energumeno,ofensivo,hatebr
hatebr_3391,"Minoria??? Kkkkk VOCES PERDERAM A ELEICAO SEU ANIMAL, MINORIA SAO VOCES KKKKK😂😂😂",ofensivo,hatebr
hatebr_3392,Quem és esse que vos fala na fila do pão!!! Cadeia nessa gente.,ofensivo,hatebr
hatebr_3393,@paulodaniel1975 hehehe...bom msm é ver gado bravo sem argumentos pra defender genocida😂,ofensivo,hatebr
hatebr_3394,Dudu falando de escrúpulos!,ofensivo,hatebr
hatebr_3395,Conta a mesma mentira todo dia até que ela se torne verdade,ofensivo,hatebr
hatebr_3396,"Kkkkk tem que rir, autoritários falando em democracia",ofensivo,hatebr
hatebr_3397,"@paixao_fortes uma sociedade sem estado é um puteiro em guerra civil onde nada tem gestão, governança e nem controle. É por isso que o comunismo é totalmente inviável e só funcionava na cabeça do Marx! É por isso que nenhum Estado socialista alcança a máxima do comunismo, é por isso que nenhum Estado comunista é realmente implantado em sua totalidade!",ofensivo,hatebr
hatebr_3398,"@paixao_fortes Amigo, não conversarei sobre sistemas de governo com você, sua ignorancia sobre o tema é tão grotesca, tão absurda, tão estapafúrdia, que chega ser bizarra! Não vou perder tempo com pessoas que deixam os fatos incontestáveis da história de lado, para tentar reescreve-los de acordo com seus achismos e hipótese tiradas do cool. No seu caso, livros de história não resolvem mais, talvez uma clínica de reabilitação.",ofensivo,hatebr
hatebr_3399,Ñ ganha nem pra porteira de puteiro,ofensivo,hatebr
hatebr_3400,"Deveria procurar um trabalho, ao inves de encher a paciência dos outros",ofensivo,hatebr
hatebr_3401,E vai passar vergonha novamente toc toc toc,ofensivo,hatebr
hatebr_3402,Vai continuar fazendo burrice,ofensivo,hatebr
hatebr_3403,Não ganha nem para presidente de bairro.,ofensivo,hatebr
hatebr_3404,Que partido vai gastar cartucho com uma pessoa que não ganha nem pra porteira de clube.,ofensivo,hatebr
hatebr_3405,😂😂😂😂😂😂😂😂😂😂😂 vai ganhar para porteira de cabaré 😂😂😂😂,ofensivo,hatebr
hatebr_3406,Não acredito que ainda vai ter quem vote na Pepa!,ofensivo,hatebr
hatebr_3407,O negócio seu agora é mostrar a bunda kkkkkk é a única coisa que vai te dar dinheiro e fazer programas kkkkk,ofensivo,hatebr
hatebr_3408,Precisa fazer novas harmonizações. Estas ficaram mais falsas ainda...,ofensivo,hatebr
hatebr_3409,@steffan_monteiro chora bb ridículo,ofensivo,hatebr
hatebr_3410,"Brigou com a direita e não tem confiança da esquerda.. Quem sabe não é uma oportunidade para os brasileiros de bom senso, que não sejam alienados se unirem e mudar um pouco essa bosta que o Brasil se tornou..",ofensivo,hatebr
hatebr_3411,"Mais esquerdista, é melhor não, porque estamos querendo nos livrar desse câncer!",ofensivo,hatebr
hatebr_3412,Mais fake que nota de 3 reais🤦🏻‍♂️,ofensivo,hatebr
hatebr_3413,@joicehasselmannoficial conta pra gente como é ter 90% dos comentários do seus vídeos metendo o pau em ti ???? Kkkkk,ofensivo,hatebr
hatebr_3414,Sei fora boneca do chuck,ofensivo,hatebr
hatebr_3415,Sua posição politica é de quatro,ofensivo,hatebr
hatebr_3416,"A periguete de volta !! Não adianta a recauchutada , conhecemos sua índole!!! Não será eleita para nada !",ofensivo,hatebr
hatebr_3417,Se elegeu as custas do bolsonaro. E aí quem te espancou mesmo ?,ofensivo,hatebr
hatebr_3418,@joell2553 seu cu cheio de verme kkkkkkkkkkk,ofensivo,hatebr
hatebr_3419,@joell2553 porra velho a sua tá dando pra outro e trocando sua geriátrica 😂😂😂😂,ofensivo,hatebr
hatebr_3420,"Seus ideais são fofoca, emagrecimento, depilação, botox. O resto é só merda que brota na sua cabeça...",ofensivo,hatebr
hatebr_3421,Direita ratazana ???,ofensivo,hatebr
hatebr_3422,"Se jogar umas carteiras de trabalho perto do bando, foge todo mundo. Conversa fiada com o dinheiro do contribuinte.",ofensivo,hatebr
hatebr_3423,"@relca_59 você é fraquejada, não se encaixa como mulher",ofensivo,hatebr
hatebr_3424,@anselmo9788. Choraaaaaaa coleguinha. Teu presidente so venderia cachaça barata pros oi pinguços dele e olhe lá. Vocês vivem de bolsa família.Diferente da Direita que tem dinheiro pra comprar.,ofensivo,hatebr
hatebr_3425,@lindegomes família PT tá bem perto desse partido das trevas acabar,ofensivo,hatebr
hatebr_3426,Que vergonha esse analfabeto.,ofensivo,hatebr
hatebr_3427,"Lula não trabalha, só viaja, gasta o dinheiro do povo , aumentou os impostos,dorme e acorda pensando em Bolsonaro , tá precisando né de um psiquiatra, se ele não espirrar da presidência ,vai tirar os quatro anos só perseguindo Bolsonaro 😂😂🇧🇷🇧🇷",ofensivo,hatebr
hatebr_3428,👏👏👏👏👏👏👏👏LULADRÃO seu lugar é na prisão junto com xandao,ofensivo,hatebr
hatebr_3429,@kareylorena foi pow tá procurando no seu toba cheio de mortadela estragada,ofensivo,hatebr
hatebr_3430,"@bolsonarosp bozzo vermme, CADEIA NELE já",ofensivo,hatebr
hatebr_3431,@kareylorena se ele trouxer é presente!!! Ja teu presidente rouba ate canetas!!!!,ofensivo,hatebr
hatebr_3432,@joaocarlloos__ Bostonaro era uma merda tbm 🐂,ofensivo,hatebr
hatebr_3433,Só criminoso na foto,ofensivo,hatebr
hatebr_3434,ESSE GOVERNO É O PIOR DE TODOS !!!! VOCÊ E SUA TURMA NÃO MERECEM ESTAR AI! VOCÊ É PODRE,ofensivo,hatebr
hatebr_3435,SEU FILHO DA DESGRAÇA,ofensivo,hatebr
hatebr_3436,Um verdadeiro piLantra,ofensivo,hatebr
hatebr_3437,@mauricioysilva parabéns ? Ahh mano vai se fuder vai,ofensivo,hatebr
hatebr_3438,"Taxador de pobre, faz isso mesmo, a esquerda entregando o Brasil de mão beijada nas próximas eleições porque vcs querem agradar o veio da Havan, parabéns, traidor",ofensivo,hatebr
hatebr_3439,Encantador de bürros. Isso que você é. Não passa de um verdadeiro fïlho de püta,ofensivo,hatebr
hatebr_3440,@mariaines0803 só se for dentro da sua bunda.,ofensivo,hatebr
hatebr_3441,O nível agora é outro! Negócios para o desenvolvimento do país e não mais viagens internacionais em aviões com cocaína ou usurpação de jóias por uma familicia,ofensivo,hatebr
hatebr_3442,"Você é o lulinha ficaram no vácuo, não vem com mentiras não",ofensivo,hatebr
hatebr_3443,Muito cuidado com EU !!! 🔥 O diabo vem do norte...,ofensivo,hatebr
hatebr_3444,@crisflorais orgulho de levar no rabicó ne,ofensivo,hatebr
hatebr_3445,Desgraça de Desgovernooo,ofensivo,hatebr
hatebr_3446,Deixando os pobre cada vez mais pobre. É bem como o Lula falou mesmo pobre é só número. TUDO BURRROOOO,ofensivo,hatebr
hatebr_3447,Esses gados aqui tudo cego,ofensivo,hatebr
hatebr_3448,Cegos do caralhooo,ofensivo,hatebr
hatebr_3449,Povo burro,ofensivo,hatebr
hatebr_3450,Pq vc n se mata logo,ofensivo,hatebr
hatebr_3451,"@narraativo sim, dando o Cu pra China e Russia e chupando a ROLA da Argentina. Pior é ver gente falando isso usando rede social dos EUA. Burrice petista não tem limite.",ofensivo,hatebr
hatebr_3452,@elisangeladejesuss_ vendendo nosso rabo pra China? Hahahaha. Petista é tudo iludido.,ofensivo,hatebr
hatebr_3453,Que Deus nos livra dessa praga 😢,ofensivo,hatebr
hatebr_3454,O espírito do anti Cristo,ofensivo,hatebr
hatebr_3455,que pessoa que passou do limite em destruir valores que absurdo,ofensivo,hatebr
hatebr_3456,Esse cidadão está preparando o caminho para o Anticristo.,ofensivo,hatebr
hatebr_3457,Esse filho de chocadeira tem aversão à família e religião porque é fruto de uma família desajustada! Única família para ele e quadrilha e aposto que até entre eles deve haver briga! Quando esse velho bater as botas se já não bateu a ninhada dele vai se matar para dividir o fruto de uma vida de corrupção e desvios,ofensivo,hatebr
hatebr_3458,"Esse lixo alcoólatra ladrão , filho do satanás",ofensivo,hatebr
hatebr_3459,A pátria é amada por quem dá valor ao seu país. O único atraso que temos no Brasil chama-se Lula.,ofensivo,hatebr
hatebr_3460,"Só fala besteira...a frança já foi cristam,hoje é uma nação sem Deus",ofensivo,hatebr
hatebr_3461,Existe alguém mais atrasado do que o lula,ofensivo,hatebr
hatebr_3462,Impressionante!!! De doer ouvir estas barbaridades !,ofensivo,hatebr
hatebr_3463,"Pra ele tá mesmo pauta atrasada!! Poiis não tem nenhum desses valores, e tbm ta com pé na cova e outro na casca de banana, cheio de doença já!!! Kkkkkk",ofensivo,hatebr
hatebr_3464,"Pelas atitudes deste cidadão só pode ser ateu, como todos os comunistas!",ofensivo,hatebr
hatebr_3465,Misericórdia!! E pensar que já votei nessa criatura.,ofensivo,hatebr
hatebr_3466,Vou acabar com essa desgraça no Brasil,ofensivo,hatebr
hatebr_3467,Esse manifesta direitinho o caráter do pai dele. O pai das trevas.,ofensivo,hatebr
hatebr_3468,Lula tem compromisso satânico com o pai da mentira. Por isso mente tanto,ofensivo,hatebr
hatebr_3469,cala a boca que é melhor só fala besteira,ofensivo,hatebr
hatebr_3470,Antes de tu morrer tu quer foder todo mundo né .,ofensivo,hatebr
hatebr_3471,Vagabundo pinguço,ofensivo,hatebr
hatebr_3472,Analfabeto funcional,ofensivo,hatebr
hatebr_3473,O da esquerda é roubar,ofensivo,hatebr
hatebr_3474,Ainda tem gente que apoia esse verme,ofensivo,hatebr
hatebr_3475,Maldição de ser inutil,ofensivo,hatebr
hatebr_3476,Chega de amadores!!! Vcs são os piores,ofensivo,hatebr
hatebr_3477,Basta 4 pra fude 220 milhões de pessoas.kkkkk,ofensivo,hatebr
hatebr_3478,Kkkkkkkkkkkkkkjjjj ainda está aqui ALMA PENADA E ALMADIOCADA LUIZ INACIO DA SILVA......................................,ofensivo,hatebr
hatebr_3479,Reunião dos estrumes,ofensivo,hatebr
hatebr_3480,"Só faz porcaria, vão acabar com os apps de entrega e transporte no país.",ofensivo,hatebr
hatebr_3481,Tu tem algum retardo ou é burro e mau caráter?,ofensivo,hatebr
hatebr_3482,O asno e o descondenado pelo STF,ofensivo,hatebr
hatebr_3483,"@cicerogoias_ pode voltar a pastar, aproveita que capim ainda é de graça no desgoverno do amor",ofensivo,hatebr
hatebr_3484,Dois Judas na mesma foto,ofensivo,hatebr
hatebr_3485,"Só vocês que não trabalham que estão preocupados com X, Y ou Z… nem essa porcaria eu tenho instalado no meu celular, pois não preciso e não sou atoa igual o ex presidente e futuro presidiário que quando não estava em Jetsky, cornociata, estava no Twitter negando a pandemia enquanto mais de 5 mil pessoas perdiam a vida POR DIA.",ofensivo,hatebr
hatebr_3486,"Machista, se você vive atrás de sugar daddy o problema é seu, não me envolva nesses assuntos medíocres não sua atoa.",ofensivo,hatebr
hatebr_3487,"Não estou mais porque não quis? Cala a sua boca, quem é você para dizer o que eu fiz ou deixei de fazer? Eu vim da zona leste minha senhora, onde as escolas são sucateadas graças a esse governo de ladroes que a senhora idolatra. Nem papel higiênico tinha na minha escola, os professora viviam fazendo greve, ensino lixo, raso e pobre. Nem material para fazer trabalhos escolares tínhamos. Não fale sobre o que você não viveu. Bem sucedida.",ofensivo,hatebr
hatebr_3488,"Já estou estudando minha querida, não foi o ensino medíocre oferecido pelo PT na minha infância e adolescência que fez desistir. E você não precisa me dizer o que eu tenho que fazer ou deixar de fazer, não sou esquerdista para ficar seguindo rebanho não, pois tenho a minha própria personalidade e opinião. Obrigada.",ofensivo,hatebr
hatebr_3489,"Segue rebanho sim, o que canta hino pra pneu e pisca celular pra ET e acha lindo ser considerada uma fraquejada pelo miNTo 😂😂😂😂😂😂",ofensivo,hatebr
hatebr_3490,Seu pai detonou a floresta. Seu pai planejou com a Damares e o Salles o genocídio dos Yanomamis. Sabemos bem qual foi a relação do seu pai com a floresta.,ofensivo,hatebr
hatebr_3491,Um moleque este filho do Bolsonaro @bolsonarosp sem cárter e moral pra falar do nosso país,ofensivo,hatebr
hatebr_3492,"É uma vergonha deputado, vc querer usurpa de uma eleição limpa e trapaças, querer promover o caos fora da caixa de vidro, me poupe, se tivesse ganhado, estaríamos ainda na merd@, pois em 4 anos, nem aumento de salário tivemos. Quem quebrou Brasil, estava no poder, e nada fez, inclusive votei no seu pai, agora, vamos deixar de mimimi e vão trabalhar pra ajudar a crescer o Brasil, não ficar querendo um golpe.",ofensivo,hatebr
hatebr_3493,@carla_valeria54 e oq o Bolsonaro fez rapaz além de gastar nosso dinheiro. Ainda falava direito de ir e vir às estradas era um fiasco,ofensivo,hatebr
hatebr_3494,Quanta merda. E galera escuta e nem pensa se tá certo.,ofensivo,hatebr
hatebr_3495,"O Bozo vai mostrar pra ele como fica preso de verdade! PGR deve pedir 30 anos só no golpe, fora os outros crimes. Calma o aí gadaiada",ofensivo,hatebr
hatebr_3496,@estelaireno vc acredita em qualquer idiotice que te falam? Acorda! Tudo mentira. Esse cara tá sendo desmentido em toda checagem de fatos.,ofensivo,hatebr
hatebr_3497,Vc só fala MERDA,ofensivo,hatebr
hatebr_3498,"Ui, a Micheque-wannabe que defende golpistas chamando democratas de extremistas 😂😂😂😂😂😂😂 não sabe o significado nem de uma coisa nem de outra. Como todo g@d0 do pasto minion 👉🏼🐂🤣🤣🤣",ofensivo,hatebr
hatebr_3499,"Olha a forma que você se expressa nessa idade, tenha dó. Extremista de merda.",ofensivo,hatebr
hatebr_3500,OS ALIADOS DA MORTE FORAM VENCIDOS. BANDO DE MILÍCIAN0S,ofensivo,hatebr
hatebr_3501,Eles estão com pena deles mesmo não poderem mais levar nossas riquezas,nao_ofensivo,hatebr
hatebr_3502,Não precisamos da pena dela...Graças a Deus temos um Presidente Patriota e honesto e que tá no caminho certo.,nao_ofensivo,hatebr
hatebr_3503,De onde você tirou esta informações eu procurei em todas redes social e não encontrei nada poderia informar suas fontes como link da matéria ou página do processo,nao_ofensivo,hatebr
hatebr_3504,A Dilma chilena 🤢🤢🤢🤮🤮,nao_ofensivo,hatebr
hatebr_3505,"A gente não precisa da sua pena, tenha pena do seu país que não tem florestas!!!",nao_ofensivo,hatebr
hatebr_3506,#EmPauta Andreia Sadi! Vai firme presidente...sempre defendendo a nossa soberania...estamos resgatando o Brasil que estava sendo entregue ...,nao_ofensivo,hatebr
hatebr_3507,A pergunta é excelente!!,nao_ofensivo,hatebr
hatebr_3508,I💰 manda pra ela e diz que foi presente de uma pessoa com as iniciais LILS via OAS para ver se ela sabe quem foi,nao_ofensivo,hatebr
hatebr_3509,"Damos graças a Deus por não termos uma ""Baixele "" (escrito dessa forma de propósito) no Brasil",nao_ofensivo,hatebr
hatebr_3510,"Boa pergunta, #CarlaZambelli!!!!",nao_ofensivo,hatebr
hatebr_3511,Esquerda no mundo é assim???,nao_ofensivo,hatebr
hatebr_3512,"Bom dia Carla.comentei na sua pagina, sobre está tal de Bachelet, mas escrevi sem apontuação ficou um tanto esquesito, escrevi 👏👏👏 carla musa do psl, ai veio o meu comentario, descupa sou teu fá.",nao_ofensivo,hatebr
hatebr_3513,O Brasil é nosso!!!! Não precisamos de pena!!!! Vai ter pena e cuidados com o seu país!!!! 😡😡😡😡,nao_ofensivo,hatebr
hatebr_3514,"Quem é essa, mesmo? Hummmm",nao_ofensivo,hatebr
hatebr_3515,"Deveria ter pena da Venezuela, Bachelet!",nao_ofensivo,hatebr
hatebr_3516,Porque sera que ela diz ter pena? Se analisar bem isso pode ser visto como uma ameaça.,nao_ofensivo,hatebr
hatebr_3517,"Viva Bolsonaro! Moro Herói Nacional!! Recorde de empregos, menor taxa Selic, maior infraestrutura, privatização! Viva o Novo Brasil!!",nao_ofensivo,hatebr
hatebr_3518,"Ninguém pedia a "" pena"" dela.",nao_ofensivo,hatebr
hatebr_3519,Pq será? A pena que ela sente assusta.,nao_ofensivo,hatebr
hatebr_3520,É de esquerda? Sem explicações.,nao_ofensivo,hatebr
hatebr_3521,Isso mesmo Carla...boa pergunta... Pq em bachelet,nao_ofensivo,hatebr
hatebr_3522,Devia ter tido pena ANTES... bem ANTES 🤬,nao_ofensivo,hatebr
hatebr_3523,Você deveria ter pena quando éramos governados pelo PT agora não temos um presidente e uma equipe de ministros que estão reconstruindo o Brasil devolvendo a credibilidade estabelecendo a economia e a justiça apesar de aínda ter resquícios desse antigo governo 👎. 🙏🇧🇷,nao_ofensivo,hatebr
hatebr_3524,Deveria ter pena da Venezuela !!!!,nao_ofensivo,hatebr
hatebr_3525,Verdade temos a pergunta.,nao_ofensivo,hatebr
hatebr_3526,"Senhora, Tenha pena da esquerda, porque com a direita está tudo certo. 👍🏻🤘🤘🤘🤓",nao_ofensivo,hatebr
hatebr_3527,🤔Porque será? 🤷,nao_ofensivo,hatebr
hatebr_3528,👏👏👏 Boa pergunta ...queria que ela respondesse,nao_ofensivo,hatebr
hatebr_3529,Gente e o que tem a se comemorar pela invasão da Polônia? Prezado deputado o Sr sabe pq é por quem a Polônia foi invadida??,nao_ofensivo,hatebr
hatebr_3530,Queria saber como alguém em sã consciência comemora o início de uma guerra que matou milhões?!!!!!😱😱🤮🤮😠😠,nao_ofensivo,hatebr
hatebr_3531,É sério isso??? Comemorando a invasão nazista?????,nao_ofensivo,hatebr
hatebr_3532,"Tem que ter em todas escolas de Brasília , principalmente as mais carentes isso sim ,",nao_ofensivo,hatebr
hatebr_3533,Você está comemorando a invasão de Nazistas? É isso mesmo?,nao_ofensivo,hatebr
hatebr_3534,É sério isso? Invasão da Alemanha nazista na Polônia?,nao_ofensivo,hatebr
hatebr_3535,Candidato a embaixador comemorando o massacre que a Alemanha nazista fez quando invadiu a Polônia.,nao_ofensivo,hatebr
hatebr_3536,Que as escolas sao militarizada,nao_ofensivo,hatebr
hatebr_3537,Comemorando a invasão Nazista na Polônia? Hum...,nao_ofensivo,hatebr
hatebr_3538,"Sessão solene pela invasão da Polônia??? Que isso?!!!! 😟 Bah, que decepção.",nao_ofensivo,hatebr
hatebr_3539,É sério que estão comemorando a invasão dos nazistas????? Caramba...... Decepção!!!!!!!,nao_ofensivo,hatebr
hatebr_3540,Tentando entender aqui pq uma solenidade (q alude à comemoração) à invasão nazista na Polônia????,nao_ofensivo,hatebr
hatebr_3541,Comemorando a invasao da Polonia pelos nazistas do hitler???,nao_ofensivo,hatebr
hatebr_3542,So fa dessa familia Bolsonaro👏👏❤️,nao_ofensivo,hatebr
hatebr_3543,Muita honra tua participação na sessão e recebê-lo na Embaixada da Polonia para um almoço! Grande abraço.. @bolsonarosp,nao_ofensivo,hatebr
hatebr_3544,É o Brasil rumo à civilização!,nao_ofensivo,hatebr
hatebr_3545,"Pena que não virão a Salvador. As crianças do Colégio Militar daqui sonham com a presença de vcs. Mas devido as richas políticas, acho difícil.",nao_ofensivo,hatebr
hatebr_3546,Vamos encher o congresso de militares!! Partiu!! 🇧🇷😝😝😝,nao_ofensivo,hatebr
hatebr_3547,"Minha filha vai fazer 15 anos e esse ano ela vai fazer a prova p colégio militar... Ela só estuda, o dia inteiro.. Mas para o colégio São 25 vagas para filhos de PM e 3 para ampla concorrência... Poderia ser mais justo para todos ... É o sonho dela estudar no colégio militar aqui no RJ, mas é muito difícil... Espero que ela não fique tão decepcionada caso não consiga!!! Tenho fé🙌",nao_ofensivo,hatebr
hatebr_3548,Melhor colégio 😍,nao_ofensivo,hatebr
hatebr_3549,"Precisamos aumentar os colégios militares para outros Estados e cidades , melhor educação e civismo",nao_ofensivo,hatebr
hatebr_3550,Ah votei bolsonaro mas nao vou fica apaixonado nao blz,nao_ofensivo,hatebr
hatebr_3551,"Cara, você tem noção de quem ordenou essa invasão da Polonia!?!?🙁😣",nao_ofensivo,hatebr
hatebr_3552,"Estou impressionada, ouvi um pequeno trecho da Hora do Brasil e parecia a imprensa esquerdista: só falaram mal do Presidente! Relataram as opiniões de vários políticos petistas, todos criticando imensamente tudo! Quem controla a imprensa oficial? É a Rede Globo, a Veja? Porque não diferiu em nada! Fiquei boquiaberta! Foi hoje!",nao_ofensivo,hatebr
hatebr_3553,A Polônia foi invadida pelo exército nazista. Qual a razão de comemorar???,nao_ofensivo,hatebr
hatebr_3554,Futuros gestores do Brasil! Avante bolsonaro! Segue o plano,nao_ofensivo,hatebr
hatebr_3555,Você é lindo em todos os aspectos! Oro para que seja feita a vontade do Senhor Deus em sua vida: você ser o nosso embaixador nós Estados Unidos.,nao_ofensivo,hatebr
hatebr_3556,"Não entendi o post. Está enaltecendo a invasão da Polônia pelos alemães que culminou na maior guerra planetária da história, com opressão a judeus, ciganos, negros e homossexuais?",nao_ofensivo,hatebr
hatebr_3557,"Vovó Sarah escapou da Polônia, escondeu-se na França por 5 anos, foi a Israel e finalmente aportou em Santos onde até hoje é uma das figuras mais interessantes que já conheci",nao_ofensivo,hatebr
hatebr_3558,Amo muito vocês❤️❤️,nao_ofensivo,hatebr
hatebr_3559,Essas são as tradições que devemos manter,nao_ofensivo,hatebr
hatebr_3560,"Lindo de se ver, essas crianças se preparando para um futuro militar 👏👏👏👏👏",nao_ofensivo,hatebr
hatebr_3561,"Parabéns deputado. Obrigada pela atenção com o meu filhote e com toda essa geração que precisa de bons exemplos. O meu filho é aquele de boina vermelha, o mais bonito de todos kkkkk ficou extremamente honrado em conhece-lo. Sucesso",nao_ofensivo,hatebr
hatebr_3562,"Espera aí a comemoração é sobre a invasão da Polônia, estão comemorando todo o genocídio que foi a invasão e tbm a segunda guera ????",nao_ofensivo,hatebr
hatebr_3563,Então nos combinamos em algunha coisa. Você voltou no tempo. Segunda guerra mundial. O . beijos. 💋 ❤ ❤ ❤ ❤,nao_ofensivo,hatebr
hatebr_3564,Vcs tão comemorando a invasão da Alemanha nazista na Polônia?,nao_ofensivo,hatebr
hatebr_3565,Parabéns para essas guerreiras corajosas,nao_ofensivo,hatebr
hatebr_3566,É o colégio militar dos bombeiros.,nao_ofensivo,hatebr
hatebr_3567,@jairmessiasbolsonaro @bolsonarosp venha visitar o CM de campo grande MS.,nao_ofensivo,hatebr
hatebr_3568,"sou formado em medicina pelo youtube, qual o problema.. até agora nenhum paciente que operei voltou do tumulo pra reclamar...kkkk",nao_ofensivo,hatebr
hatebr_3569,Você faz trabalho de verdadeiro patriota ...por isso sempre achei seu lugar no Brasil 🇧🇷🇧🇷🇧🇷,nao_ofensivo,hatebr
hatebr_3570,"Tudo certo, mas a invasão da Polônia, pelo que me consta foi em 01/09/1939 e não em 27 de agosto",nao_ofensivo,hatebr
hatebr_3571,Quando puder façam uma homenagem aos Armênios que tambén foram perseguidos e massacrados na 2 guerra mundial.,nao_ofensivo,hatebr
hatebr_3572,Melhor oportunidade da minha vida!❤️,nao_ofensivo,hatebr
hatebr_3573,Greve contra os anunciantes da Globo! Sem isso esses posts não vão adiantar quase nada,nao_ofensivo,hatebr
hatebr_3574,Lindos que todos abençoados e protegidos de todo mal em nome de Jesus amém🙌🏻🙏🏻🌹✨✨✨,nao_ofensivo,hatebr
hatebr_3575,Maravilha. Alagoas precisa de escolas desse porte.,nao_ofensivo,hatebr
hatebr_3576,"Boa noite meu deputado , verifica por gentileza o fundo de contratação para imóveis minha casa minha vida da caixa , pois está sem verba já faz um mês .. todos os construtores e corretores estamos sofrendo muito com essa situação!!",nao_ofensivo,hatebr
hatebr_3577,Amooo.Meu neto estuda no de BH...excelente Colégio.,nao_ofensivo,hatebr
hatebr_3578,"Bolsonaro, deveria abrir muitas escolas militares.Com certeza, as crianças seriam mais disciplinadas.",nao_ofensivo,hatebr
hatebr_3579,Grande Eduardo!👏👏👏,nao_ofensivo,hatebr
hatebr_3580,"Cinco homens foram pegos em flagrante hoje cortando árvores e portando vários galões de gasolina . A delegada deu entrevista e os "" liberou "" ??? Que exemplo é esse numa hora dessas ???????",nao_ofensivo,hatebr
hatebr_3581,Meu sonho é ter um parente num colégio militar,nao_ofensivo,hatebr
hatebr_3582,Precisamos uma visita de vocês no CMR COLÉGIO MILITAR DE RECIFE!,nao_ofensivo,hatebr
hatebr_3583,"Os meus adolescentes pertencem a esse colegio, muito orgulho dos mekinis que sao, conhecem a disciplina, o respeito aos colegas e professores, a determinaçao pra conquistar o que querem. Isso nao tem preço!! Respindendo o poster acima, existem negros sim, so que eles chegaram ao colegio por merito oassaram num concurso, no CM nao existe cota. Entendeu ou quer que desenhe!!🇧🇷🇧🇷🇧🇷👏👏",nao_ofensivo,hatebr
hatebr_3584,Rede Pública= Escola Militar🙏Já!!,nao_ofensivo,hatebr
hatebr_3585,Foi emicionante !Adorei a palestra.Muito aprendizado,nao_ofensivo,hatebr
hatebr_3586,Queremos mais colégios MILITARES..,nao_ofensivo,hatebr
hatebr_3587,@valeriachaves3 Prima olha quem tá ali na foto.,nao_ofensivo,hatebr
hatebr_3588,KD a votação da PL 3723/2019,nao_ofensivo,hatebr
hatebr_3589,Projeto para ter um desses em cada cidade Brasileira..ai sim o futuro estara garantido..,nao_ofensivo,hatebr
hatebr_3590,Tem que criar escolas militares em todos Estados e municípios ..👏👏👊🇧🇷,nao_ofensivo,hatebr
hatebr_3591,"Lindos, parabéns👏👏👏👏 amo❤️",nao_ofensivo,hatebr
hatebr_3592,"Tenho muito orgulho dessa colégio, meus filhos estudam no CMB... Meu coração é só gratidão 🇧🇷",nao_ofensivo,hatebr
hatebr_3593,Me orgulho de ver estes garotos,nao_ofensivo,hatebr
hatebr_3594,"Que coisa linda nunca tinha visto ,espero que o presidente fassa um aqui em SP GUARULHOS",nao_ofensivo,hatebr
hatebr_3595,Q coisa mais linda,nao_ofensivo,hatebr
hatebr_3596,Geração salva🙏,nao_ofensivo,hatebr
hatebr_3597,Verdadeiro futuro da NAÇÃO 👏👏👏👏👏👏👏👏🇧🇷🇧🇷🇧🇷🙏🙏🇧🇷🙏🙏,nao_ofensivo,hatebr
hatebr_3598,Da hora essa escola aí...parece o Afeganistão...🤔,nao_ofensivo,hatebr
hatebr_3599,É só eu que acho que uns 80% é do oitavo?,nao_ofensivo,hatebr
hatebr_3600,Seria bom se todos os colégios fossem dessa maneira 👏👏,nao_ofensivo,hatebr
hatebr_3601,Nosso futuro está com eles. Parabéns,nao_ofensivo,hatebr
hatebr_3602,"e o Dólar a 4,19?! hummm Dilma já saiu..",nao_ofensivo,hatebr
hatebr_3603,"Eu estudo lá e posso te garantir que tem! Lá tem negros, brancos, pardos e muito respeito, coisa que aparentemente vc não tem!",nao_ofensivo,hatebr
hatebr_3604,"São as melhores escolas, parabéns meu presidente. O BRASIL está precisando de uma reforma em todos os sentidos. Queremos um novo BRASIL..💪🇧🇷🇧🇷🇧🇷🇧🇷🇧🇷🇧🇷🇧🇷🇧🇷🇧🇷🇧🇷🇧🇷🇧🇷🇧🇷🇧🇷🇧🇷🇧🇷🇧🇷🇧🇷🇧🇷🇧🇷🇧🇷🇧🇷🇧🇷🇧🇷🇧🇷🇧🇷🇧🇷🇧🇷🛐🛐🛐",nao_ofensivo,hatebr
hatebr_3605,Pena que não tem vagas pra todos os alunos!,nao_ofensivo,hatebr
hatebr_3606,"Ou melhor, pena que todas as escolas não tenham a mesma qualidade! Pois todos os alunos têm direito de estudar em escola de qualidade!",nao_ofensivo,hatebr
hatebr_3607,"Nesse quesito, os filhos de militares saem na frente! Pois tem vaga garantida!",nao_ofensivo,hatebr
hatebr_3608,Isso é História! Obrigada Deputado Eduardo Bolsonaro!🇧🇷🇧🇷🇧🇷,nao_ofensivo,hatebr
hatebr_3609,Como eu queria um Colégio militar em cada cidade.,nao_ofensivo,hatebr
hatebr_3610,Foto linda👏👏👏👏😍😍😍,nao_ofensivo,hatebr
hatebr_3611,Tenho orgulho dos colégios militares . Moro em Manaus . Meu filho estudou no Colégio Militar quando tinha 11 anos . Hoje ele é um homem de valores e princípios . Minha neta tá se formando tem no Colégio Militar e ama a escola . Com mto orgulho ! 👏👏👏👏👏💚💛,nao_ofensivo,hatebr
hatebr_3612,"Se a Pátria querida for envolvida. Pelo inimigo, na paz ou na guerra. Defende a terra. Contra o perigo. Com ânimo forte se for preciso. Enfrenta a morte. Afronta, se lava com fibra de herói. De gente brava. Bandeira do Brasil. Ninguém te manchará. Teu povo varonil. Isso não consentirá. Bandeira idolatrada. Altiva a tremular. Onde a liberdade. É mais uma estrela. A brilhar.",nao_ofensivo,hatebr
hatebr_3613,@bolsonarosp ...exatamente assim que tem q ser nas escolas...pede pro Capitão colocar isso em vigor ...abraço,nao_ofensivo,hatebr
hatebr_3614,"Linda imagem o futuro do nosso Brasil, nossas crianças ♥️",nao_ofensivo,hatebr
hatebr_3615,Esse é o verdadeiro futuro!! O melhor caminho para os nossos jovens!!👏👏💪,nao_ofensivo,hatebr
hatebr_3616,"Perdi alguma coisa? @jairmessiasbolsonaro @bolsonarosp - Amanhã, terça-feira, em audiência com os governadores da região Amazônica, vou abrir essa caixa preta. - Transmitirei via LIVE a reunião.",nao_ofensivo,hatebr
hatebr_3617,Próximo presidente depois da reeleição do Bolsonaro..👏👏,nao_ofensivo,hatebr
hatebr_3618,DEUS acima de tudo e de todos,nao_ofensivo,hatebr
hatebr_3619,É a vez da”DIREITA”.,nao_ofensivo,hatebr
hatebr_3620,Por mais colégios militares espalhados pelo Brasil 👏👏👏👏👏👏👏👏👏👏👏👏👏👏👏,nao_ofensivo,hatebr
hatebr_3621,@ronaldocaiado Vamos abrir mais colégios militares em Goiânia 😀,nao_ofensivo,hatebr
hatebr_3622,😍🇧🇷 É gratificante ter um filho no Colégio Militar. Muita diferença 🇧🇷😍... Venha conhecer o IICPM quando puder...👏👏👏👏👏,nao_ofensivo,hatebr
hatebr_3623,Oiee poderia nos divulgar?❤️,nao_ofensivo,hatebr
hatebr_3624,Quem conhece as Escolas militares sabe o valor que elas tem na formação de nossos jovens.,nao_ofensivo,hatebr
hatebr_3625,Que lindo adorei,nao_ofensivo,hatebr
hatebr_3626,@bolsonarosp como eu queria que na minha cidade tivesse escola militar...,nao_ofensivo,hatebr
hatebr_3627,Que mulheres que nos orgulham 👏👏👏👏👏👏,nao_ofensivo,hatebr
hatebr_3628,💪🇧🇷🇧🇷novo Brasilllll,nao_ofensivo,hatebr
hatebr_3629,Que lindas as crianças muito bem trajadas!!!,nao_ofensivo,hatebr
hatebr_3630,Lindos 👏👏👏 que Orgulho 😍😍😍,nao_ofensivo,hatebr
hatebr_3631,Que farda linda!!!👏👏👏👏😍,nao_ofensivo,hatebr
hatebr_3632,como eu gostaria q tivesse esse colégio em todo o Brasil. 💗,nao_ofensivo,hatebr
hatebr_3633,👏👏👍🇧🇷QUI legal! Nunca vi a Câmara tão visitada💚💛LINDOS 👏,nao_ofensivo,hatebr
hatebr_3634,Quem dera que todos os colégios 🏫 pudessem ser militarizados. 👏👏👏👏👏👏👏👏👏👏👏👏👏,nao_ofensivo,hatebr
hatebr_3635,Tem que existir essas escolas uma delas pelo menos em cada bairro de São Gonçalo pois o município de São Gonçalo está abandonado,nao_ofensivo,hatebr
hatebr_3636,Qui lindo estava precisando de uma educaçao de qualidade no nosso paiz graças ao nosso presidente isto está acontecendo,nao_ofensivo,hatebr
hatebr_3637,Cenas como essa dão um pouco de esperança sobre os nossos jovens...,nao_ofensivo,hatebr
hatebr_3638,Vamos voltar a pauta #reformadaprevidencia e #vetaleiabusodeautoridade 🇧🇷🇧🇷🇧🇷🇧🇷🇧🇷🇧🇷🇧🇷🇧🇷🇧🇷🇧🇷🇧🇷🇧🇷🇧🇷,nao_ofensivo,hatebr
hatebr_3639,Lindos um colírio para todos!🇧🇷🇧🇷🇧🇷🇧🇷🇧🇷,nao_ofensivo,hatebr
hatebr_3640,Que orgulho olha a postura desses alunos 🇧🇷🇧🇷🇧🇷🇧🇷❤️🙏💓💓💓,nao_ofensivo,hatebr
hatebr_3641,Meu sonho minha filha estudar no colégio militar. Lindos meninas e meninas! Avante pelo Brasil Bolsonaros!,nao_ofensivo,hatebr
hatebr_3642,"Colégio militar deveria se estender pelo País: disciplina, Patriotismo, Cultura e ensino de qualidade!",nao_ofensivo,hatebr
hatebr_3643,ok colejo Militar de grande estilos categorias se,nao_ofensivo,hatebr
hatebr_3644,Essa foto ficou bonita,nao_ofensivo,hatebr
hatebr_3645,"Eduardo bolzo - Antes das eleicoes: vamos nomear somente por perfil técnico. Depois: para ser embaixador, estou estudando historia pela internet. 🤣🤣🤣🤣🤣🤣🤣🤣🤣🤣🤣🤣🤣 hahahahahahahahahahahahahahahahahahahahahahahahahahahahahah",nao_ofensivo,hatebr
hatebr_3646,E os médicos brasileiros formados fora nadaaaaaaaaa,nao_ofensivo,hatebr
hatebr_3647,"Minha filha estudou em colégio militar a vida toda, desde o pré e sinceramente foi a melhor opção que nos fizemos. Só orgulho de completar a educação dela dentro do que é ter ordem e disciplina.",nao_ofensivo,hatebr
hatebr_3648,Lindo😘 e esses baixinhos😚😚😚,nao_ofensivo,hatebr
hatebr_3649,Colégio Militar! Orgulho!,nao_ofensivo,hatebr
hatebr_3650,"Bom seria se todo Brasil tivesse a mesma educação oferecida em Brasília. Aliás, tudo que é oferecido em Brasília. Só temos as raspas. Eu torço por uma educação melhor em todos os estados. 🚩",nao_ofensivo,hatebr
hatebr_3651,Amo demais 😍😍👏👏🇧🇷🇧🇷,nao_ofensivo,hatebr
hatebr_3652,Meu filho estuda no CMB!! O melhor colégio com o melhor ensino de Brasília!!!,nao_ofensivo,hatebr
hatebr_3653,"Lindos alunos, Deus os abençoe. Futuro do Brasil 🇧🇷🇧🇷🇧🇷💚💖",nao_ofensivo,hatebr
hatebr_3654,"O povo polonês é um grande exemplo de coragem e lealdade para o mundo. Um povo muito amigável, gentil. Foi uma ótima experiência conviver com alguns poloneses.",nao_ofensivo,hatebr
hatebr_3655,Meu filho tirou foto contigo!!! Obrigada pela atenção!!!,nao_ofensivo,hatebr
hatebr_3656,Parabéns esse. Alunos👏👏,nao_ofensivo,hatebr
hatebr_3657,"Parabéns a todos, lindos!",nao_ofensivo,hatebr
hatebr_3658,"Abra um colégio militar em São Gabriel da Cachoeira, na cabeça do Cachorro!! Precisa muito!!!",nao_ofensivo,hatebr
hatebr_3659,Obrigada! Os alunos amaram! 🇧🇷,nao_ofensivo,hatebr
hatebr_3660,🇧🇷🇧🇷🇧🇷🇧🇷 vamos Brasil!!!! Muito lindo.,nao_ofensivo,hatebr
hatebr_3661,Que diferença Deputado Eduardo de vc pra seu irmão Flávio se dependesse de mim vc seria o embaixador do Estados Unidos 👏,nao_ofensivo,hatebr
hatebr_3662,Faz toda diferença,nao_ofensivo,hatebr
hatebr_3663,Creio que ainda vou ver 90% das escolas passar para a administração militar. Ordem e progresso .,nao_ofensivo,hatebr
hatebr_3664,Precisamos de muitos colégios assim no Brasil...Parabéns,nao_ofensivo,hatebr
hatebr_3665,"Orgulho do CPM, já estudei em um colégio militar no interior da Bahia, e os valores que a corporação passa para vc e sua família é algo extraordinário! 👏🏻 @bolsonarosp",nao_ofensivo,hatebr
hatebr_3666,Futuro presidente do Brasil.,nao_ofensivo,hatebr
hatebr_3667,@bolsonarosp traz colégio militar pra Resende 🙏🏻,nao_ofensivo,hatebr
hatebr_3668,Tomara que tenha aprendido que o nazismo era de direita.,nao_ofensivo,hatebr
hatebr_3669,Relembrando com carinho de Qdo minhas filhas (2) estudaram no CMBH. melhor escola de BH.,nao_ofensivo,hatebr
hatebr_3670,Quem tirou essa foto estourou no ISO legal rsrs ..mas a iniciativa é espetacular 👏👏👏 parabenß,nao_ofensivo,hatebr
hatebr_3671,Muito obrigada ao EXÉRCITO BRASILEIRO.😍😍😍😍😍,nao_ofensivo,hatebr
hatebr_3672,"""ATENÇÃO! CCJ DA CÂMARA VOTA HJ A PEC 226/16 DO PCDOB INSTITUI O ""ATO REVOGATÓRIO POPULAR"" DE PRESIDENTE, GOVERNADORES E PREFEITOS BASTA UM DEPUTADO OU PARTIDO POLÍTICO REQUERER E CONSEGUIR 2/3 DEPOIS POR MAIORIA SIMPLES EM UM TURNO A POPULAÇÃO VOTA. É RECALL SÓ DO EXECUTIVO""",nao_ofensivo,hatebr
hatebr_3673,@bolsonarosp 👉👉👉 opinião!!! Se pegarmos todo mês do contribuinte 1 real da luz /água/gás ... já teríamos milhões todos os meses ( para nossa Amazônia!!!) 👍🇧🇷😳todos os brasileiros estariam contribuindo com oque é nosso!! ( Amazônia),nao_ofensivo,hatebr
hatebr_3674,Queria um colégio militar na minha cidade,nao_ofensivo,hatebr
hatebr_3675,Que lindo parabéns 👏👏👏👏👏👏👏👏,nao_ofensivo,hatebr
hatebr_3676,Esses daí nunca vão pedir soltura de condenado 👏🏻,nao_ofensivo,hatebr
hatebr_3677,O Brasil certamente seria outro se todas as escolas públicas fosse colégio Militar! @bolsonarosp,nao_ofensivo,hatebr
hatebr_3678,Por vários anos lavei as fardas delas com muito orgulho.,nao_ofensivo,hatebr
hatebr_3679,"Com os valores da família e lapidadas pelo COLÉGIO, hoje são duas cidadãs da melhor qualidade.Graças a DEUS.",nao_ofensivo,hatebr
hatebr_3680,"TENHO ORGULHO DESSE COLÉGIO, HÁ 33 ANOS ATRÁS MEU FILHO HOJE TENENTE CORONEL INGRRESSAVA COM 11 ANOS DE IDADE NO CMRJ💛💚",nao_ofensivo,hatebr
hatebr_3681,Lindos 🇧🇷 Orgulho do meu filho estudar no Colégio Militar de Brasília ❤️,nao_ofensivo,hatebr
hatebr_3682,Força e fé meu PRESIDENTE! !!!,nao_ofensivo,hatebr
hatebr_3683,A audiência desse programa deve ser zero.,nao_ofensivo,hatebr
hatebr_3684,Maaaano! Quero ver essa!,nao_ofensivo,hatebr
hatebr_3685,Meu presidente e meu muso vegano 🧡,nao_ofensivo,hatebr
hatebr_3686,Tenho que assistir!!!!!! Te amo já Haddad. Se tu um dia chegar a ter sucesso nessa mudança de hábito... será o presidente mais pica das galáxias do país. 💙💚,nao_ofensivo,hatebr
hatebr_3687,"@matthews_salles Que bobagem! O Glen ñ precisa da proteçao de ninguem! O flavinho, sim!",nao_ofensivo,hatebr
hatebr_3688,@helioperdiz Disso vc deve entender!!!,nao_ofensivo,hatebr
hatebr_3689,@anthonymelo86 Vc gostou? acabou de falar!,nao_ofensivo,hatebr
hatebr_3690,@maldonado_bru Esse fernando ñ enxerga a realidade!,nao_ofensivo,hatebr
hatebr_3691,"@iltonh Acho q vc esta chamando a pessoa errada, ou ñ?",nao_ofensivo,hatebr
hatebr_3692,Parabéns pelo diálogo!,nao_ofensivo,hatebr
hatebr_3693,"vou discutir seu instagram, vc nunca respondi ou curti nada q eu falo fuiii",nao_ofensivo,hatebr
hatebr_3694,Dois feras ❤️,nao_ofensivo,hatebr
hatebr_3695,Ameiii! Maravilhosos! 😍,nao_ofensivo,hatebr
hatebr_3696,Será que o nosso próximo presidente será um vegano?! 💚🌱💚🌱,nao_ofensivo,hatebr
hatebr_3697,Amei a brusinha representando todas caminhoneira do Brasil. Te amo❣️,nao_ofensivo,hatebr
hatebr_3698,Não me conformo que você não é o presidente atual 😭,nao_ofensivo,hatebr
hatebr_3699,Bate papo com pessoas sensatas....que enxergam o óbvio e tbm muito na frente..... parabéns!!!!👏👏👏👏👏,nao_ofensivo,hatebr
hatebr_3700,"@panelacodojoaogordo podem me chamar na próxima vez q rolar esse encontro, ta?",nao_ofensivo,hatebr
hatebr_3701,Haddad é a esperança de um Brasil melhor.,nao_ofensivo,hatebr
hatebr_3702,Ok. Esse é um crossover que nunca imaginei.,nao_ofensivo,hatebr
hatebr_3703,"Hoje mesmo, assim que chegar em casa vou abrir uma bem gelada e assistir.",nao_ofensivo,hatebr
hatebr_3704,SAÚDE JOÃO gordo. Batendo papo com o amigo PRESIDENTE HADDAD👏👏👏👏👏👏👏👍👍🌟🌟,nao_ofensivo,hatebr
hatebr_3705,Urgente Lula livre já Haddad presidente 2022. Ja Brasil,nao_ofensivo,hatebr
hatebr_3706,Alá mais um inocente injustiçado...,nao_ofensivo,hatebr
hatebr_3707,Vou assistir já. Duas pessoas que gosto muito.,nao_ofensivo,hatebr
hatebr_3708,Fala Haddad Como vai a resistência? Tô precisando troca o chuveiro hahahahahaah grande dia #bolsonaro2022,nao_ofensivo,hatebr
hatebr_3709,Dois seres humanos incríveis e queridos.,nao_ofensivo,hatebr
hatebr_3710,Bom dia futuro presidente do brasil👏,nao_ofensivo,hatebr
hatebr_3711,"Toda vez que o João Gordo falava ""professor"" era uma tristeza por lembrar que deveria ser ""presidente"" 😢 #forabolsonaro",nao_ofensivo,hatebr
hatebr_3712,"Saudades, Haddad, saudades...",nao_ofensivo,hatebr
hatebr_3713,@mngalvao se liga nessa galera defendendo q engraçado.,nao_ofensivo,hatebr
hatebr_3714,#Haddad_livre! Ops..ainda falta a segunda instância...,nao_ofensivo,hatebr
hatebr_3715,Bom dia professor nosso futuro presidente 👏,nao_ofensivo,hatebr
hatebr_3716,Ah que demais!!!😘,nao_ofensivo,hatebr
hatebr_3717,Melhor episódio da vida ❤️❤️❤️❤️❤️,nao_ofensivo,hatebr
hatebr_3718,Eu amo presi 💙,nao_ofensivo,hatebr
hatebr_3719,Dois queridos!❤️,nao_ofensivo,hatebr
hatebr_3720,Uma imagem que gera esperança,nao_ofensivo,hatebr
hatebr_3721,João Gordo é uma personalidade muito forte e faz muita falta na TV aberta,nao_ofensivo,hatebr
hatebr_3722,👏👏👏 Que príncipe esse meu Futuro Presidente do Brasil.,nao_ofensivo,hatebr
hatebr_3723,Haddad 2022 por favor!!!,nao_ofensivo,hatebr
hatebr_3724,foi genial dupla foda 👏👏👏👏,nao_ofensivo,hatebr
hatebr_3725,O amor da minha vida! ♥️,nao_ofensivo,hatebr
hatebr_3726,Questão de MKT pessoal. Relaxa esse ombro Haddad. Ele só sobre em posição de defesa. Precisa aprender a baixar essa tensão. Entrevista maravilhosa. #lulalivre,nao_ofensivo,hatebr
hatebr_3727,Lindo meu anjo ❤️,nao_ofensivo,hatebr
hatebr_3728,Ah para! Ameiiiiiiiiiiiiiiiiiiiiiiii,nao_ofensivo,hatebr
hatebr_3729,E seu posicionamento sobre a Amazônia?,nao_ofensivo,hatebr
hatebr_3730,ENTREVISTA PERFEITA,nao_ofensivo,hatebr
hatebr_3731,Puta entrevista foda! Adorei!,nao_ofensivo,hatebr
hatebr_3732,Show de bola ⚽️⚽️⚽️⚽️⚽️⚽️,nao_ofensivo,hatebr
hatebr_3733,Foi uma honra professor!🤓🤘,nao_ofensivo,hatebr
hatebr_3734,AMO ESSE GORDOOO e vc tabm haha ❤️❤️❤️,nao_ofensivo,hatebr
hatebr_3735,Esse vídeo foi animal! Sempre muito bom ver gente inteligente conversando!,nao_ofensivo,hatebr
hatebr_3736,Entrevista foi show! ❤️❤️❤️,nao_ofensivo,hatebr
hatebr_3737,"Deus há de permitir que o Sr em 2022,seja nosso presidente, que não façam o mesmo que fizeram com Lula#13❤️",nao_ofensivo,hatebr
hatebr_3738,Um dos melhores episódios do Panelaço ❤,nao_ofensivo,hatebr
hatebr_3739,Que bom que eles está bem! Já quero ver esse panelaço💚,nao_ofensivo,hatebr
hatebr_3740,Saudade do que a gente ainda não viveu. ☹,nao_ofensivo,hatebr
hatebr_3741,Boa professor 😉,nao_ofensivo,hatebr
hatebr_3742,Dois grandes ❤️,nao_ofensivo,hatebr
hatebr_3743,Te vendo e pensando em tudo de bom que estaríamos vivendo com você na presidência.,nao_ofensivo,hatebr
hatebr_3744,2022 estamos com você professor vc e o cara 👏👏👏👏,nao_ofensivo,hatebr
hatebr_3745,"Tô te assistindo, professor, presidente",nao_ofensivo,hatebr
hatebr_3746,cara eu acho você incrível.,nao_ofensivo,hatebr
hatebr_3747,Estou assistindo ❤️,nao_ofensivo,hatebr
hatebr_3748,@fernandohaddadoficial boa noite voce tem muita competencia pra ser nosso presidente grande professor 👍👏😍🙏🙏,nao_ofensivo,hatebr
hatebr_3749,Prof. Fernando Haddad Deus que te abençoe! Boa noite! !,nao_ofensivo,hatebr
hatebr_3750,Meu presidente ! Te admiro tanto❤️❤️❤️,nao_ofensivo,hatebr
hatebr_3751,Futuro presidente 🙏,nao_ofensivo,hatebr
hatebr_3752,COMO NÃO TE AMAR,nao_ofensivo,hatebr
hatebr_3753,"Estava falando sobre ele hoje com a minha mãe, fico feliz em saber que ele está se recuperando",nao_ofensivo,hatebr
hatebr_3754,Professor estamos contigo nós te amamos.,nao_ofensivo,hatebr
hatebr_3755,Compartilhar e conscientizar a população URGENTE!,nao_ofensivo,hatebr
hatebr_3756,Vai mostra as provas que é inocente 👏👏👏😆😆😆😆😆😆😆,nao_ofensivo,hatebr
hatebr_3757,Que panelaço e esse,nao_ofensivo,hatebr
hatebr_3758,Graças a Deus 😅 João está em casa . Abraço 🤗🤗a duas pessoas incrível 👏 👏👏👏.,nao_ofensivo,hatebr
hatebr_3759,Se juntas já causam 😊,nao_ofensivo,hatebr
hatebr_3760,Ohhh! Que lindos! Adoro ambos! ❤️,nao_ofensivo,hatebr
hatebr_3761,Já tá na hora de gravar vídeo com os caras da Galãs Feios,nao_ofensivo,hatebr
hatebr_3762,O que aconteceu com o João Gordo? Que bom que já está recuperando...,nao_ofensivo,hatebr
hatebr_3763,"Q top, o Haddad é professor, gênio, prefeito, capacitado pra ser presidente, etc e tem um cara q acha q indíos jogaram fogo na casa deles mesmos",nao_ofensivo,hatebr
hatebr_3764,"@dtgularte não sei nem o que dizer, apenas sentir",nao_ofensivo,hatebr
hatebr_3765,Haddad era pra ser nosso presidente.nossa Amazonia nao.estaria .morrendo mas um louco faze.o.que🙏😍😍❤❤,nao_ofensivo,hatebr
hatebr_3766,"Veganiza, Haddad ❤️",nao_ofensivo,hatebr
hatebr_3767,Que dahóra! Vou assistir,nao_ofensivo,hatebr
hatebr_3768,Pra ganhar a eleição teve que prender Lula sem provas .....,nao_ofensivo,hatebr
hatebr_3769,@erichlotto programa pra hoje a noite 🥰,nao_ofensivo,hatebr
hatebr_3770,Não perco por nada😘😘,nao_ofensivo,hatebr
hatebr_3771,"Que massa ,querido Haddad. Que pena que não és nosso. Presidente !",nao_ofensivo,hatebr
hatebr_3772,"Bom caráter, pessoa e família maravilhosa",nao_ofensivo,hatebr
hatebr_3773,Não me conformo até hoje do professor não ser o nosso presidente😢,nao_ofensivo,hatebr
hatebr_3774,"tava com saudade das suas postagens! ❤️ te amamos, professor 🙂",nao_ofensivo,hatebr
hatebr_3775,Fico feliz em saber! Você e João Gordo valem sempre a pena!,nao_ofensivo,hatebr
hatebr_3776,Eu tô esperando pra ver isso desde que a @vivi.torrico deixou um spoiller na página dela há mais de um mês! 😬🌱,nao_ofensivo,hatebr
hatebr_3777,"Haddad foi morar na Russia, não chavinho, Haddad foi morar com Lula.",nao_ofensivo,hatebr
hatebr_3778,Aiiii amo vcszinhos. ❤️,nao_ofensivo,hatebr
hatebr_3779,Lula livre e Haddad LIVRE ❤️,nao_ofensivo,hatebr
hatebr_3780,Grande encontro!,nao_ofensivo,hatebr
hatebr_3781,Sensacional! Vai ser demais!🙂,nao_ofensivo,hatebr
hatebr_3782,Dois lindos ❤️,nao_ofensivo,hatebr
hatebr_3783,Fala Haddad nosso próximo Presidente.😍,nao_ofensivo,hatebr
hatebr_3784,Glória a Deus pela sua recuperação João Gordo!!,nao_ofensivo,hatebr
hatebr_3785,"Haddad Presidente do Brasil, em 2022.",nao_ofensivo,hatebr
hatebr_3786,Parabéns meu querido Haddad. Você é tão capacitado e inteligente...#HADDADMEUFUTUROPRESIDENTE,nao_ofensivo,hatebr
hatebr_3787,@aparettos óia que perfeição,nao_ofensivo,hatebr
hatebr_3788,O que houve com João Gordo?,nao_ofensivo,hatebr
hatebr_3789,Haddad é Lula !! Não solta a mão de ninguém,nao_ofensivo,hatebr
hatebr_3790,"Haddad vem pro veganismo, vamos salvar esse planeta <3",nao_ofensivo,hatebr
hatebr_3791,@joaolattari programa pra hj,nao_ofensivo,hatebr
hatebr_3792,"Uaaaaauuu! Você é maravilhoso, HADDAD ❤️❤️",nao_ofensivo,hatebr
hatebr_3793,Grande homem a se fosse você o nosso presidente. Não estava a acontecendo essas misérias,nao_ofensivo,hatebr
hatebr_3794,Você. Não. Está. Sozinho. Seguro firme a sua mão. 💓💓💓💓💓💓💓💓,nao_ofensivo,hatebr
hatebr_3795,A bolsa ontem desabou... Vai dar ruim pra Argentina d novo,nao_ofensivo,hatebr
hatebr_3796,E venceremos também no Brasil !!!,nao_ofensivo,hatebr
hatebr_3797,Bem vindos todos os ermanos!!!!😍😍,nao_ofensivo,hatebr
hatebr_3798,👏👏👏👏👏👏 Vitória Cristina!,nao_ofensivo,hatebr
hatebr_3799,Roraima não sofre com imigrantes venezuelanos?,nao_ofensivo,hatebr
hatebr_3800,Ele se referiu a invasão dos imigrantes.. não foi em tom de preconceito! Não tem mais o grupo de combate à fake News?,nao_ofensivo,hatebr
hatebr_3801,"nosso presidente é top, rumo ao crescimento",nao_ofensivo,hatebr
hatebr_3802,A natureza dessa camarada é ser preconceituoso impressionante como o faz à todo tempo.,nao_ofensivo,hatebr
hatebr_3803,@lauraisv tá ofendendo seu país aqui amiga,nao_ofensivo,hatebr
hatebr_3804,Melhor Jair se acostumando 😄😄😄😄,nao_ofensivo,hatebr
hatebr_3805,"Eu sou argentina, moro em Buenos Aires e somos muitas as pessoas que não gostamos do Macri e ficamos contentes com os resultados das eleções. Ele é o pior presidente que a gente teve. Força para vocês! (E para nós)",nao_ofensivo,hatebr
hatebr_3806,Igual aos brasileiros fugindo para Portugal esquerdista? Porque é o que tá rolando em alta.,nao_ofensivo,hatebr
hatebr_3807,O pior é ouvir dele: chega de estudiosos e especialistas no Brasil. 😣 Dá para acreditar... O que eles querem meu Deus? O que o povo quer? Ser massa de manobra? Pagar para eles viverem a que preço? De novo isso? Acho que já passou a era das cavernas né?,nao_ofensivo,hatebr
hatebr_3808,Vitória para Cristina❤️❤️❤️,nao_ofensivo,hatebr
hatebr_3809,"E tem um Uruguai entre os dois, né?",nao_ofensivo,hatebr
hatebr_3810,"Vale lembrar q a vitória não será (apenas) de Cristina, será primeiramente de Alberto e mais ainda da esquerda. E Cristina diferente do líder daqui não foi egoísta e soube ceder e ter humildade de reconhecer o alto índice de rejeição que podia ter, e colocou em primeiro lugar o país e não a pessoa ou o partido. Que saibamos aprender!",nao_ofensivo,hatebr
hatebr_3811,America Latina vai voltar ✊🏻✌🏻 Viva Argentina 🇦🇷 Viva Brasil 🇧🇷 #LulaLivre!,nao_ofensivo,hatebr
hatebr_3812,"Hahaha,argentinos dando um banho de inteligência votando na esquerda.melhor escolha",nao_ofensivo,hatebr
hatebr_3813,Tenho fé a esquerda vencerá,nao_ofensivo,hatebr
hatebr_3814,Não ia ser sem viés ideologico?,nao_ofensivo,hatebr
hatebr_3815,Esperando essa vitória!!✊🏻,nao_ofensivo,hatebr
hatebr_3816,"E ainda diz que não quer os irmãos argentinos vindo pro Br. Como a pessoa chama de irmão e diz que não quer que venha pro seu país? Só deve comer vista no café da manhã, almoço e jantar mesmo...",nao_ofensivo,hatebr
hatebr_3817,Cristina neles !!!!!!!!!,nao_ofensivo,hatebr
hatebr_3818,"Dá-lhe Cristina, dá-lhe Manu... Lula livre já👏❤️",nao_ofensivo,hatebr
hatebr_3819,"Obrigado Manu, o povo argentino te abraça !🌷🌷❤❤",nao_ofensivo,hatebr
hatebr_3820,"@manueladavila lembra da multidão pra ver Cristina na CLACSO? Lembra da tristeza do povo nas ruas, e da energia linda dentro do Fórum?! Esperança Manuela! E ela está se concretizando na Argentina, o que nos dará mais força pra nossa esperança se incendiar! Avante governos progressistas da América do Sul 💪🏽🙌🏼👏🏼",nao_ofensivo,hatebr
hatebr_3821,"Tô começando a achar k ele pode tudo. Ngm faz nada! Ele fala e faz o q quer, trata todos os opositores como quer... só vejo indignação nas redes sociais. As pessoas estão anestesiadas",nao_ofensivo,hatebr
hatebr_3822,Com certeza Manu!!!!,nao_ofensivo,hatebr
hatebr_3823,E viva a esquerda💖💖💖💖💖💖💖💖💖💖💖💖💖💖💖💖💖💖💖💖,nao_ofensivo,hatebr
hatebr_3824,"Queridos irmãos brasileiros, ninguém vai embora da Argentina porque a esperança está voltando para o meu país. Não é a esquerda que volta, é a esperança! E se fosse a esquerda seria muito melhor do que estamos vivendo agora! 4 anos de Macri já foram suficientes.",nao_ofensivo,hatebr
hatebr_3825,Nossa Argentina parece que já se arrempeu de coloca a direita no poder.,nao_ofensivo,hatebr
hatebr_3826,@manueladavila não entendi o porquê do preconceito com Roraima.,nao_ofensivo,hatebr
hatebr_3827,"Que venham Los Hermanos 🤣🤣🤣🤣🤣🤣🤣🤣🤣🤣🤣 Afinal, lá está maravilhoso hoje, está quase uma Alemanha em termos de desenvolvimento e solidez econômico-social 🤣🤣🤣🤣🤣🤣🤣🤣🤣🤣🤣🤣🤣",nao_ofensivo,hatebr
hatebr_3828,"Manu, salva a gente 😔",nao_ofensivo,hatebr
hatebr_3829,Hahahaha virou uma Índia quando elegeu ele...,nao_ofensivo,hatebr
hatebr_3830,"Amanhã, 13 de agosto!!! Vamos às ruasssss!!!",nao_ofensivo,hatebr
hatebr_3831,Vamos torcer pra isso,nao_ofensivo,hatebr
hatebr_3832,E vai vencer!,nao_ofensivo,hatebr
hatebr_3833,Quanto preconceito em uma frase!,nao_ofensivo,hatebr
hatebr_3834,Aqui no Brasil e nos EUA não será diferente hahaha 👏👏👏,nao_ofensivo,hatebr
hatebr_3835,"Pra cima deles, Cristina!!!!!",nao_ofensivo,hatebr
hatebr_3836,"Eu quero ver se o Tramp perder, vai ser melhor ainda.",nao_ofensivo,hatebr
hatebr_3837,"Vamos respeitar os argentinos! Eles merecem mais respeito, eles conhecem a própria história e sabem o que estão fazendo.",nao_ofensivo,hatebr
hatebr_3838,Como um presidente faz esse tipo de comentário? Depreciando um estado 🤦🏼‍♀️,nao_ofensivo,hatebr
hatebr_3839,Ao contrário daqui o povo argentino acordou!,nao_ofensivo,hatebr
hatebr_3840,Melhor legenda da história 😂,nao_ofensivo,hatebr
hatebr_3841,"Sinceramente, cada dia pior... Já tem brasileiro indo morar na Venezuela, olha que a situação lá não está na boa…",nao_ofensivo,hatebr
hatebr_3842,"Vai governar o Brasil que é melhor! Esquece a esquerda...faz melhor, mais pelo povo.",nao_ofensivo,hatebr
hatebr_3843,É brasileira ela?,nao_ofensivo,hatebr
hatebr_3844,Achei que era meme. Putz,nao_ofensivo,hatebr
hatebr_3845,É incrível que cada palavra que ele diz é carregada de ódio ou preconceito. Em que momento isso virou aceitável??? Dormi nessa hora?,nao_ofensivo,hatebr
hatebr_3846,"Morri ja na tua primeira frase, HAHAHAHAHAHHA 😂😂😂😂",nao_ofensivo,hatebr
hatebr_3847,"Argentina é top, fui lá e gostei muito, gostaria de morar perto da fronteira do Brasil, na Argentina",nao_ofensivo,hatebr
hatebr_3848,Venha los hermanos! Adoroooo,nao_ofensivo,hatebr
hatebr_3849,"Tá mais fácil os brasileiros começarem a migrar pra lá... Como, aliás, já estão fazendo. Portugal que o diga!",nao_ofensivo,hatebr
hatebr_3850,Viva Argentina 😍,nao_ofensivo,hatebr
hatebr_3851,@manueladavila a bolsa despencou na argentina !,nao_ofensivo,hatebr
hatebr_3852,Oque tem ave Rio Grande do Sul com Roraima kkkkkk!,nao_ofensivo,hatebr
hatebr_3853,"Sem comentários. A avante a vitória Cristina. Com na Argentina o povo ler mais, espero que não Caim no pacote de fake que deve vir por ai.",nao_ofensivo,hatebr
hatebr_3854,"Já não bastava rebaixar os enfermeiros, agora isso!",nao_ofensivo,hatebr
hatebr_3855,Infelizmente elegeram um pouco para residir o Brasil,nao_ofensivo,hatebr
hatebr_3856,"Hahahahahaha, mano do céu.....tá foda, só rindo de nervoso mesmo!!",nao_ofensivo,hatebr
hatebr_3857,Manu cê é um ícone,nao_ofensivo,hatebr
hatebr_3858,"Patriotismo a parte..."".los Hermanos"" sempre tiveram mais cultura.. desta vez foi só mais uma demonstração",nao_ofensivo,hatebr
hatebr_3859,VAMO QUE VAMO CRISTINA,nao_ofensivo,hatebr
hatebr_3860,Força Manu 👊🙏,nao_ofensivo,hatebr
hatebr_3861,Ai quem me dera,nao_ofensivo,hatebr
hatebr_3862,A esquerda resiste!!! 💪🏻✊🏻,nao_ofensivo,hatebr
hatebr_3863,A bolsa Argentina já respondeu as primarias com 30% de queda hj.,nao_ofensivo,hatebr
hatebr_3864,"Depois do que ele falou dos ""Paraíba"", eu espero qualquer coisa dele!",nao_ofensivo,hatebr
hatebr_3865,Ja resolveu o problema do desemprego daqui???,nao_ofensivo,hatebr
hatebr_3866,Vamos torcer para ele ter que ir ao dentista novamente,nao_ofensivo,hatebr
hatebr_3867,Vitória bem pertinho 😍,nao_ofensivo,hatebr
hatebr_3868,Eita. A bolsa de valores despenca 30% só com esta notícia. Desejo sorte aos argentinos. Vcs irão precisar!,nao_ofensivo,hatebr
hatebr_3869,Nunca será presidente Munuelinha,nao_ofensivo,hatebr
hatebr_3870,"Manuela estamos mais do q felizes com o acontecido na Argentina!!!!! Te admiro muito,um beijo desde Cordoba Argentina !",nao_ofensivo,hatebr
hatebr_3871,"Não consegue falar nada, sem preconceito e ofensas.",nao_ofensivo,hatebr
hatebr_3872,Ah pronto. Mas hoje era dia de falar?,nao_ofensivo,hatebr
hatebr_3873,"Deus, tenha piedade da argentina",nao_ofensivo,hatebr
hatebr_3874,Ele nem sabe do Brasil... o que então ele entende de Argentina e do nosso RS! 😢👏👏,nao_ofensivo,hatebr
hatebr_3875,Bem estar social está na nossa constituição no ART 5. Acho que o nome dado lá é de direitos fundamentais.,nao_ofensivo,hatebr
hatebr_3876,"Se nossos hermanos precisassem vir para cá, teria sido na época atual do Macri, primeiramente. Agora, se quiserem vir mesmo, nós gaúchos os receberemos de portas e porteiras abertas.",nao_ofensivo,hatebr
hatebr_3877,"Vejo muito que se alimenta da escritura da Manuela, prestem atenção na fala do presidente, não se deixe enganar e tire suas conclusões próprias,,",nao_ofensivo,hatebr
hatebr_3878,"A Argentina ta cheia de brasileiros fazendo faculdade de graça, e um ensino de qualidade. Eu moro na Argentina e a educação aqui é super humanizada. Meus filhos estudam aqui, e amam a escola. No Brasil essa competição e obrigação de ter que fazer um vestibular para ter acesso a universidade é ridiculo e as escolas privadas querem nome em cima dos alunos.",nao_ofensivo,hatebr
hatebr_3879,À Vitória Cristina!! Respira Argentina.,nao_ofensivo,hatebr
hatebr_3880,"👏👏 não é mas novidade essas frases , entretanto não podemos desistir....resistência, persistência....🙌",nao_ofensivo,hatebr
hatebr_3881,O próximo a perder será o Trump👐👐,nao_ofensivo,hatebr
hatebr_3882,Acha que pode intervir nas eleições dos argentinos.,nao_ofensivo,hatebr
hatebr_3883,Não é no sul que os argentinos tiram férias?,nao_ofensivo,hatebr
hatebr_3884,Dá-lhe Cristina!,nao_ofensivo,hatebr
hatebr_3885,Tomara que isso sinalize o começo do fim dessa ideologia neoliberal na América latina,nao_ofensivo,hatebr
hatebr_3886,Mais fácil ser ao contrário,nao_ofensivo,hatebr
hatebr_3887,Prejudicando o meio ambiente de novo ??! 🤪,nao_ofensivo,hatebr
hatebr_3888,"O mercado sempre reage a essas movimentações políticas, no caso procurem sobre a queda da bolsa Argentina e a taxa de juros.",nao_ofensivo,hatebr
hatebr_3889,"#macriyafue !!!! A volver, vamos a volver! Que o Brasil aprenda com o vizinho!",nao_ofensivo,hatebr
hatebr_3890,Tentando entender a relação Argentina - RS além da proximidade geográfica.,nao_ofensivo,hatebr
hatebr_3891,Sempre correto em suas observações,nao_ofensivo,hatebr
hatebr_3892,não vejo preconceito,nao_ofensivo,hatebr
hatebr_3893,E ele sabe onde fica Roraima?,nao_ofensivo,hatebr
hatebr_3894,Só ele não percebe que faz propagando a favor do projeto contrário ao dele. Quanto mais falar melhor 😂,nao_ofensivo,hatebr
hatebr_3895,"À vitória, Alberto-Cristina!!",nao_ofensivo,hatebr
hatebr_3896,E ele quer decidir até as eleições vizinhas.,nao_ofensivo,hatebr
hatebr_3897,@jairmessiasbolsonaro Deveria fazer procedimento dentário todos os dias,nao_ofensivo,hatebr
hatebr_3898,E o pior é que ele ganhou no estado e mesmo que tivesse perdido era dever dele respeitar!😒😒,nao_ofensivo,hatebr
hatebr_3899,Bem capaz de acreditarem🤔,nao_ofensivo,hatebr
hatebr_3900,A Europa prática o capitalismo. O governo não precisa ser de direita para praticar tal,nao_ofensivo,hatebr
hatebr_3901,Tem que rir para não chorar...😢😂,nao_ofensivo,hatebr
hatebr_3902,Como elegeram esse senhor??🤮🤮🤮,nao_ofensivo,hatebr
hatebr_3903,@manueladavila. Aguenta mulher comecou agora kkl meu presidente🙌😻,nao_ofensivo,hatebr
hatebr_3904,"Se ele trata assim um dos estados em que venceu (Roraima), imagina como trata outras localidades, como o Nordeste, por exemplo.",nao_ofensivo,hatebr
hatebr_3905,Com esse STF...tudo que for contra o BOLSONARO... será aprovado😡😡,nao_ofensivo,hatebr
hatebr_3906,"Bolsonaro tem que vetar integralmente a lei da mordaça no MP, na polícia e no Poder Judiciário",nao_ofensivo,hatebr
hatebr_3907,O que adianta o veto presidencial??,nao_ofensivo,hatebr
hatebr_3908,Faça justiça Senhor,nao_ofensivo,hatebr
hatebr_3909,Inacreditável mesmo!,nao_ofensivo,hatebr
hatebr_3910,E as notícias falsas sobre estatísticas?,nao_ofensivo,hatebr
hatebr_3911,"Então os jornalistas, a folha a Globo vão ser todos punidos??",nao_ofensivo,hatebr
hatebr_3912,Não há o que fazer pra reverter??,nao_ofensivo,hatebr
hatebr_3913,Quem é que vai julgar as fakes news ? Esse é o problema!,nao_ofensivo,hatebr
hatebr_3914,@carla.zambelli Era bom apagar este post..... pq ele sim é uma #fakenews 🤔,nao_ofensivo,hatebr
hatebr_3915,Fazer um video denunciando essa fakenews seria mais util. Esse post confunde os leitores. Afinal derrubaram ou não?,nao_ofensivo,hatebr
hatebr_3916,Nem sei mais o que falar.,nao_ofensivo,hatebr
hatebr_3917,"O Congresso, Senado e o STF perderam o respeito pelo povo Brasileiro.",nao_ofensivo,hatebr
hatebr_3918,"Querem nos amedrontar, não podemos aceitar isso. Vou continuar postando normalmente.",nao_ofensivo,hatebr
hatebr_3919,Lei da mordaça,nao_ofensivo,hatebr
hatebr_3920,O texto não é bem assim. Deputado Hélio Lopes se manifestou.,nao_ofensivo,hatebr
hatebr_3921,Agradeça ao japa,nao_ofensivo,hatebr
hatebr_3922,Cadê o PSL para apoiar o Presidente no Congresso? Quem mais joga contra é o próprio partido. Acordem!,nao_ofensivo,hatebr
hatebr_3923,Isso não pode acontecer,nao_ofensivo,hatebr
hatebr_3924,"Como pode mesmo, isso não pode acontecer 😠",nao_ofensivo,hatebr
hatebr_3925,Cadê a democracia ???,nao_ofensivo,hatebr
hatebr_3926,🤔🤔🤔 será que as notícias fake vão vir com o anexo no roda pé ... é fake kkkkkk,nao_ofensivo,hatebr
hatebr_3927,"Carla, está confuso isso. Publica pra nós o trecho da lei que fala dessa punição, por favor.",nao_ofensivo,hatebr
hatebr_3928,"Acho que a verdade é o que prevalece sempre....acusou, tem que provar, se não provar, é no mínimo equívoco, senão....falso! Acho que não é tão ruim assim",nao_ofensivo,hatebr
hatebr_3929,"Mas se o Bolsonaro vetou só algumas medidas, ele pediu para o congresso Nacional fazer isso, foi ingenuidade ou proposital, deveria ter vetado a lei...",nao_ofensivo,hatebr
hatebr_3930,"E se políticos fizerem fake serão punidos com prisão também, ou essa lei é só pra pessoas comuns",nao_ofensivo,hatebr
hatebr_3931,A lei devia ser pra ele começar com ele é muito pra minha cabeça,nao_ofensivo,hatebr
hatebr_3932,Já estão preocupados com 2022,nao_ofensivo,hatebr
hatebr_3933,Vamos combina estão todos contra o nosso presidente 🔥🔥🔥,nao_ofensivo,hatebr
hatebr_3934,Quem decide o que é FAKE-NEWS? Esse é o verdadeiro perigo.,nao_ofensivo,hatebr
hatebr_3935,"Advinha quem vai julgar?....Gilmar, Lewan , Alexandre ou Toffoli?",nao_ofensivo,hatebr
hatebr_3936,"Sabem, as vezes da vontade de desistir por ver tantas injustiça, mas é isso q a esquerda quer, mas não vão conseguir minar nossas forças que vem de Deus",nao_ofensivo,hatebr
hatebr_3937,Temos que votar em presidente e também deputados e senadores a favor do presidente,nao_ofensivo,hatebr
hatebr_3938,"Vivemos no parlamentarismo ou presidencialismo, há horas que parece também o "" judicialismo""...Pobre Brasil...",nao_ofensivo,hatebr
hatebr_3939,"Tem que aprovar, lei contra a corrupção, lavagem de dinheiro e propinas de políticos ladrões, essas lei a câmera e senado eles não aprovam, pq será heim nação brasileira, adivinha. 😠😠😠💪👁️",nao_ofensivo,hatebr
hatebr_3940,Liberdade de expressão sendo cerceadas,nao_ofensivo,hatebr
hatebr_3941,O veto Abuso de autoridade vai ser derrubado !,nao_ofensivo,hatebr
hatebr_3942,Câmara só não vota o fim do foro especial e o pacote anticrimes.,nao_ofensivo,hatebr
hatebr_3943,Na verdade isso significa pavor da redes sociais!,nao_ofensivo,hatebr
hatebr_3944,"@carla.zambelli @joicehasselmannoficial @majorolimpio @magnomalta Também perguntei isso e mais, para que serve o Presidente , se ele não pode Vetar, está errado, o Presidente pode Vetar sim, todos os projetos e leis aprovada no congresso, tem que ter a aprovação e assinatura do mesmo, senão não tem validade? Pergunto as Vossas Excelências?",nao_ofensivo,hatebr
hatebr_3945,Vamos ver se pega a turma da esquerda,nao_ofensivo,hatebr
hatebr_3946,"Sim. Fim dos tempos, com certeza.!😨",nao_ofensivo,hatebr
hatebr_3947,Nunca vi um presidente não mandar no país e não ser respeitado em suas decisões,nao_ofensivo,hatebr
hatebr_3948,Quem é campeão em fake news ??Qual o partido que mais divulgou fake na eleição ??,nao_ofensivo,hatebr
hatebr_3949,O cabo e o soldado se aproxima cada dia mais 👊🇧🇷,nao_ofensivo,hatebr
hatebr_3950,Vão fazer o mesmo com a Lei de abuso de autoridade. Vão derrubar todos os vetos do Presidente @jairmessiasbolsonaro,nao_ofensivo,hatebr
hatebr_3951,"Carla, como foi a votação, onde estavam os deputados do PSL, qual foi o PLACAR? Ouvi na Jovem Pan, quero ouvir de fonte segura, vc!!!🇧🇷🇧🇷🇧🇷",nao_ofensivo,hatebr
hatebr_3952,"E os votos dos Conselhos, perderam tb??? 🇧🇷🇧🇷🇧🇷",nao_ofensivo,hatebr
hatebr_3953,Desfazem tudo que o presidente Bolsonaro faz !!! Que sentido faz ?,nao_ofensivo,hatebr
hatebr_3954,Isso é o primeiro passo pra censurar as redes sociais.,nao_ofensivo,hatebr
hatebr_3955,Diante das últimas notícias não duvido de mais nada😮,nao_ofensivo,hatebr
hatebr_3956,Tá difícil viver nesse país,nao_ofensivo,hatebr
hatebr_3957,"Ficar na ""indignação e pronto"" É O QUE NÃO PODE!!!! A população de bem deste país precisa saber QUAL É A AÇÃO A SER TOMADA!!!! 😐😐😐🤨",nao_ofensivo,hatebr
hatebr_3958,"Desanimador, está difícil acreditar num Brasil melhor😭😭😭",nao_ofensivo,hatebr
hatebr_3959,Tanta coisa relevante pra se julgar!,nao_ofensivo,hatebr
hatebr_3960,Não tô entendendo mais nada!😠,nao_ofensivo,hatebr
hatebr_3961,"Isso em partes vai ser bom porque só ganha quem falar a verdade, mas por outro lado quero vê alguém provar que está dizendo a verdade. Isso é censura.",nao_ofensivo,hatebr
hatebr_3962,Quem não deve não teme!!,nao_ofensivo,hatebr
hatebr_3963,A coisa tá ficando séria @carla.zambelli 🤔🤔🤔,nao_ofensivo,hatebr
hatebr_3964,"E aí carla, fazemos o que?",nao_ofensivo,hatebr
hatebr_3965,Essa lei é para quem compartilha a verdade pq de mentiras e Fake News vivem a política brasileira que não será punidos.,nao_ofensivo,hatebr
hatebr_3966,"Nao nao, tu entendeu errado 🤦‍♀️",nao_ofensivo,hatebr
hatebr_3967,"Tem que divulgar a lista dos parlamentares que derrubaram o veto, e o povo tem que fazer barulho e nas próximas eleições derrubar a todos eles nas urnas, é hora de dar um basta em tudo isso.",nao_ofensivo,hatebr
hatebr_3968,Peço a Deus que nossos dirigentes tenham realmente iluminação para tomar decisões certas mas em tempo certo! Deus abençõe o Presidente e está Nação!! Fica na paz.,nao_ofensivo,hatebr
hatebr_3969,O que precisamos fazer?,nao_ofensivo,hatebr
hatebr_3970,Dos deputados e senadores que votaram a favor das #fakenews o @flaviobolsonaro foi um deles?,nao_ofensivo,hatebr
hatebr_3971,"Eu pensei que a autoridade maior do Brasil fosse o presidente, mas, estou vendo que é esse STF !",nao_ofensivo,hatebr
hatebr_3972,Cadê o cabo e o soldado da campanha???,nao_ofensivo,hatebr
hatebr_3973,O gilmar mendes a folha de sao paulo a globo.vão decicidir o que é fake news,nao_ofensivo,hatebr
hatebr_3974,A maioria dos canais vão sair fora do ar,nao_ofensivo,hatebr
hatebr_3975,Ah mas pode ter certeza que do serão consideradas fake news aquillo q for contra a corrupcao,nao_ofensivo,hatebr
hatebr_3976,Qualquer um de nós está sujeito acessa pena! E sem saber se está publicando fake News!! Não tem definição exata!!!!,nao_ofensivo,hatebr
hatebr_3977,"Inacreditável, cadê a Democracia, para quê serve o veto do Presidente, se pode ser derrubado a todo momento, simplesmente surreal?",nao_ofensivo,hatebr
hatebr_3978,Da forma que andam as coisas o presidente está se tornando uma rainha da Inglaterra 😘,nao_ofensivo,hatebr
hatebr_3979,@carla.zambelli percebo que vcs perderam a maioria !! Quem realmente é base governista ?? Digo isso porque tem parlamentar do @psl_nacional que nem aparece para votações importantes !!,nao_ofensivo,hatebr
hatebr_3980,"Deve ser derrubado, eles querem se proteger, mais as Leis anti crime do Moro eles nao querem aprovar.🇧🇷🇧🇷🇧🇷🇧🇷",nao_ofensivo,hatebr
hatebr_3981,E o q vcs vão fazer a respeito @carla.zambelli ????,nao_ofensivo,hatebr
hatebr_3982,E a Previdência minguem fala mais nada !!,nao_ofensivo,hatebr
hatebr_3983,"@carla.zambelli e afinal, quem vai julgar o que é fakenews?",nao_ofensivo,hatebr
hatebr_3984,Sempre somos nós q perdemos 😞,nao_ofensivo,hatebr
hatebr_3985,Como? Não pode agora fazer mais nada?🇧🇷💚💛,nao_ofensivo,hatebr
hatebr_3986,"Infelizmente o congresso manda mais, triste isso!😔",nao_ofensivo,hatebr
hatebr_3987,O Congresso não nos representa! Precisamos fazer campanha contra reeleição. Vamos inovar para ver se muda alguma coisa!,nao_ofensivo,hatebr
hatebr_3988,"Dá desânimo de ler as notícias, lutamos tanto pra mudar as coisas e no fim não vira nada!! 😥",nao_ofensivo,hatebr
hatebr_3989,Brasil sem esperança!,nao_ofensivo,hatebr
hatebr_3990,Então... até quando o brasileiro vai aguentar?,nao_ofensivo,hatebr
hatebr_3991,A rádio/tv estão fazendo propaganda contra o governo isso pode ???,nao_ofensivo,hatebr
hatebr_3992,"Onde estavam os deputados do PSL ? só vejo vc a Bia em cima de projetos os demais estão muitos dispersos, sei que são muitas comissões mas, essa do PSL liberar bancada não é legal, têm que está fechado todos com o presidente.",nao_ofensivo,hatebr
hatebr_3993,"Eu nao quero ser presidente, eu que ser DEPUTADO OU SENADOR...",nao_ofensivo,hatebr
hatebr_3994,Uma lição de como se deve respeitar o meio ambiente,nao_ofensivo,hatebr
hatebr_3995,Meu Deus!!! enquanto Greta falava meus olhos foram enxendo d'agua,nao_ofensivo,hatebr
hatebr_3996,"Usaram a menina como escuto para reclamar do capitalismo, coitada da garota",nao_ofensivo,hatebr
hatebr_3997,Uma verdadeira absoluta 👏👏👏👏,nao_ofensivo,hatebr
hatebr_3998,Discurso de ódio 😴,nao_ofensivo,hatebr
hatebr_3999,"Pena que é tarde de mais, a geração que devia ter se postado desta forma comprou a ilusão de mundo vendida pela geração passada",nao_ofensivo,hatebr
hatebr_4000,Greta me lembra muito a Malala. São fios de esperança de que nossos filhos e netos ainda tem alguma chance de sobreviver num planeta que tá sendo destruído por uma geração que já está mais do que obsoleta,nao_ofensivo,hatebr
hatebr_4001,Linda ...amada 💗,nao_ofensivo,hatebr
hatebr_4002,@rafa.castr0 um pedaço do discurso dela,nao_ofensivo,hatebr
hatebr_4003,kkkkkkkkkk muito comovente,nao_ofensivo,hatebr
hatebr_4004,Tem mais maturidade que muitos presidentes!,nao_ofensivo,hatebr
hatebr_4005,❤️muito amor por esta garota!!,nao_ofensivo,hatebr
hatebr_4006,"Manu é simplesmente um ícone globalista, investe em cada nova manifestação internacional com a empolgação de uma jovem militante, apesar de já fazer parte daquilo que, no passado, dizia estar disposta a combater. Só não vê quem não quer.",nao_ofensivo,hatebr
hatebr_4007,E chego a perder meu fôlego 👏👏👏👏,nao_ofensivo,hatebr
hatebr_4008,A ONU vê esse discurso e faz o que pra mudar essa realidade?,nao_ofensivo,hatebr
hatebr_4009,Arrepiou aqui. Quanta força!,nao_ofensivo,hatebr
hatebr_4010,"E, no segundo seguinte, no Brasil, começaram a desmerecer seu empenho.",nao_ofensivo,hatebr
hatebr_4011,E aí você descobre que uma adolescente de 16 anos tem um discurso mais maduro intelectualmente e contributivo para o mundo do que o presidente do seu país.,nao_ofensivo,hatebr
hatebr_4012,@eloah_vasconcellos da uma olhada nesse depoimento!!!,nao_ofensivo,hatebr
hatebr_4013,Queria compartilhar esse vídeo 🙏🏻,nao_ofensivo,hatebr
hatebr_4014,"Dando o exemplo, pra quem devia ser o exemplo",nao_ofensivo,hatebr
hatebr_4015,"Essa menina é sensacional... quanta emoção, quanta garra! E ela falou tudo...",nao_ofensivo,hatebr
hatebr_4016,Já era só falta Deus Apertar Reset novamente por que esse mundo aonde existe políticos não dá certo.,nao_ofensivo,hatebr
hatebr_4017,"Daqui a 50 anos haverá (ou não) outra(o) jovem discursando, e chorando, e brigando novamente. Nada muda! Como vi uma vez em um filme: ""Ninguém se importa"". Vários dirão aqui embaixo ""SIM, EU ME IMPORTO!"" Mas não, nos importamos em dar like e compartilhar, e após isso voltamos ao ""normal""...",nao_ofensivo,hatebr
hatebr_4018,Que jovem forte e linda!,nao_ofensivo,hatebr
hatebr_4019,Sem palavras. Palavras simples e fortes.,nao_ofensivo,hatebr
hatebr_4020,👊 q murro no estômago ✌😨,nao_ofensivo,hatebr
hatebr_4021,Essa menina sozinha ta fazendo mais que uma nação. 👏👏👏👏❤️,nao_ofensivo,hatebr
hatebr_4022,@elixandersilva olha a potência dessa menina mano,nao_ofensivo,hatebr
hatebr_4023,Sem palavras. Chorando com ela pela mãe Gaya.,nao_ofensivo,hatebr
hatebr_4024,Quando uma adolescente de 16 anos faz um discurso mais lúcido e útil do que um presidente.,nao_ofensivo,hatebr
hatebr_4025,Cuidado para não comprarmos pautas colonizadas com patrocínios por trás!,nao_ofensivo,hatebr
hatebr_4026,Considere o veganismo! Por favor!🙏🙏🙏🙏,nao_ofensivo,hatebr
hatebr_4027,😂 pra mim não precisa disso,nao_ofensivo,hatebr
hatebr_4028,Ela é a esperança de que o planeta ainda possa se salvar das inconsequências do homem! 👏🏼👏🏼👏🏼💪🤜🤛🙏😍,nao_ofensivo,hatebr
hatebr_4029,discurso muito .mas ela se esquece que tem muita gente empenhado em salvar o planeta viu greta,nao_ofensivo,hatebr
hatebr_4030,"Vdd, a falta de entendimento discernimento empatia está destruindo pessoas...não permitem a reflexão.",nao_ofensivo,hatebr
hatebr_4031,"A Greta Thumberg essa menina é a reencarnação do bem, em pessoa...a luz e a força dela a gente só viu em Jesus, Gandhi..Mandela..L King👏👏👏👏🙌🤔",nao_ofensivo,hatebr
hatebr_4032,Excelente! Coragem!,nao_ofensivo,hatebr
hatebr_4033,há esperança 👏👏😍,nao_ofensivo,hatebr
hatebr_4034,Emocionante e triste! 👏🏼👏🏼👏🏼,nao_ofensivo,hatebr
hatebr_4035,"Essa sabe o que quer, representa a todos nós.",nao_ofensivo,hatebr
hatebr_4036,@marcelapsiqueira @edu_mourao Olha essa menina discursando na ONU. Eu a sigo no Insta faz um tempo já 👊🏼,nao_ofensivo,hatebr
hatebr_4037,Lindo discurso!Pena que a maioria não se sensabilize!,nao_ofensivo,hatebr
hatebr_4038,"Ainda bem que na era das trevas, aparece seres iluminados...precisamos muito.👏👏👏👏👏💖",nao_ofensivo,hatebr
hatebr_4039,é importante nos tornarmos progressistas e largarmos de lado esse neoliberaliamo rentista que enriquece banqueiros dos ultimos 17 anos.,nao_ofensivo,hatebr
hatebr_4040,"sem industria, sem soberania. Não adianta nada ""não manufaturar"" se compramos de quem manufatura, e permitimos a destruição da Amazônia.",nao_ofensivo,hatebr
hatebr_4041,👏👏😢falou tudo Greta Thunberg.,nao_ofensivo,hatebr
hatebr_4042,Q força e inspiração pra todos nós 👏👏👏👏,nao_ofensivo,hatebr
hatebr_4043,É isso aí minha jovem. É luta,nao_ofensivo,hatebr
hatebr_4044,"Sempre foi e é dinheiro, isto NUNCA MUDARÁ.",nao_ofensivo,hatebr
hatebr_4045,Linda e braba,nao_ofensivo,hatebr
hatebr_4046,"É realmente um ser iluminado ! Muito, mais muitos anos luz a nossa frente !",nao_ofensivo,hatebr
hatebr_4047,Impressionante! Me comovi por demais! Excelente!,nao_ofensivo,hatebr
hatebr_4048,Ela está fazendo história! Que orgulho!!!,nao_ofensivo,hatebr
hatebr_4049,Emocionante! É hora de nos voltarmos ao essencial! Estamos cansados de gente que não nos representa! #nãoexisteplanetaB,nao_ofensivo,hatebr
hatebr_4050,"Não existe agropecuária que seja boa pro meio ambiente, pros animais e pros seres humanos. O que ninguém fala é sobre como a Greta se alimenta, e a razão disso.",nao_ofensivo,hatebr
hatebr_4051,Emocionante chamado à razão de nossa iludida e cìnica sociedade capitalista.,nao_ofensivo,hatebr
hatebr_4052,Arrepiada! Muito forte❤️,nao_ofensivo,hatebr
hatebr_4053,👏👏A saúde do planeta é urgente!,nao_ofensivo,hatebr
hatebr_4054,E ela ainda continua: os olhos da nova geração estão sobre vocês. Continuem falhando e nós nunca iremos perdoar vocês.,nao_ofensivo,hatebr
hatebr_4055,"Parabéns para essa menina linda👏👏👏👏 tudo o que ela disse é verdade. Infelizmente é tudo por dinheiro, o maldito dinheiro. O desrespeito com a natureza, seus ecossistemas, tá na hora de cuidarmos e protejer a mãe terra!!!! Acordem, não vamos comer dinheiro, é preciso preservar a nossa Amazônia, nossos índios, nossos animais inocentes!!!! Dinheiro não é tudoooooo.😭😭😭😭",nao_ofensivo,hatebr
hatebr_4056,Lute como Greta Thunberg 💪🏼,nao_ofensivo,hatebr
hatebr_4057,Essa criança deveria estar na escola estudando! Isso que é uma verdadeira exploração infantil! Fazer uma criança falar como adulto! Deixem as crianças serem crianças!,nao_ofensivo,hatebr
hatebr_4058,"Impactante,emocionante, um tapa na cara da nossa COVARDIA!!!",nao_ofensivo,hatebr
hatebr_4059,Nasce um MITO 💜,nao_ofensivo,hatebr
hatebr_4060,Linda demais . Me representa,nao_ofensivo,hatebr
hatebr_4061,Menina que orgulho de vc🙌❤️,nao_ofensivo,hatebr
hatebr_4062,Dilma já havia falado do problema crescimento econômico eterno.,nao_ofensivo,hatebr
hatebr_4063,"Olha esse discurso, amor @andreluizm",nao_ofensivo,hatebr
hatebr_4064,Mto impactante e emocionante.,nao_ofensivo,hatebr
hatebr_4065,"""Conto de fadas sobre crescimento econômico eterno..."" excelente resumo. Tb ouvi isso na minha infância! Chega de falar de dinheiro, falemos de vidas!🌟",nao_ofensivo,hatebr
hatebr_4066,"Quando uma menina perde a paciência com o descaso e ganância humana, o poder econômico acima de tudo. Greta sua indignação é o começo de um mundo melhor, nosso planeta vão ser respeitado e seu futuro preservado.",nao_ofensivo,hatebr
hatebr_4067,👏👏👏👏👏👏 Emocionante! Que luz! Tks! ❤️🙌❤️🙌❤️🙌,nao_ofensivo,hatebr
hatebr_4068,Não adianta falar em preservação ambiental sem falar no fim do capitalismo.,nao_ofensivo,hatebr
hatebr_4069,"Com o PT de volta ao poder tudo se resolve, o clima a economia a Amazônia ... volta Lula 🦑 @appmarco 👍🏻🇻🇪",nao_ofensivo,hatebr
hatebr_4070,Emocionante e impactante!!! Não tem o que comentar... Sim refletir cada ação!!!,nao_ofensivo,hatebr
hatebr_4071,Essa minazinha é do krl mano,nao_ofensivo,hatebr
hatebr_4072,😢 A gente chora junto.,nao_ofensivo,hatebr
hatebr_4073,Essa e uma enviada de deus e uma profeta coracjoso fala com a força do esprito santo que nao deixa calar das injustica eum fenômeno enviada amem,nao_ofensivo,hatebr
hatebr_4074,Top demais..👏👏👏👏 vivemos realmente um colapso..,nao_ofensivo,hatebr
hatebr_4075,Queria essa menina dando surra de debate na nossa câmara,nao_ofensivo,hatebr
hatebr_4076,Meu Deus ... essa menina... 🌹,nao_ofensivo,hatebr
hatebr_4077,@ericac_blanco ela é muito forte,nao_ofensivo,hatebr
hatebr_4078,Não existe capitalismo sustentável pois ele depende de crescimento infinito que lida com recursos finitos. Greta está corretíssima,nao_ofensivo,hatebr
hatebr_4079,Grande Greta! ❤️🌹,nao_ofensivo,hatebr
hatebr_4080,E tem adolescente de 13 descendo até o chão aff,nao_ofensivo,hatebr
hatebr_4081,Que consciência tem essa garota!,nao_ofensivo,hatebr
hatebr_4082,😯😯🤤🤤😥😥 que sensibilidade meu Deus!!,nao_ofensivo,hatebr
hatebr_4083,"Que as palavras emocionadas dessa criança gigante possam, de fato, tocar as cosciências desses líderes de corações endurecidos pelo egoismo. 🙏",nao_ofensivo,hatebr
hatebr_4084,Que menina incrível! ❤️,nao_ofensivo,hatebr
hatebr_4085,Que menina me emociono com uma jovem tão nobre e me encho de esperança ao saber que a eterna luta do bem continuará,nao_ofensivo,hatebr
hatebr_4086,Adoro essa menina!,nao_ofensivo,hatebr
hatebr_4087,Discurso perfeito e emocionante,nao_ofensivo,hatebr
hatebr_4088,Compartilhei 👏🏻👏🏻 mas muitos não querem enxergar a realidade,nao_ofensivo,hatebr
hatebr_4089,"nossa me arrepiei, tomara q existam mais Gretas no mundo",nao_ofensivo,hatebr
hatebr_4090,Me arrepiei com esse discurso😯,nao_ofensivo,hatebr
hatebr_4091,Como uma adolescente e uma boa causa podem revolucionar o mundo.,nao_ofensivo,hatebr
hatebr_4092,"A Greta nao está sozinha, tem muitos adolescentes fazendo belos trabalhos, invlusive o nosso hermano Bruno Rodriguez, com um discurso forte e combativo, que me encheu de esperança de ver os terráqueos despertarem para cuidar do seu planeta, ja que sem ele a vida é impossivel.",nao_ofensivo,hatebr
hatebr_4093,Maravilhosa Greta!!!,nao_ofensivo,hatebr
hatebr_4094,Mais maturidade que muita gente GRANDE.,nao_ofensivo,hatebr
hatebr_4095,"Demais! Quem dera, uma infância já com essa consciência! Será que ainda dará tempo?",nao_ofensivo,hatebr
hatebr_4096,"Podemos mudar de sistema, não de planeta. Baita discurso da Greta.",nao_ofensivo,hatebr
hatebr_4097,😭😭😭 morro só de pensar num futuro devastado por causa do dinheiro. 😭😭,nao_ofensivo,hatebr
hatebr_4098,O sistema JÁ ESTÁ EM COLAPSO!!!,nao_ofensivo,hatebr
hatebr_4099,Maturidade e coragem👏👏👏👏👏👏,nao_ofensivo,hatebr
hatebr_4100,MITO segue firme obrigado,nao_ofensivo,hatebr
hatebr_4101,Muito forte ! Mas não tocará os corações dos poderosos 😢😢😢,nao_ofensivo,hatebr
hatebr_4102,Ela simplesmente foi direta no fato !,nao_ofensivo,hatebr
hatebr_4103,"Ai esta, a licao desta menina, mostrando aos capitalistas o que ESTAO fazendo com as pessoas, com o Planeta, EMOCIONANTE PALAVRAS.",nao_ofensivo,hatebr
hatebr_4104,"Sou só eu ou mais alguém ficou preocupada com o jeito da Greta nesse vídeo?! Gente, sério, ela não parece bem. Acho que já está na hora das pessoas darem um pouco de paz pra ela. Pra uma garota de 16 anos, acho q ela já fez muito e me preocupa vê-la assim.",nao_ofensivo,hatebr
hatebr_4105,"Pequena guerreira, coragem de uma gigante. 😢❤️",nao_ofensivo,hatebr
hatebr_4106,@steff.guimaraes a heroína que o mundo precisa,nao_ofensivo,hatebr
hatebr_4107,Meu Deus. Ela tem apenas 16 anos com toda essa lucidez e sensibilidade? Tem gente governando por ai que não consegue falar uma frase que faça algum sentido... tanto a aprender com as crianças e os jovens! Maravilhosa!,nao_ofensivo,hatebr
hatebr_4108,Fantástica essa menina,nao_ofensivo,hatebr
hatebr_4109,"maravilhosaaa, icone ecossocialista!! não se deve manter um sistema de crescimento infinito quando se tem recursos finitos e quase extintos.",nao_ofensivo,hatebr
hatebr_4110,Seria um presidente de verdade,nao_ofensivo,hatebr
hatebr_4111,Bom ver gente do bem reunida e reagindo 👏👏👊,nao_ofensivo,hatebr
hatebr_4112,@fernandohaddadoficial vcs precisam fazer um ato em defesa da Amazônia que continua pegando fogo. Algo precisa ser feito. A situação é desesperadora! 😔,nao_ofensivo,hatebr
hatebr_4113,Isso é orgulho,nao_ofensivo,hatebr
hatebr_4114,A LUTA CONTINUA 🕊🕊L.L.,nao_ofensivo,hatebr
hatebr_4115,União urgente. Não temos mais tempo...todo reino dividido perde a guerra.,nao_ofensivo,hatebr
hatebr_4116,Teria o maior prazer e apertar sua mão,nao_ofensivo,hatebr
hatebr_4117,Não esqueça de hidratar as crianças @antoniocesar_ @soraiabcavalcante @bolgue @gutastresser @joyluix @carlorfreire,nao_ofensivo,hatebr
hatebr_4118,Precisamos de união e articulação da esquerda brasileira nesse momento triste do país. Por favor @fernandohaddadoficial promova a união e façam a força!,nao_ofensivo,hatebr
hatebr_4119,Gente do bem ❤️😍,nao_ofensivo,hatebr
hatebr_4120,Só homens de bem! Todo o meu respeito por esses cidadãos.,nao_ofensivo,hatebr
hatebr_4121,Tal do Ricardo Coutinho é o que mais se aproxima do que é um Lula moderno. Mago trabalhador,nao_ofensivo,hatebr
hatebr_4122,"Poderíamos te ter como nosso presidente. Se dependesse de mim, estaria lá. Infelizmente o povo fez essa lamentável escolha.",nao_ofensivo,hatebr
hatebr_4123,Turma do bem !,nao_ofensivo,hatebr
hatebr_4124,"Feliz em ver todos vocês juntos! Em 2022, nada de vaidades pessoais. Vamos escolher a melhor chapa para retomar nosso país, certo?",nao_ofensivo,hatebr
hatebr_4125,Eitaaaaa! Isso sim é notícia boa! Gente boa!!!!,nao_ofensivo,hatebr
hatebr_4126,Vamos continuar lutando,nao_ofensivo,hatebr
hatebr_4127,Como eu queria ter vc na presidência meu professor,nao_ofensivo,hatebr
hatebr_4128,"Pelamor, se juntem pra fazer algo pela ciência e educação nesse país",nao_ofensivo,hatebr
hatebr_4129,Eu defendo a soberania nacional...estou com vc Haddad 👏🏾👏🏾👏🏾,nao_ofensivo,hatebr
hatebr_4130,Meus dois crushs Haddad e Freixo 💕,nao_ofensivo,hatebr
hatebr_4131,Aquele zoom maroto no Haddad lindão! Meu presidente maravilhoso!,nao_ofensivo,hatebr
hatebr_4132,Haddad presidente. Lindo inteligente educado e perfeito.,nao_ofensivo,hatebr
hatebr_4133,Só os cultos e elegantes 👏👏👏,nao_ofensivo,hatebr
hatebr_4134,"Meu presidente, é lindão!❤️🔥😍👏",nao_ofensivo,hatebr
hatebr_4135,Você é um Diva meu Fer parabéns por todo,nao_ofensivo,hatebr
hatebr_4136,"Haddad vc perdeu a eleição, mas eu não perdi meu voto.",nao_ofensivo,hatebr
hatebr_4137,Kd as mina nessa foto?,nao_ofensivo,hatebr
hatebr_4138,@igorbxavier o Nando cortou o cabelo,nao_ofensivo,hatebr
hatebr_4139,Os paraibanos tem muito orgulho de você Ricardo Coutinho,nao_ofensivo,hatebr
hatebr_4140,"Toda foto sua com freixo aquece meu coração. Quero ver o senhor aqui no Rio, ano que vem!!",nao_ofensivo,hatebr
hatebr_4141,Ricardo Coutinho você é o cara minha expiração 🙌🙌🙌,nao_ofensivo,hatebr
hatebr_4142,Boa meu professor @fernandohaddadoficial,nao_ofensivo,hatebr
hatebr_4143,Esquerda UNIDA!!!!!,nao_ofensivo,hatebr
hatebr_4144,"Oi, Haddad, quer ser meu amigo? Diz que sim!",nao_ofensivo,hatebr
hatebr_4145,Haddad o melhor,nao_ofensivo,hatebr
hatebr_4146,Não me arrependo nunca se ter votado em vc.,nao_ofensivo,hatebr
hatebr_4147,Muito amor em uma foto,nao_ofensivo,hatebr
hatebr_4148,Apoio o ato e a visão mas cadê as mulheres?,nao_ofensivo,hatebr
hatebr_4149,Vocês me representam. ❤️,nao_ofensivo,hatebr
hatebr_4150,"Salve, Ricardo Coutinho! O melhor governador da história da Paraíba!!!",nao_ofensivo,hatebr
hatebr_4151,Interessante começar um diálogo com os militares nacionalistas!,nao_ofensivo,hatebr
hatebr_4152,"Seja patriota, se alie ao JB para ele nao se reeleger em 22",nao_ofensivo,hatebr
hatebr_4153,Ato em defesa da soberania nacional e popular. Em Brasília Lula Marques Lula 👏👏👏👏👏,nao_ofensivo,hatebr
hatebr_4154,Professor vc sabe se apresenta diante os governantes mundiais Haddad presidente 2022 Lula livre já,nao_ofensivo,hatebr
hatebr_4155,O que é isso? É a luxuria em forma de homem?,nao_ofensivo,hatebr
hatebr_4156,Se tornou bem mais que um amigo RHUAN,nao_ofensivo,hatebr
hatebr_4157,Torcendo por vcs e esperança em um Brasil nos trilhos novamente 🙏🏻,nao_ofensivo,hatebr
hatebr_4158,"#Haddadsim 👏👏👏👏💋😘😍❤️🙏 Inteligentíssimo, polido, educado, professor, poliglota, lindo...inenarrável! ❤️@fernandohaddadoficial",nao_ofensivo,hatebr
hatebr_4159,"Lute por nós, pelo nosso país Haddad ❤️🙌👏",nao_ofensivo,hatebr
hatebr_4160,"@realrcoutinho, a PB se orgulha muito. Gratidão por toda luta.",nao_ofensivo,hatebr
hatebr_4161,Menina democracia até volta a ter esperanças...,nao_ofensivo,hatebr
hatebr_4162,É nós se Deus quiser👏👏👏,nao_ofensivo,hatebr
hatebr_4163,Força Haddad. Você é o Lula melhorado. A gente te ama. Apavora,nao_ofensivo,hatebr
hatebr_4164,@fernandohaddadoficial Professor com o cabelo mais curto...💋,nao_ofensivo,hatebr
hatebr_4165,Professor por favor ajude a não ter privatizações!!,nao_ofensivo,hatebr
hatebr_4166,Quero Haddad presidente,nao_ofensivo,hatebr
hatebr_4167,Olha nosso @realrcoutinho da nossos Paraíba 👏🏽👏🏽👏🏽👏🏽,nao_ofensivo,hatebr
hatebr_4168,Haddad e Ricardo Coutinho!! Melhor governador da Paraíba,nao_ofensivo,hatebr
hatebr_4169,O lindo com os lindos,nao_ofensivo,hatebr
hatebr_4170,Haddad será nosso Presidente 2022👏👏👏👏👏👏👏,nao_ofensivo,hatebr
hatebr_4171,Queria o Freixo e o Haddad candidatos a presidência.,nao_ofensivo,hatebr
hatebr_4172,Turma que orgulha ! Meu sempre governador @realrcoutinho !,nao_ofensivo,hatebr
hatebr_4173,Simbora. Vamos dar a liberdade ao nosso querido presidente Luiz Inácio,nao_ofensivo,hatebr
hatebr_4174,👏👏👏👏👏 pra vocês que me representam 😚😚😚😚😚😚,nao_ofensivo,hatebr
hatebr_4175,Esses de fato nos representam! 👏👏👏👏👏👏,nao_ofensivo,hatebr
hatebr_4176,👏👏👏👏👏👏🇧🇷 o Brasil precisa de NÓS ❤️,nao_ofensivo,hatebr
hatebr_4177,Que foto forte 🇧🇷❤️ #Forças #Resistência,nao_ofensivo,hatebr
hatebr_4178,✊ Estamos juntos,nao_ofensivo,hatebr
hatebr_4179,O REGISTRO DE QUEM VAI FAZER A REVOLUÇÃO ACONTECER ✊🏻❤️!,nao_ofensivo,hatebr
hatebr_4180,A cara de um PRESIDENTE DE VERDADE!😍❤️🙌,nao_ofensivo,hatebr
hatebr_4181,Uma pessoa tão Boa.. Haddad e vc😗💙😘😘,nao_ofensivo,hatebr
hatebr_4182,@alexandrepereira8396 Viu sua foto no meio deles?,nao_ofensivo,hatebr
hatebr_4183,Lula Livre sim ja ok,nao_ofensivo,hatebr
hatebr_4184,Professor 2022 é vc se Deus quizer 🙏❤️,nao_ofensivo,hatebr
hatebr_4185,Haddad quero vê a faixa presidencial no seu peito,nao_ofensivo,hatebr
hatebr_4186,Vamos falar da uma delação do Palocci?,nao_ofensivo,hatebr
hatebr_4187,Lula livre ja,nao_ofensivo,hatebr
hatebr_4188,@patriciamnds como lidar com esse encontro de crushes???,nao_ofensivo,hatebr
hatebr_4189,"Lindos ,guerreiros .❤️👏👏👏",nao_ofensivo,hatebr
hatebr_4190,Seria lindo todo mundo unido em 2022,nao_ofensivo,hatebr
hatebr_4191,@fernandohaddadoficial e @marcelofreixo em uma única foto. Meu ♥️ não aguenta!,nao_ofensivo,hatebr
hatebr_4192,"Esses sim, lutam pelos mais necessitados! 👏👏👏👏👏👏👏👏👏👏👏👏",nao_ofensivo,hatebr
hatebr_4193,Esperamos por vocês 2022,nao_ofensivo,hatebr
hatebr_4194,Haddad o nosso presente em 2022,nao_ofensivo,hatebr
hatebr_4195,Estamos juntos eleicoes 2022 Presidente Fernando Haddad,nao_ofensivo,hatebr
hatebr_4196,Todos nós brasileiros 🙏 do bem comum... Dia 7 de setembro todos povo nas ruas...#LulaLivre🇧🇷🇧🇷🇧🇷🇧🇷 💑💑💑... Todos nós de preto meu Brasil que já foi Varonil...#LulaLivre🇧🇷🇧🇷🇧🇷🇧🇷 🇧🇷,nao_ofensivo,hatebr
hatebr_4197,Parabéns pelo Luta guerreiros💪💪💪🌟🌟🌟😇😇😇🌹🌹🌹,nao_ofensivo,hatebr
hatebr_4198,Orgulho de fazer parte deste Clã ♥,nao_ofensivo,hatebr
hatebr_4199,Fernando Haddad me representa,nao_ofensivo,hatebr
hatebr_4200,Homens que me representam!,nao_ofensivo,hatebr
hatebr_4201,🖖☀️Muita luz para todos!,nao_ofensivo,hatebr
hatebr_4202,Que foto da porra meu amigo,nao_ofensivo,hatebr
hatebr_4203,Lula livre para o bem da nação,nao_ofensivo,hatebr
hatebr_4204,Onde estão as mulheres???,nao_ofensivo,hatebr
hatebr_4205,"Gente bonita, elegante e sincera👏",nao_ofensivo,hatebr
hatebr_4206,Meu presidente preferido 💕💕💕,nao_ofensivo,hatebr
hatebr_4207,Orgulho ! @realrcoutinho ! Melhor governo que a Paraíba já teve👏👏👏👏,nao_ofensivo,hatebr
hatebr_4208,Obrigada vocês se unirem em prol do povo brasileiro...,nao_ofensivo,hatebr
hatebr_4209,"Tamos juntos, Professor não vejo a hora de um Brasil feliz de novo!",nao_ofensivo,hatebr
hatebr_4210,🙌🏻Essas mãos maravilhosa.,nao_ofensivo,hatebr
hatebr_4211,Haddad vc é muito lindo meu presidente👏👏❤❤❤❤❤❤❤,nao_ofensivo,hatebr
hatebr_4212,Nossa e muita gente bonito junto,nao_ofensivo,hatebr
hatebr_4213,Muito orgulho por termos na Paraíba um representante do nível de @realrcoutinho,nao_ofensivo,hatebr
hatebr_4214,❤️👏👏👏👏👏 Não vejo a hora de te vê Presidente!!! Esse dia será épico 👏👏👏👏👏,nao_ofensivo,hatebr
hatebr_4215,Meu presidente e meu governador ❤,nao_ofensivo,hatebr
hatebr_4216,Temos que sair desses espaços e ir para a rua mobilizar o povo todo. Acho um erro do campo progressista e das esquerdas ficarem só na conversa. Tem que partir para o ataque.,nao_ofensivo,hatebr
hatebr_4217,Povo bonito 😍,nao_ofensivo,hatebr
hatebr_4218,Lula livre,nao_ofensivo,hatebr
hatebr_4219,Mal vejo a hora de votar em você denovo professor/presidente!,nao_ofensivo,hatebr
hatebr_4220,Deus no Controle...💕😘💜,nao_ofensivo,hatebr
hatebr_4221,Como eu desejei ter você na presidência ❤️,nao_ofensivo,hatebr
hatebr_4222,Estava estranhando na legenda não ter relação alguma com o Lula. Aí vi o nome do fotógrafo...,nao_ofensivo,hatebr
hatebr_4223,"Um abraço gigante do tamanho da estatura política de vcs, seus lindos de luta!❤️",nao_ofensivo,hatebr
hatebr_4224,que lindo cortou cabelo,nao_ofensivo,hatebr
hatebr_4225,haddad e freixo ❤️ futuro do brasil,nao_ofensivo,hatebr
hatebr_4226,A esquerda precisa se organizar e lutar juntos....,nao_ofensivo,hatebr
hatebr_4227,Fernando voltou a ser prefeito! Cabelo tá igual!,nao_ofensivo,hatebr
hatebr_4228,Posso ser sincera com vc? Estes atos de nada adiantam... quem participa já eh eleitor da esquerda... gostaria de vê -los traçando estratégia para conquistar novos eleitores...,nao_ofensivo,hatebr
hatebr_4229,Lindao arrebenta,nao_ofensivo,hatebr
hatebr_4230,Saudade do seu cabelo formando rabinho atrás,nao_ofensivo,hatebr
hatebr_4231,Aí aí aí ui ui ui... que foto pesada meu Deus 😍😍👏🏽👏🏽,nao_ofensivo,hatebr
hatebr_4232,Isso não tem preço,nao_ofensivo,hatebr
hatebr_4233,O melhor é a cara dela no final😂😂😂😂,nao_ofensivo,hatebr
hatebr_4234,O entrevistado é faca na caveira😂😂😂,nao_ofensivo,hatebr
hatebr_4235,@jeandersonbernardes sobre usar o satélite para identificar os fatos,nao_ofensivo,hatebr
hatebr_4236,Não se cansam. Fazer o quê? 🤷,nao_ofensivo,hatebr
hatebr_4237,Foi bom demais isso,nao_ofensivo,hatebr
hatebr_4238,Grande dia. 😂😂😂😂😂😂😂,nao_ofensivo,hatebr
hatebr_4239,"Rindo ate 2022, quando votarei novamente no Bolsonaro. 😂",nao_ofensivo,hatebr
hatebr_4240,"Se sabia que iria vazar o óleo, porque não avisou Leilane ?",nao_ofensivo,hatebr
hatebr_4241,🤣🤣🤣🤣🤣🤣 Mais uma com coragem que apenas falou a verdade 🇧🇷🇧🇷🇧🇷🇧🇷,nao_ofensivo,hatebr
hatebr_4242,Vai ter chuva de likes. Admiração por seu caráter e sua integridade @bolsonarosp. Sei que será uma baita entrevista!!!,nao_ofensivo,hatebr
hatebr_4243,Não acredito que perdi... Deve ter sido um show de entrevista. Nadia Nagle 🌺 e Eduardo Bolsonaro🔰,nao_ofensivo,hatebr
hatebr_4244,Ledinha melhor reporter de todos os tempos.,nao_ofensivo,hatebr
hatebr_4245,Amo as entrevistas da Leda👍,nao_ofensivo,hatebr
hatebr_4246,@bolsonarosp ajudei a eleger teu pai. Mas esse arquivamento de processos referente ao Sen. Carlos Bolsonaro ficou estranho,nao_ofensivo,hatebr
hatebr_4247,Em toda minha vida nunca vi ninguém mais inteligente e adequado como vc assisto quando posso todas suas entrevistas amo os Bolsonaros sempre pra frente Brasil,nao_ofensivo,hatebr
hatebr_4248,Vc fez inglês no fisk?,nao_ofensivo,hatebr
hatebr_4249,@bolsonarosp deixei uma mensagem no seu privado,nao_ofensivo,hatebr
hatebr_4250,🙏Leda muito inteligente 🔥,nao_ofensivo,hatebr
hatebr_4251,Leda amadaa!!,nao_ofensivo,hatebr
hatebr_4252,Leda Nagle em entrevista a melhor! Top !👏🌹,nao_ofensivo,hatebr
hatebr_4253,Vou assistir. Mas desde já parabenizo a entrevista que deve ter sido Top.,nao_ofensivo,hatebr
hatebr_4254,Em qual o horário? Em que emissora? Me digam por favor!! Obg!!!,nao_ofensivo,hatebr
hatebr_4255,Seria mta ingratidão não lembrar do Queiroz,nao_ofensivo,hatebr
hatebr_4256,Aguardando ansiosamente.,nao_ofensivo,hatebr
hatebr_4257,"Amo a Leda, ela é a verdadeira jornalista. Ela faz TODAS as perguntas,boas ou não, toca em todas as feridas, mas sempre com educação, imparcialidade, gentileza. Amooo",nao_ofensivo,hatebr
hatebr_4258,Já me sinto assistindo!!,nao_ofensivo,hatebr
hatebr_4259,Gato que homen lindo🔥🔥🔥🔥🔥,nao_ofensivo,hatebr
hatebr_4260,"Parabéns, seu canal Leda Nagle é muito legal.",nao_ofensivo,hatebr
hatebr_4261,"Eu gostei mesmo foi da de Lobão, @ledanagleoficial mitou muiiiiiiito🤣🤣🤣🤣🤣🤣",nao_ofensivo,hatebr
hatebr_4262,Leda eh sensacional 👏🏼👏🏼,nao_ofensivo,hatebr
hatebr_4263,Adorei a parte “pra quem é fã do Queiroz” 😂😂 imperdível galerinha que é vidrada no “cade o Queiroz”,nao_ofensivo,hatebr
hatebr_4264,@ledanagleoficial tem o profissionalismo de sempre. Parabéns!!,nao_ofensivo,hatebr
hatebr_4265,"A @ledanagleoficial é, para mim, a melhor entrevistadora do Brasil",nao_ofensivo,hatebr
hatebr_4266,ESSA jornalista SIM 👏👏👏🙏🏻🙏🏻🙏🏻🇧🇷🇧🇷🇧🇷,nao_ofensivo,hatebr
hatebr_4267,"Muito bem eduardo, nao vou perder. obrigado",nao_ofensivo,hatebr
hatebr_4268,O mais legal foi a Leda para o lobao: Você tá sóbrio?,nao_ofensivo,hatebr
hatebr_4269,Esta eu não perco! O Duda é uma pessoa fantástica ❤️❤️❤️❤️,nao_ofensivo,hatebr
hatebr_4270,Vamos assistir.... adoro ela... temos que ouvir coisas boas e as verdades da política.🍀👏🦋👏🍀🦋,nao_ofensivo,hatebr
hatebr_4271,"A repórter com Leda Nagle sempre teve as melhores reportagem. Depois que a tiraram o programa sem censura não conseguimos mais ter uma entrevista de classe. Carisma, respeito, conhecimento... Parabéns!",nao_ofensivo,hatebr
hatebr_4272,Leda! A maravilha do nosso jornalismo!,nao_ofensivo,hatebr
hatebr_4273,POVO DO BEM BRASILEIRO VAMOS APOIAR ESSE GOVERNO AO MÁXIMO,nao_ofensivo,hatebr
hatebr_4274,"DEPUTADO NAO E O GABINETE do ÓDIO , MAS SIM DE UMA GRANDE JORNALISTA CANAL da LEDA NAGLE ! ENTREVISTA . PARABÉNS ! 👏👏👏👏👏💛👏👏🇧🇷👮‍♂️🇧🇷💚👮‍♂️💛👍👍👍👍🤝👮‍♂️🇧🇷👏👏VAMOS ASSISTIR ! TODOS ! 😂😂😂😂😂❤️😂😂😂😂😂😂😂👮‍♂️😂😂😂🇧🇷NÃO PERCAM !",nao_ofensivo,hatebr
hatebr_4275,Sera o maximo! Dois icones! Adooooro! 👏👏👏👏👏👏🙏🙏🙏🙏❤️❤️❤️❤️🇺🇸🇧🇷🇺🇸🇧🇷🇺🇸🇧🇷,nao_ofensivo,hatebr
hatebr_4276,Vou assistir com certeza 👋👋👋👋👋,nao_ofensivo,hatebr
hatebr_4277,"Essa é uma jornalista super competente, sincera e imparcial.",nao_ofensivo,hatebr
hatebr_4278,Esse entrevistado COM CERTEZA está lúcido. 😜,nao_ofensivo,hatebr
hatebr_4279,Aguardando ansiosa para ver essa entrevista. 😍😍😍😍😍😍😍😍😍😍,nao_ofensivo,hatebr
hatebr_4280,Esse sim É excelente p uma entrevista 🙏👏👏👏🇧🇷🇧🇷🇧🇷+,nao_ofensivo,hatebr
hatebr_4281,Ja vou preparar a pipoca pro show da Entrevista! 👏👏🇧🇷🇧🇷🇧🇷🇧🇷,nao_ofensivo,hatebr
hatebr_4282,Essa não vou perde,nao_ofensivo,hatebr
hatebr_4283,@ledanagleoficial se tornou maravilhosa nesse seu novo trabalho!,nao_ofensivo,hatebr
hatebr_4284,Uma jornada inspiradora para todas nós! ❤️,nao_ofensivo,hatebr
hatebr_4285,Esperando para assistir completo.,nao_ofensivo,hatebr
hatebr_4286,"@ledanagleoficial sou fã desde sempre❤️. E os Bolsonaro então, não preciso falar né. Não vou perder.👏👏👏",nao_ofensivo,hatebr
hatebr_4287,Aeeeee bora acompanhar 👏🏻👏🏻👏🏻👏🏻💪🏻✊🏻✊🏻✊🏻✊🏻🇧🇷,nao_ofensivo,hatebr
hatebr_4288,Irei ver com certeza 👍🏻,nao_ofensivo,hatebr
hatebr_4289,Como tá as praias no nordeste ?? nao vejo você falar a respeito disso!,nao_ofensivo,hatebr
hatebr_4290,"A Globo News e muito fã do Queiroz, creio que vão está ligado.",nao_ofensivo,hatebr
hatebr_4291,"Excelente, nosso Deputado Eduardo Bolsonaro se posicionou como verdadeiro líder político do governo do Presidente Bolsonaro 👏👏👏🙏👊🇧🇷🇧🇷🇧🇷",nao_ofensivo,hatebr
hatebr_4292,@bolsonarosp não perco por nada! 🔥,nao_ofensivo,hatebr
hatebr_4293,Huuuuuu!!!! Esse tá muito lúcido !!!,nao_ofensivo,hatebr
hatebr_4294,"👏🏻👏🏻👏🏻 Se eu fosse seu pai, eu te dava era um Ministério.",nao_ofensivo,hatebr
hatebr_4295,"E a reforma politica, são 70.794 politicos, e um custo de 128 bilhoes ao ano ao🇧🇷, se a reforma da previdencia era tão importante, a politica tbm é necessaria.",nao_ofensivo,hatebr
hatebr_4296,Parabéns Leda vc esta fantástica!,nao_ofensivo,hatebr
hatebr_4297,"Teve a pergunta-chave: ""Você tá lúcido""? 😂😂👏👏👏👏🇧🇷🇧🇷🇧🇷🇧🇷",nao_ofensivo,hatebr
hatebr_4298,"Essa entrevista vou assistir por sua causa Deputado, quanto ao Queiróz já tem gente para se preocupar por mim 😂😂. Avisa se vai sair na quinta-feira mesmo. 👉🇧🇷",nao_ofensivo,hatebr
hatebr_4299,"Leda quando lamentamos que ficaríamos sem você na tv, você como uma ave fênix se reinventa e volta mais poderosa fazendo o que sabe de melhor, entrevistar com uma simpatia encantadora! Sou sua fã!👏👏👏",nao_ofensivo,hatebr
hatebr_4300,👏👏👏👏👏👏👏 Amoo a família Bolsonaro!! 💚💚💚🇧🇷🇧🇷,nao_ofensivo,hatebr
hatebr_4301,Que horas vai ser transmitido e qual canal,nao_ofensivo,hatebr
hatebr_4302,E o muro na divisa com a Argentina saí quando?,nao_ofensivo,hatebr
hatebr_4303,@bolsonarosp! Leda nagle está à favor do Brasil?,nao_ofensivo,hatebr
hatebr_4304,OS HOMENS BOLSONARO TODOS SÃO LINDOS PUXOU O PAI,nao_ofensivo,hatebr
hatebr_4305,Sempre vejo as entrevistas dela. São TOP!,nao_ofensivo,hatebr
hatebr_4306,Parabéns pela escolha para ser entrevistado,nao_ofensivo,hatebr
hatebr_4307,Avante Deputado,nao_ofensivo,hatebr
hatebr_4308,"Ela é divaaaa do jornalismo, sou fã da Leda🇧🇷🇧🇷🇧🇷🤝🤝👏🏻👏🏻👏🏻👀",nao_ofensivo,hatebr
hatebr_4309,"Que dia, hora e canal?",nao_ofensivo,hatebr
hatebr_4310,Não vou perder POR nada,nao_ofensivo,hatebr
hatebr_4311,Eita...vamos bombar essa entrevista!👏👏👏👏,nao_ofensivo,hatebr
hatebr_4312,Quando teremos a apresentação integral com som ?,nao_ofensivo,hatebr
hatebr_4313,@ledanagleoficial Maravilhosa! Não perco esta entrevista.#somosumexercitodebolsonaros #bolsonaropresidente2022,nao_ofensivo,hatebr
hatebr_4314,Estamos com vc Eduardo. Que Deus te proteja meu irmão. 🇧🇷🤗,nao_ofensivo,hatebr
hatebr_4315,Leda é reporte de verdade !,nao_ofensivo,hatebr
hatebr_4316,Com todo respeito... esse Homem é muito lindo,nao_ofensivo,hatebr
hatebr_4317,"Com certeza os ""cadê Queiroz "" não vão perder 😁😁",nao_ofensivo,hatebr
hatebr_4318,Todo mundo assistindo 👏🏻👏🏻👏🏻👏🏻,nao_ofensivo,hatebr
hatebr_4319,"@bolsonarosp o @canaldonegao quer fazer uma entrevista com vc, comparece lá o canal dele é um dos melhores do YouTube....🇧🇷🇮🇱",nao_ofensivo,hatebr
hatebr_4320,Que dia é horas que vai transmitir?,nao_ofensivo,hatebr
hatebr_4321,Leda é maravilhosa!!,nao_ofensivo,hatebr
hatebr_4322,Desejo Boa sorte 💖,nao_ofensivo,hatebr
hatebr_4323,BRASIL URGRNTE HADADE PRESIDENTE,nao_ofensivo,hatebr
hatebr_4324,Entrevista com classe e integridade...👏👏👏,nao_ofensivo,hatebr
hatebr_4325,"@ledanagleoficial a melhor jornalista do país, melhor entrevistadora do YouTube! Parabéns 👏🏻",nao_ofensivo,hatebr
hatebr_4326,Eu adoro a @ledanagleoficial! Ela sim faz jornalismo de verdade!👏👏👏👏👏👏,nao_ofensivo,hatebr
hatebr_4327,"Não perco, sou fã de carteirinha👏👏👏",nao_ofensivo,hatebr
hatebr_4328,Essa pode confiar e perfeita Leda 👏🏻👏🏻👏🏻👏🏻perguntas de nível da inteligência e não da fofoca🇧🇷,nao_ofensivo,hatebr
hatebr_4329,Sempre vale a pena te ouvir!,nao_ofensivo,hatebr
hatebr_4330,"Gosto das entrevistas dela, sempre coerente e com muita ética. Isso é jornalismo de qualidade.",nao_ofensivo,hatebr
hatebr_4331,Opa. Esse eu vejo completo,nao_ofensivo,hatebr
hatebr_4332,#bolsonaro2022. Mantenha-se forte e coerente!,nao_ofensivo,hatebr
hatebr_4333,Então façam acontecer,nao_ofensivo,hatebr
hatebr_4334,"Amo a Leda, ela é incrível! Grande profissional!",nao_ofensivo,hatebr
hatebr_4335,Isso sim é entrevista de qualidade!,nao_ofensivo,hatebr
hatebr_4336,Eduardo é o cara 👏👏👏👏👏👏👏👏👏👏 Parabéns va em frente 👏👏👏👏👏👏 nos confiamos em você no seu potencial 🇧🇷🇧🇷🇧🇷🇧🇷,nao_ofensivo,hatebr
hatebr_4337,Tô deletando todos que são contra Bolsonaro,nao_ofensivo,hatebr
hatebr_4338,Vai ser ótimo!!!!,nao_ofensivo,hatebr
hatebr_4339,Essa eu quero ver,nao_ofensivo,hatebr
hatebr_4340,Essa eu não perco por nada👋👏👏👏🙏🏽🇧🇷,nao_ofensivo,hatebr
hatebr_4341,Esse é um canal e uma grande jotnalista,nao_ofensivo,hatebr
hatebr_4342,"Parabéns, Manu, pela tua jornada! Fostes fundamental para abrir caminhos para mais mulheres na política!",nao_ofensivo,hatebr
hatebr_4343,Vai que e tuaaaa,nao_ofensivo,hatebr
hatebr_4344,Ela é ótima jornalista 🌺,nao_ofensivo,hatebr
hatebr_4345,Que legal! Adoro a @ledanagleoficial uma excelente jornalista 😍😍,nao_ofensivo,hatebr
hatebr_4346,"Não vou perder Eduardo, só assim saberei a verdade. Obrigada",nao_ofensivo,hatebr
hatebr_4347,Essa também não quero perder!!! De jeito nenhum!!! Boa Lêda Nagle!!! Essa daí eu respeito!!!!👏👏👏👏👏❤️❤️❤️❤️,nao_ofensivo,hatebr
hatebr_4348,Fãs do Queiroz não faltam 🤣🤣🤣🤣,nao_ofensivo,hatebr
hatebr_4349,Não vou perder essa entrevista por nada!,nao_ofensivo,hatebr
hatebr_4350,"Vc tem todo o meu respeito 🙏🇧🇷 já pude ver que vc é sério igual seu pai, não é a toa que o Presidente dos EUA tem estima por vc ! Continue Dudu o Brasil e",nao_ofensivo,hatebr
hatebr_4351,Com tempo e na expectativa,nao_ofensivo,hatebr
hatebr_4352,Wawww 👏👏👏👏 já vou fazer a reserva no camarote,nao_ofensivo,hatebr
hatebr_4353,"Seguindo a @ledanagleoficial em 1,2,3 jornalista séria",nao_ofensivo,hatebr
hatebr_4354,"Leda nagle , jornalista de conceito.👍👏👏👏",nao_ofensivo,hatebr
hatebr_4355,Melhor coisa do mundo gente imparcial 😍,nao_ofensivo,hatebr
hatebr_4356,O assediador é sempre simpático e de bem!,nao_ofensivo,hatebr
hatebr_4357,@jason_s_santana imagina se colocam algum artista que apoia o PT pra fazer essa pergunta!???,nao_ofensivo,hatebr
hatebr_4358,Cadê o Ministério Público??????,nao_ofensivo,hatebr
hatebr_4359,"Não sei o que é pior, a fala sem filtro ou as pessoas rirem😩😩😩",nao_ofensivo,hatebr
hatebr_4360,"E o Felipe Neto decidi doar livros LGBT, para quem quiser pegar, ou seja a pessoa não é obrigada a ter acesso ao conteúdo e vira caso de polícia. O Sílvio Santos sim está errado de fazer isso com uma criança!",nao_ofensivo,hatebr
hatebr_4361,Cadê a Damaris que não se posiciona? 😂😂😂😂😂,nao_ofensivo,hatebr
hatebr_4362,"Realmente, passou de todos os limites!!!!!",nao_ofensivo,hatebr
hatebr_4363,A mãe da menina ainda Rir 😠,nao_ofensivo,hatebr
hatebr_4364,"""Vcs que fazem parte dessa massa"" 😞",nao_ofensivo,hatebr
hatebr_4365,Inacreditável. E ainda tem gente que ri e bate palma 🤦🏽‍♀️,nao_ofensivo,hatebr
hatebr_4366,Pior que mãe ainda rir 🤑,nao_ofensivo,hatebr
hatebr_4367,Como uma mãe escuta isso e continua na frente desse homem . Sem falar dos outros do palco.,nao_ofensivo,hatebr
hatebr_4368,E pensar que tem pessoas que acham isso normal,nao_ofensivo,hatebr
hatebr_4369,"INCRÍVEL ISSO, E O PIOR, SE ACEITA NA MAIOR NATURALIDADE.",nao_ofensivo,hatebr
hatebr_4370,Ninguém vai processar ?,nao_ofensivo,hatebr
hatebr_4371,Cadê a Damares e a igreja para proteger as crianças ?,nao_ofensivo,hatebr
hatebr_4372,E as famílias levam as crianças até o programa dele. Como pode?,nao_ofensivo,hatebr
hatebr_4373,Cadê a tradicional família brasileira?,nao_ofensivo,hatebr
hatebr_4374,É triste demais,nao_ofensivo,hatebr
hatebr_4375,Isso me da um desânimo.,nao_ofensivo,hatebr
hatebr_4376,"Cadê os programas de fofoca, a tarde e sua que ñ tão caindo em cima, si fosse outro apresentador nossa o mundo aí cai",nao_ofensivo,hatebr
hatebr_4377,Mds! Até quando vão permitir isso com as mulheres desse país?!!!,nao_ofensivo,hatebr
hatebr_4378,Crianças assediadas mais uma vez,nao_ofensivo,hatebr
hatebr_4379,O pior é que as pessoas acham graça,nao_ofensivo,hatebr
hatebr_4380,Está na hora de se aposentar,nao_ofensivo,hatebr
hatebr_4381,"E o pior... a mãe da menina ficou sorrindo. Será que achou engraçado, ou sorriu desconcertada?",nao_ofensivo,hatebr
hatebr_4382,Se fosse.minha filha não ia ficar por nada 😧😧,nao_ofensivo,hatebr
hatebr_4383,"Concordo com vc , Manuela davila",nao_ofensivo,hatebr
hatebr_4384,"Nossa quantas pessoas serias aqui, q não fazem nada de errado e nunca riram de nada de errado...quantos anjos santidades...🙌👏😒",nao_ofensivo,hatebr
hatebr_4385,como assim ele fica rindo,nao_ofensivo,hatebr
hatebr_4386,Cade o Ministério Publico?,nao_ofensivo,hatebr
hatebr_4387,Ate quando suportar este tipo de abuso .,nao_ofensivo,hatebr
hatebr_4388,"Brasil! País de 2 pesos, 2 medidas😤",nao_ofensivo,hatebr
hatebr_4389,E ainda tem a platéia que aplaude 🤦🤦,nao_ofensivo,hatebr
hatebr_4390,@patriciaabravanel imagino os programas infantis de vcs!,nao_ofensivo,hatebr
hatebr_4391,😂😂😂😂povo ingênuo,nao_ofensivo,hatebr
hatebr_4392,Será que ele não pode ser responsabilizado por isso?,nao_ofensivo,hatebr
hatebr_4393,Preservando os valores cristãos,nao_ofensivo,hatebr
hatebr_4394,O pior é a conivência das pessoas presentes. 😱,nao_ofensivo,hatebr
hatebr_4395,Ele pode tratar assim esse assunto?! Cade a Damares?!,nao_ofensivo,hatebr
hatebr_4396,"Que absurdo, não sei como tem gente q assiste esse cara, e ainda acham graça 😔",nao_ofensivo,hatebr
hatebr_4397,É isto uma pessoa de bem???,nao_ofensivo,hatebr
hatebr_4398,Este é o Brasil de 2019.😱,nao_ofensivo,hatebr
hatebr_4399,Ele deixou claro quais Valores carrega.,nao_ofensivo,hatebr
hatebr_4400,Não sei por que o espanto. Vindo de quem veio... a cara dele e da bancada evangélica! 🤢,nao_ofensivo,hatebr
hatebr_4401,"Está na hora desse homem se afastar e o pior são os pais que permitem que os filhos passem por esse tipo de abuso. Lamentável, triste",nao_ofensivo,hatebr
hatebr_4402,Silvio meu ídolo 👏👏👏👏,nao_ofensivo,hatebr
hatebr_4403,"E a mãe rindo, gente???? Pelo amor de Deus 🤦🏼‍♀️",nao_ofensivo,hatebr
hatebr_4404,Vai ser demais!!! Amo os comentários dele... sabe tudooo!!,nao_ofensivo,hatebr
hatebr_4405,E a propósito... amo os dois! 😘😘,nao_ofensivo,hatebr
hatebr_4406,Meu coração não aguenta assim! 😍,nao_ofensivo,hatebr
hatebr_4407,Gregório é uma das pessoas mais lúcidas e inteligentes que conheço.,nao_ofensivo,hatebr
hatebr_4408,"♥️♥️💖💖💖 Olá 👋🏻 tudo bem ? Somos atacadistas e vendemos no mínimo 60 peças !!! Sai a 10,00 a unidade !!! Acima de 100 peças sai a 9,00 a unidade ! Tamanho 45x45 ! Ponto ajour feito a mão ! Pagamento via depósito bancário !! Obs; pode ser de cores diversas como desejar♥️♥️♥️😍😍💕♥️💕♥️😍😍😍🙏🏻🙏🏻🙏🏻🙏🏻",nao_ofensivo,hatebr
hatebr_4409,Haddad!! Como seria otimo se ele fosse nosso presidente!! Nós estariamos esperançosos,nao_ofensivo,hatebr
hatebr_4410,@novaesnt dois caras legais né?,nao_ofensivo,hatebr
hatebr_4411,"@fernandohaddadoficial , vejo sempre e gosto muito do programa. Mas um ponto crítico, se me permitem, o cenário não tá legal... uma estante cenográfica mto ruim. Não seria melhor fazer na casa do Haddad, uma biblioteca verdadeira...? Tantas possibilidades!",nao_ofensivo,hatebr
hatebr_4412,Doida pra ter esse gato como 😍😚❤️❤️❤️meu presente.,nao_ofensivo,hatebr
hatebr_4413,Tem muito amor nessa foto 😍,nao_ofensivo,hatebr
hatebr_4414,Dois homens que me dá orgulho de ser brasileira lindos demais.❤❤👍👏🏽,nao_ofensivo,hatebr
hatebr_4415,"❤️Só Haddad já é maravilha, imagino juntamente com Duvivier. Vai ser show de bola.",nao_ofensivo,hatebr
hatebr_4416,Dois homens maravilhosos.,nao_ofensivo,hatebr
hatebr_4417,❤️❤️❤️❤️❤️❤️.Dois seres humanos super. Amoooooo,nao_ofensivo,hatebr
hatebr_4418,Meu amor só aumenta cada dia😊😊😍,nao_ofensivo,hatebr
hatebr_4419,Dois grandes homens,nao_ofensivo,hatebr
hatebr_4420,2 pessoas super inteligentes...,nao_ofensivo,hatebr
hatebr_4421,Aaaah nao! A internet nao vai aguentar! 😍👏🏼,nao_ofensivo,hatebr
hatebr_4422,"Eta meu pai, quero muito ver",nao_ofensivo,hatebr
hatebr_4423,Amo os dois❤️❤️,nao_ofensivo,hatebr
hatebr_4424,Boa noite par vocês dois,nao_ofensivo,hatebr
hatebr_4425,Aguardando segunda ! Que demais!!!!,nao_ofensivo,hatebr
hatebr_4426,Gente bonita ❤️😍,nao_ofensivo,hatebr
hatebr_4427,"Fenomenais, os dois!💕",nao_ofensivo,hatebr
hatebr_4428,"Com todo respeito , lindos que Deus continue te abençoando sempre 👏👏👏👏👏😘🇧🇷🇧🇷🇧🇷🇧🇷🇧🇷🇧🇷🇧🇷🇧🇷🇧🇷🇧🇷🇧🇷🇧🇷🇧🇷🇧🇷🇧🇷🇧🇷🇧🇷🇧🇷🇧🇷🇧🇷",nao_ofensivo,hatebr
hatebr_4429,O presidente do Nordeste. ❤️,nao_ofensivo,hatebr
hatebr_4430,Lindooos ❤️ Por dentro e por fora.,nao_ofensivo,hatebr
hatebr_4431,Que Dupla mais Especial! #LulaLivreJá,nao_ofensivo,hatebr
hatebr_4432,"Não aguentoooo, amo vocês ❤️",nao_ofensivo,hatebr
hatebr_4433,Qdo vai entrevistar o Palocci ?,nao_ofensivo,hatebr
hatebr_4434,"Eita dupla boa,nesses dois eu acredito",nao_ofensivo,hatebr
hatebr_4435,Que maravilha! Essas conversas são serviço público!,nao_ofensivo,hatebr
hatebr_4436,Opa....muito interessante,nao_ofensivo,hatebr
hatebr_4437,Por que vc não convida outras pessoas com viés diferente do seu ? Até para agregar... esse Ping-pong - só aumenta a polarização.,nao_ofensivo,hatebr
hatebr_4438,Esse é top,nao_ofensivo,hatebr
hatebr_4439,Ahhhhh ele vai amar 💕💕💕,nao_ofensivo,hatebr
hatebr_4440,Amo essa dupla 💐,nao_ofensivo,hatebr
hatebr_4441,Gênios 🙌🏼,nao_ofensivo,hatebr
hatebr_4442,@fernandohaddadoficial tbm quero ser entrevistada😍,nao_ofensivo,hatebr
hatebr_4443,"@fernandohaddadoficial Me entrevista tbm, por favor! ❤️",nao_ofensivo,hatebr
hatebr_4444,"Só o Duvivier, mesmo! Meu Deus!",nao_ofensivo,hatebr
hatebr_4445,2 super homens👏👏👏,nao_ofensivo,hatebr
hatebr_4446,Estarei aguardando!👏👏😘,nao_ofensivo,hatebr
hatebr_4447,Adoro!!!👍😍💋❤👏,nao_ofensivo,hatebr
hatebr_4448,Sou fã incondicional dos dois.,nao_ofensivo,hatebr
hatebr_4449,O exemplo é muito forte e fortalece outras e outros também. Parabéns por tua jornada política,nao_ofensivo,hatebr
hatebr_4450,Bebel e Agostinho casal perfeito,nao_ofensivo,hatebr
hatebr_4451,Só queria lembrar que eu escolhi o professor 🥰 que dupla,nao_ofensivo,hatebr
hatebr_4452,Muito legal!!! Verei!!!!,nao_ofensivo,hatebr
hatebr_4453,"A presidenca certa para um grande e rico pais para avancar no caminho de futuro pleno sec, 21.",nao_ofensivo,hatebr
hatebr_4454,Oh meus amores,nao_ofensivo,hatebr
hatebr_4455,Amo ❤️😍,nao_ofensivo,hatebr
hatebr_4456,Dois lindos juntos 😍💕 @mattjon233,nao_ofensivo,hatebr
hatebr_4457,"Dois gatos lindões , inteligentes e de esquerda! Perfeito!",nao_ofensivo,hatebr
hatebr_4458,Esse é fera presidente!,nao_ofensivo,hatebr
hatebr_4459,"Aí tá certo, dois cabras inteligentes❤️",nao_ofensivo,hatebr
hatebr_4460,Significado de tanto faz @giulianaaraujo906 😂,nao_ofensivo,hatebr
hatebr_4461,HADDAD meu querido q Deus te proteja sempre um abraço 🙌❤️❤️🙋‍♀️,nao_ofensivo,hatebr
hatebr_4462,"Este é meu futuro , presidente em 2022, eu creio.🇧🇷 Melhor para todos.",nao_ofensivo,hatebr
hatebr_4463,Muito TUDO pra uma foto só!!! ❤️❤️❤️,nao_ofensivo,hatebr
hatebr_4464,A foto que eu precisava e não sabia ❤️,nao_ofensivo,hatebr
hatebr_4465,"Meu Deus!! Que foto, que dupla ❤️⭐👊",nao_ofensivo,hatebr
hatebr_4466,"Meu presidenteeeeeeeeee ! Socorro,não aguentamos mais.",nao_ofensivo,hatebr
hatebr_4467,"Genial, adoro o Duvivier",nao_ofensivo,hatebr
hatebr_4468,Que baita dupla!! 😍😍,nao_ofensivo,hatebr
hatebr_4469,Obaaaaaaa!!!! Dois queridos juntos!!!,nao_ofensivo,hatebr
hatebr_4470,Duas cabeças pensantes! 💕💕💕💕💕😍😍😍,nao_ofensivo,hatebr
hatebr_4471,Haddad vc e lindo demais.,nao_ofensivo,hatebr
hatebr_4472,Gosto muito! 👏👏👏👏👏👏❤️❤️,nao_ofensivo,hatebr
hatebr_4473,Own! Dois lindos!! ♥️♥️,nao_ofensivo,hatebr
hatebr_4474,Que encontro memorável !!👏👏👏❤️❤️❤️,nao_ofensivo,hatebr
hatebr_4475,Eu votei no professor !! 😍,nao_ofensivo,hatebr
hatebr_4476,Ai meu coração não aguenta!!!! 💖👏👏👏👏👏👏🇧🇷,nao_ofensivo,hatebr
hatebr_4477,"@manueladavila ficamos muito felizes que naquele ano tivemos uma mulher vencedora. Quando vier a Brasília, passe na redação para tomar um cafezinho conosco. ☕ E lembrando que o #premiocongressoemfoco deste ano será transmitido no nosso canal do Youtube, ao vivo, no dia 29 de agosto às 19h. Adoraríamos ter você nos prestigiando na live.",nao_ofensivo,hatebr
hatebr_4478,Que luxo!!! Dois amores 😍😍,nao_ofensivo,hatebr
hatebr_4479,Ai meu coração! ❤️,nao_ofensivo,hatebr
hatebr_4480,2 pessoas que eu amo,nao_ofensivo,hatebr
hatebr_4481,Que vontade de dar um abraço nos dois! ❤️,nao_ofensivo,hatebr
hatebr_4482,"Ai meu Deus, amo esses dois👏🏻",nao_ofensivo,hatebr
hatebr_4483,Qual nome do Filme?,nao_ofensivo,hatebr
hatebr_4484,Só gente bacana 😍,nao_ofensivo,hatebr
hatebr_4485,Af não dou conta!!!!,nao_ofensivo,hatebr
hatebr_4486,se tem foto tem video,nao_ofensivo,hatebr
hatebr_4487,Dois homens lindos,nao_ofensivo,hatebr
hatebr_4488,Adoro os 2!!! Vou assistir com certeza!.,nao_ofensivo,hatebr
hatebr_4489,"Vamos falar sobre o que estâ ocorrendo com a Petrobras, é nossas riquezas, Hadadd????",nao_ofensivo,hatebr
hatebr_4490,Dois lindos e incríveis!,nao_ofensivo,hatebr
hatebr_4491,Vai ser demais 💜💜,nao_ofensivo,hatebr
hatebr_4492,Dupla imbatível nas argumentações inteligentes contra esse governo desgovernado que estamos pagando....aff,nao_ofensivo,hatebr
hatebr_4493,Muito legal. Imperdível,nao_ofensivo,hatebr
hatebr_4494,Vai ser muito bom Kkkkkk ♥️,nao_ofensivo,hatebr
hatebr_4495,Estou em SP no congresso de gerontecnologia. Apareça por aqui.,nao_ofensivo,hatebr
hatebr_4496,Essa dupla ❤️,nao_ofensivo,hatebr
hatebr_4497,👏👏👏👏👏👏👏👏👏 bravissímo!!!!!,nao_ofensivo,hatebr
hatebr_4498,Queridos gênios! 🔝🔝🔝🔝🔝,nao_ofensivo,hatebr
hatebr_4499,Bom demais👏👏👏👏👏,nao_ofensivo,hatebr
hatebr_4500,😍😍😍😍onde curti mil vezes ??,nao_ofensivo,hatebr
hatebr_4501,"Admiro muito vcs, estamos juntos ❤️❤️",nao_ofensivo,hatebr
hatebr_4502,"Lindos, inteligentes e queridos!❤️",nao_ofensivo,hatebr
hatebr_4503,Grande admiração pelos dois! 😍,nao_ofensivo,hatebr
hatebr_4504,Aê num aguento! ❤️,nao_ofensivo,hatebr
hatebr_4505,Nosso presidente ❤️e futuro presidente 🙏🏻🙏🏻🙏🏻❤️,nao_ofensivo,hatebr
hatebr_4506,Queridos! 👏👏👏 bom ver gente boa juntos!!,nao_ofensivo,hatebr
hatebr_4507,Pô o Greg é sensacional. ♥️,nao_ofensivo,hatebr
hatebr_4508,"Eu amo,maravilhosos 😍😍💜",nao_ofensivo,hatebr
hatebr_4509,Dois ícones,nao_ofensivo,hatebr
hatebr_4510,Assim coração num guenta💜,nao_ofensivo,hatebr
hatebr_4511,Sou muito fã do Gregório. Não perderei! ❤️,nao_ofensivo,hatebr
hatebr_4512,Geniossss amo ambos 💓,nao_ofensivo,hatebr
hatebr_4513,Dois maravilhosos! 🤩😍🤩,nao_ofensivo,hatebr
hatebr_4514,Dois divos 💙,nao_ofensivo,hatebr
hatebr_4515,A dulpla!!!!,nao_ofensivo,hatebr
hatebr_4516,Os dois homens que eu amo.,nao_ofensivo,hatebr
hatebr_4517,@fernandohaddadoficial Camisa do Sr. Professor Fernando aprovada... Desta vez. 😂💋,nao_ofensivo,hatebr
hatebr_4518,Assisto onde?,nao_ofensivo,hatebr
hatebr_4519,Ansiosa pra assistir!,nao_ofensivo,hatebr
hatebr_4520,O peso dessa foto.. 😍,nao_ofensivo,hatebr
hatebr_4521,Essa entrevista aqui é que vale a pena kkk @g9paes,nao_ofensivo,hatebr
hatebr_4522,Mais que perfeito!!!,nao_ofensivo,hatebr
hatebr_4523,Amores❤️❤️❤️,nao_ofensivo,hatebr
hatebr_4524,Duas das cabeças mais pensantes do País!,nao_ofensivo,hatebr
hatebr_4525,Amo os dois. ❤️,nao_ofensivo,hatebr
hatebr_4526,Ahhhh perfeito 👏👏👏,nao_ofensivo,hatebr
hatebr_4527,Vcs são perfeitos,nao_ofensivo,hatebr
hatebr_4528,Rindo por antecipação!,nao_ofensivo,hatebr
hatebr_4529,O único defeito dessa foto é que eu não posso abraçá-la,nao_ofensivo,hatebr
hatebr_4530,A ministra é genial,nao_ofensivo,hatebr
hatebr_4531,Estamos de seu lado grande ministra vc é um guerreira.,nao_ofensivo,hatebr
hatebr_4532,Isso é um tipo de violência contra a MULHER MINISTRA DAMARES. Tem q ser tomada uma providência.,nao_ofensivo,hatebr
hatebr_4533,O silêncio falou por todas as mulheres. 🇧🇷,nao_ofensivo,hatebr
hatebr_4534,"A balança está em desequilíbrio, parece que há mulheres e mulheres. Minha admiração e respeito Ministra Damares.",nao_ofensivo,hatebr
hatebr_4535,"A esquerda fala o que quer e as ""autoridades da justiça"" nada fazem.",nao_ofensivo,hatebr
hatebr_4536,Voltando pra minha caverna bom dia.,nao_ofensivo,hatebr
hatebr_4537,Existe violencia com todo mundo e nao somente contra mulher... violência eh violência!,nao_ofensivo,hatebr
hatebr_4538,Damares vc é o exemplo de pessoa e vida 👏👏👏 ém,nao_ofensivo,hatebr
hatebr_4539,"mulher não é uma pessoa, por isso está acima da sociedade",nao_ofensivo,hatebr
hatebr_4540,É o que deve ser feito.,nao_ofensivo,hatebr
hatebr_4541,Mt triste meu Deus. Nao vamos nos calar. Vamos lutar. Contra o nosso Deus e as feridas da humanidade nao vamos aceitar,nao_ofensivo,hatebr
hatebr_4542,👏👏👏👏👏👏👏 Parabens Damares!!!! Você reflete a luz de Deus neste mundo,nao_ofensivo,hatebr
hatebr_4543,"Essa mulher é uma guerreira, tem minha admiração",nao_ofensivo,hatebr
hatebr_4544,kkkk😂😂😂😂😂😂😂 melhor coletiva d todas.....😂😂😂😂😂😂,nao_ofensivo,hatebr
hatebr_4545,Parem d usar Deus nisso 😂😂😂😂😂,nao_ofensivo,hatebr
hatebr_4546,👏👏👏👏Parabéns Ministra!,nao_ofensivo,hatebr
hatebr_4547,Que absurdo gente. Espero que este indivíduo receba as penas cabíveis,nao_ofensivo,hatebr
hatebr_4548,Nossa ministra damares ê de Deus orgulho da nação,nao_ofensivo,hatebr
hatebr_4549,Poise os movimentos principalmente os feministas não falaram nada.,nao_ofensivo,hatebr
hatebr_4550,Deus é contigo @damaresalvesoficial1 . Isso é o cúmulo do absurdo,nao_ofensivo,hatebr
hatebr_4551,Obrigado Ministra Damares P ir sua força e integridade.,nao_ofensivo,hatebr
hatebr_4552,Tamu juntas Damares. Tu é forte 🙌,nao_ofensivo,hatebr
hatebr_4553,Ministra Damares é a melhor. Isso tudo está acontecendo porque estamos vencendo.,nao_ofensivo,hatebr
hatebr_4554,"#somostodasdamares mulher inteligente e guerreira,Ela me representa! Te amo em Jesus minha Ministra😍😍👏👏👏",nao_ofensivo,hatebr
hatebr_4555,Esse jornalista que faz essas perguntas é o mesmo que a ofendeu?,nao_ofensivo,hatebr
hatebr_4556,Eita Ministra Porreta. Está me representa.,nao_ofensivo,hatebr
hatebr_4557,Lamentável ver esse tipo de coisa acontendo,nao_ofensivo,hatebr
hatebr_4558,Inacreditável!!!😪😪😪,nao_ofensivo,hatebr
hatebr_4559,É uma afronta essa mídia achar que está acima de tudo.. ministra Damares merece respeito e admiração..quem não entende e não o faz merece o seu silêncio.. Deus abençoe nossa ministra,nao_ofensivo,hatebr
hatebr_4560,"Parabéns, mulher de verdade!",nao_ofensivo,hatebr
hatebr_4561,Muito triste. Deus honre essa mulher!!!,nao_ofensivo,hatebr
hatebr_4562,#somostodosdamares Deus te honre guerreira 🙏🙏🙏,nao_ofensivo,hatebr
hatebr_4563,Deus é contigo ministra anjos estão guerreando por ti. 🙏🙏,nao_ofensivo,hatebr
hatebr_4564,Força Damares estamos com você❤️❤️🇧🇷🇧🇷🇧🇷🇧🇷🇧🇷,nao_ofensivo,hatebr
hatebr_4565,Inteligente.,nao_ofensivo,hatebr
hatebr_4566,Meu Deus... forte isso. Estamos todos com a senhora ministra .,nao_ofensivo,hatebr
hatebr_4567,Pra cima deles presidente Bolsonaro!,nao_ofensivo,hatebr
hatebr_4568,"Eu admiro essa mulher, estamos com a senhora🇧🇷❤️🇧🇷❤️🇧🇷❤️",nao_ofensivo,hatebr
hatebr_4569,Passou do limite! 😢 Chega de violência contra a mulher no Brasil!! #somostodosdamares,nao_ofensivo,hatebr
hatebr_4570,Muito triste ver como a imprensa brasileira se porta.,nao_ofensivo,hatebr
hatebr_4571,"Enquanto os homens não fazem justiça, peço a Deus @damaresalvesoficial1 que Ele a faça! E Ele é fiel.",nao_ofensivo,hatebr
hatebr_4572,"Estamos contigo, ministra Damares! 🙏🏼💚💛",nao_ofensivo,hatebr
hatebr_4573,Silencio diante tamanha violência #somostodasDAMARES,nao_ofensivo,hatebr
hatebr_4574,Quem é esse jornalista?,nao_ofensivo,hatebr
hatebr_4575,Continua assim Ministra.Os cães ladram e a caravana passa.Voce é uma grande mulher,nao_ofensivo,hatebr
hatebr_4576,Ministra a Senhora vai sair do Governo ? (Que 🐒 esse reporter pagou ao vivo),nao_ofensivo,hatebr
hatebr_4577,Estamos contigo @damaresalvesoficial1,nao_ofensivo,hatebr
hatebr_4578,Deus é contigo ministra🙌🙌🙌,nao_ofensivo,hatebr
hatebr_4579,"Como podemos aceitar um ser humano, praticando um ato desses. O autor dessa carta deveria ser preso, pois não tem como continuar fazendo parte de uma sociedade.",nao_ofensivo,hatebr
hatebr_4580,Meu Deus quanto desrespeito...essa mulher tem fibra!!!!🇧🇷👊🇧🇷👊,nao_ofensivo,hatebr
hatebr_4581,"Essa ministra é muito forte, parabéns pastora!",nao_ofensivo,hatebr
hatebr_4582,"Lamentável essas palavras contra um mulher de caráter indiscutível como nossa minitra Damares, DEUS é contigo mulher guerreira q o SENHOR levantou nesse pais chamado Brasil para lutar contra as injustiças desse país. 👏👏👏👏👏👏👏🇧🇷🇧🇷🇧🇷🇧🇷🇧🇷🇧🇷 bjs 😘",nao_ofensivo,hatebr
hatebr_4583,Ministra imagino sua dor . Acredite que sua vitória está cada dia mais perto !,nao_ofensivo,hatebr
hatebr_4584,"👏👏👏👏❤️❤️❤️❤️ mesmo calada....arrasou, ministra! Os jornalistas piraram!",nao_ofensivo,hatebr
hatebr_4585,Maravilhosaaaaa. Amo Damares,nao_ofensivo,hatebr
hatebr_4586,👏👏👏👏👏👏👏 força Damares.,nao_ofensivo,hatebr
hatebr_4587,Ela sofre todo o tipo de violência!!,nao_ofensivo,hatebr
hatebr_4588,"Vc é maravilhosa, mais pessoas como vc 👏👏👏👏👏",nao_ofensivo,hatebr
hatebr_4589,Meu Deus. Onde vamos chegar?,nao_ofensivo,hatebr
hatebr_4590,Carla boa tarde! O Facebook proibiu eu compartilhar links até quinta feira 18: 06 tudo que eu compartilho sobre vocês não consegui desde de manhã,nao_ofensivo,hatebr
hatebr_4591,Ele não ficará impune!! Força Damares! Deus seja contigo!,nao_ofensivo,hatebr
hatebr_4592,"Chega mesmo não aguentamos mais ver tantãs mulheres vítimas das violências do homem certos homens, acha que vão ficar impune para sempre",nao_ofensivo,hatebr
hatebr_4593,Que Deus nunca a abandone ministra!,nao_ofensivo,hatebr
hatebr_4594,Gente do Céu... Meu Deus... Quem escreveu isso?,nao_ofensivo,hatebr
hatebr_4595,"Essa ministra eu tiro meu chapéu, ela é demais...",nao_ofensivo,hatebr
hatebr_4596,Não ficarão impunes a mão de Deus pesará sobre eles!,nao_ofensivo,hatebr
hatebr_4597,"Eu apoio a Ministra Damares, ela me representa!",nao_ofensivo,hatebr
hatebr_4598,"Você é superior, querida Damares!",nao_ofensivo,hatebr
hatebr_4599,Que Deus a abençoe ministra e lhe dê forças pra continuar fazendo o seu excelente trabalho frente ao ministério.,nao_ofensivo,hatebr
hatebr_4600,"Nossa ministra é o máximo! Amamos ela, mandamos nossa força carinhosa pra ela! 💞",nao_ofensivo,hatebr
hatebr_4601,Esse não é escritor! Merece um processo. Chega dá mal estar 🤢,nao_ofensivo,hatebr
hatebr_4602,Qual o nome do jornalista? A carta capital e ele tem Instagram? Vamos lá deixar um comentário do nível deles? 😉,nao_ofensivo,hatebr
hatebr_4603,Estamos Com vc Ministra Damares 💖,nao_ofensivo,hatebr
hatebr_4604,"Ministra @damaresalvesoficial1 , ninguém atira pedras em árvores que não dão frutos. O que mais incomoda o ímpio é a retidão de seus passos. 🍃 Fique com Deus 🙏",nao_ofensivo,hatebr
hatebr_4605,Damaris me representa 🇧🇷,nao_ofensivo,hatebr
hatebr_4606,Ótima ministra e tem o meu Respeito não deixe pessoas fazias de amor e cheias de inveja e rancor te fazer mal. Estamos com vc MINISTRA DAMARES,nao_ofensivo,hatebr
hatebr_4607,"Parabéns ministra Damares ,Estamos juntas ,Deus e pai",nao_ofensivo,hatebr
hatebr_4608,"Ministra, aceite minha total solidariedade!",nao_ofensivo,hatebr
hatebr_4609,Amo essa autêntica Ministra.,nao_ofensivo,hatebr
hatebr_4610,Vc tá fazendo a diferença no nosso País #SomosTodosDamares,nao_ofensivo,hatebr
hatebr_4611,😢😢😢😢😢 essa mulher foi escolhida de milhares e milhares e Deus tara sabedoria a ela assim com deu a Salomão até mais que Salomão para continuar vencedora 👏👏👏👏#temmeurespeito,nao_ofensivo,hatebr
hatebr_4612,#somostodosdamares Força ministra! Vc é testada todos os dias pelo inimigo mas Deus sabe o q você pode aguentar. O Brasil está com vc!,nao_ofensivo,hatebr
hatebr_4613,"Minha querida Ministra, simplesmente obrigada por sua força, coragem é comprometimento. VC É UM ANJO",nao_ofensivo,hatebr
hatebr_4614,"É um absurdo como são atacados os ministros do Presidente Bolsonaro, a ministra Damares Alves não merece ser atacada de maneira tão baixa assim😡",nao_ofensivo,hatebr
hatebr_4615,Não saia do governo...não saia...força ministra...nossas orações estão sobre a sua vida...Deus te fortalecerá...fique firme.,nao_ofensivo,hatebr
hatebr_4616,@cidacardoso.os que triste isso amiga olha,nao_ofensivo,hatebr
hatebr_4617,@quebrandootabu isto pra vcs não é violência contra a mulher? Pq não compartilham este vídeo em sua página que defende tanto os direitos da mulher? Ela não merece só por ser ministra e fazer parte do governo que vcs odeiam?,nao_ofensivo,hatebr
hatebr_4618,"@quebrandootabu quero ver vcs se manifestarem sobre isto, vcs são os maiores defensores das mulheres que sofrem violência.",nao_ofensivo,hatebr
hatebr_4619,"Que absurdo fizeram com ela,o Brasil precisa de você,e está fazendo um ótimo trabalho,indo atrás de pedófilos que estupram até bebês.",nao_ofensivo,hatebr
hatebr_4620,Ministra do meu coração ❤️🇧🇷,nao_ofensivo,hatebr
hatebr_4621,Aplausos para está ministra! 👏👏👏,nao_ofensivo,hatebr
hatebr_4622,Damares será exemplo para muitos!!!!,nao_ofensivo,hatebr
hatebr_4623,"Erga sua cabeça, estamos com vossa excelência nesta luta.",nao_ofensivo,hatebr
hatebr_4624,"Parabéns, ministra!👍👍👍👍👍❤️❤️❤️❤️❤️❤️🇧🇷🇧🇷🇧🇷🇧🇷🌷🌷🌷🌷🌷",nao_ofensivo,hatebr
hatebr_4625,Que maravilha! Deixou no vácuo...o silêncio é uma arma poderosa!❤️😍,nao_ofensivo,hatebr
hatebr_4626,Estamos juntas senhora ministra Damares!🙏🙏🙏🌹🌹,nao_ofensivo,hatebr
hatebr_4627,Essa Ministra enfrenta a violência que tb é verbal com mãos de ferro👏👏,nao_ofensivo,hatebr
hatebr_4628,É visível o quanto a Ministra Damares sofre com perseguições. Que Deus a abençoe e proteja a cada dia.,nao_ofensivo,hatebr
hatebr_4629,Somos todas Damares,nao_ofensivo,hatebr
hatebr_4630,Ministra Damares vc é a melhor!!!!!! Parabéns👏👏👏,nao_ofensivo,hatebr
hatebr_4631,Correto o silencio 🙏💚💛💙🙏 falta de respeito com ser humamo #inveja salmo 51,nao_ofensivo,hatebr
hatebr_4632,"Ministra mais que querida. Que o Bom Deus lhe conceda paciência e energia para seguir nessa luta luminosa, q é o seu trabalho pelas criaturas fragilizadas dessa nação. O mal grassa por aí pq ainda somos seres em ascensão, nessa difícil jornada chamada vida. E os q permanecem na retaguarda por vontade ou preguiça, não suportam vislumbrar a vitória e a luz dos que seguem na frente, e q, humildemente, carregam a chama do amor incondicional q iumina os bons e os últimos. Gratidão é a palavra que define nosso sentimento pela senhora e por sus obras.",nao_ofensivo,hatebr
hatebr_4633,Força Ministra. Estamos com você,nao_ofensivo,hatebr
hatebr_4634,Que Deus possa dar forças a está mulher vitoriosa. #somostodosdamares 💖,nao_ofensivo,hatebr
hatebr_4635,@kennedyanf já vi que vc é muito bom em postar vídeos falando sobre reportagem. Mas vou medir agora o tamanho da sua arrogância ou o tamanho da sua humildade pra reconhecer o motivo do silêncio. Esperando seu argumento.,nao_ofensivo,hatebr
hatebr_4636,A melhor ministra e pessoa humana.,nao_ofensivo,hatebr
hatebr_4637,"A ministra é top , não estão acostumados c mulheres inteligentes 🇧🇷🇧🇷🙏🙏",nao_ofensivo,hatebr
hatebr_4638,Força Ministra!!!! 💪💪💪🙏🙏🙏,nao_ofensivo,hatebr
hatebr_4639,Amamos você ❤️❤️❤️,nao_ofensivo,hatebr
hatebr_4640,Deus es contigo ministra!,nao_ofensivo,hatebr
hatebr_4641,"Que absurdo contra essa mulher,ministra ou nao.",nao_ofensivo,hatebr
hatebr_4642,Não sofre não ministra! Segue os passos do mestre.,nao_ofensivo,hatebr
hatebr_4643,Como sei o que ela esta sentindo. Força Ministra Deus ergueu a senhora para um propósito maior. 💪🇧🇷 #somostodosdamares,nao_ofensivo,hatebr
hatebr_4644,Tua luz incômoda as trevas Ministra👏👏,nao_ofensivo,hatebr
hatebr_4645,"Se fosse o Pabllo Vittar , os lacradores: ""Linda"" , ""Essa mulher nos representa"" , ""Ninguém solta a mão de ninguém"" , ""Viva o Feminismo"". 😂😂😂😂😂😂",nao_ofensivo,hatebr
hatebr_4646,"Difícil acreditar que alguém que se diz humano, repórter, tenha tido a coragem de dizer essas coisas.",nao_ofensivo,hatebr
hatebr_4647,"Força Ministra ... Deus está contigo .... Não se deixe abater por atitudes tão baixa .... Nós,mulheres ,somos fortes e aguentamos o tranco .... Trabalho com vários homens e sou extremamente respeitada, mas sei muito bem como é conviver com homens machistas ... Deus está contigo .…",nao_ofensivo,hatebr
hatebr_4648,"Viva nossa, ministra temos orgulho de ter você como nossa ministra e porque não dizer viva a nossa pastora Damaris Alves grande mulher grande ministra grande pastora orgulho do nosso Brasil orgulho da família brasileira",nao_ofensivo,hatebr
hatebr_4649,Viva o nosso Presidente Bolsonaro 👏🙌👏🙌,nao_ofensivo,hatebr
hatebr_4650,Como alguém pode falar em honra se não sabe o q é isto e nunca teve.,nao_ofensivo,hatebr
hatebr_4651,Brasil: Ame-o ou deixe-o!,nao_ofensivo,hatebr
hatebr_4652,Desistir jamais!! Avante Brasil 🇧🇷🇧🇷🇧🇷🇧🇷🇧🇷,nao_ofensivo,hatebr
hatebr_4653,Verás que o filho teu não foge à luta....,nao_ofensivo,hatebr
hatebr_4654,Melhor Presidente da história do nosso país.👏👏👏👏👏🇧🇷,nao_ofensivo,hatebr
hatebr_4655,Eleição passada foi Livramento! Glórias a Deus!,nao_ofensivo,hatebr
hatebr_4656,O Brasil é maior do que os que querem destruir-los. Brasil acima tudo e Deus acima de todos sempre.,nao_ofensivo,hatebr
hatebr_4657,"Quem está na frente de tudo é Deus, e agindo Deus Quem impedirá!!🙏",nao_ofensivo,hatebr
hatebr_4658,"Brasil acima de TUDO, Deus acima de TODOS 🙌🏼🙏🏻",nao_ofensivo,hatebr
hatebr_4659,"Meu Presidente, Deus lhe abençoe e proteja. 🇧🇷",nao_ofensivo,hatebr
hatebr_4660,Que absurdo esse vídeo,nao_ofensivo,hatebr
hatebr_4661,Estamos contigo Presidente Jair Messias Bolsonaro!,nao_ofensivo,hatebr
hatebr_4662,Minha família apoia o nosso Presidente Bolsonaro,nao_ofensivo,hatebr
hatebr_4663,Para que a caminhada continue os filhos do nosso presidente precisam parar de interferir. Os senhores FILHOS DO PRESIDENTE PRECISAM ATUAR NA ESFERA PARA A QUAL FORAM ELEITOS.🙏🙏,nao_ofensivo,hatebr
hatebr_4664,👏👏bora mudar esse Brasil q amamos,nao_ofensivo,hatebr
hatebr_4665,"DESISTIR JAMAIS, PRESIDENTE!",nao_ofensivo,hatebr
hatebr_4666,Sou Bolsonaro sempre!!!!!🤜🤛,nao_ofensivo,hatebr
hatebr_4667,A caminhada é difícil mas a vitória é certa! Deus no comando ❤️🇧🇷 vc's estão trabalhando certinho! Quanto + eles tentam atrapalhar + o povo está do lado do bem! Deus abençoe grandemente a vida de todos..,nao_ofensivo,hatebr
hatebr_4668,"Se puderem me ajudar meu sonho é ocupar ano que vêem uma das cadeiras, na câmera dos vereadores de São Paulo, quero sair candidato pelo Aliança pelo Brasil, e creio que vamos conseguir chegar neste objetivo, me chamo Cícero Silva, sou gestor de uma pequena imobiliária que fica na Avenida Yervant Kissajikian, 2.763 - Americanópolis, creio que irei conseguir em nome de Jesus me ajudem meus amigos, e Eduardo.... Um forte abraço de seu amigo patriota",nao_ofensivo,hatebr
hatebr_4669,Nobre deputado destaque o STF vai continua mandando em nosso país?,nao_ofensivo,hatebr
hatebr_4670,Arrepiei no final 😍❤️🇧🇷💙💚👏👏👏👏👏👏👏,nao_ofensivo,hatebr
hatebr_4671,👏👏👏🇧🇷🇧🇷🇧🇷Avante Brasil 🇧🇷 Deus abençoe esta nação,nao_ofensivo,hatebr
hatebr_4672,Isto é muito grave! Onde anda as Leis?,nao_ofensivo,hatebr
hatebr_4673,Cada uma viu ninguém merece já chega,nao_ofensivo,hatebr
hatebr_4674,Juntos somos mais fortes avante Brasil,nao_ofensivo,hatebr
hatebr_4675,"🙏 Parabéns abençoado filho de Deus!!! Deus te proteja continuamente! Seja fiel a Deus e Ele cuidará de ti por onde quer que andares!!! Força, coragem e sucesso!!!!",nao_ofensivo,hatebr
hatebr_4676,Tamo junto pra um Brasil melhor👏,nao_ofensivo,hatebr
hatebr_4677,Deus no Comando!!! Estamos orando!!!,nao_ofensivo,hatebr
hatebr_4678,Jesus misericórdia,nao_ofensivo,hatebr
hatebr_4679,"O Senhor Jesus Cristo tem poder, para nos guarda de todo mal. O nosso Brasil e do Senhor Jesus",nao_ofensivo,hatebr
hatebr_4680,🇧🇷🇧🇷 DEUS. No comando,nao_ofensivo,hatebr
hatebr_4681,👏👏 Avante . Brasil acima de tudo e DEUS ACIMA DE TODOS!!!!!!!!!!!,nao_ofensivo,hatebr
hatebr_4682,Lindo fofíssimo......!!!!!,nao_ofensivo,hatebr
hatebr_4683,"Não desista @bolsonarosp e @jairmessiasbolsonaro , o povo de bem, está com vcs!",nao_ofensivo,hatebr
hatebr_4684,Vem quente Lula. O Brasil está fervendo!!!,nao_ofensivo,hatebr
hatebr_4685,Quem vai desistir? POVO BRASILEIRO está com quem tem AMOR À PÁTRIA 😍💪💪💪💪🇧🇷🇧🇷🇧🇷🇧🇷,nao_ofensivo,hatebr
hatebr_4686,Força! Estamos juntos. O povo está do lado do bem!,nao_ofensivo,hatebr
hatebr_4687,Unidos com você Capitão. Avante Brasil nas mãos da Santíssima Virgem Maria🙏,nao_ofensivo,hatebr
hatebr_4688,Meu prezado PRESIDENTE Jair. Tudo nesta vida é com sacrifício e sabemos que apesar dos desencontros de idéias entre alguns parlamentares tudo concorre para o bem . Só uma coisa não deixe de fazer.... De acreditar em Deus e fazer o melhor .... A igreja está em oração pelo Brasil e por seus familiares e principalmente por vc presidente. A igreja ama o Brasil e a democracia brasileira. Abraços 🤗🤗🤗🤗,nao_ofensivo,hatebr
hatebr_4689,"👏👏👏👏 Deus está do nosso lado, com certeza!",nao_ofensivo,hatebr
hatebr_4690,O povo que acredita nesse país está e estará com vcs hoje e sempre.,nao_ofensivo,hatebr
hatebr_4691,"Gente, pelo amor de Deus..",nao_ofensivo,hatebr
hatebr_4692,Estamos precisando do DEPUTADO FLÁVIO BOLSONARO 🇧🇷🇧🇷🇧🇷🇧🇷🇧🇷🇧🇷,nao_ofensivo,hatebr
hatebr_4693,Que vídeo mais lindo 🇧🇷🇧🇷🇧🇷🇧🇷👏🏻👏🏻👏🏻👏🏻👏🏻,nao_ofensivo,hatebr
hatebr_4694,Prestem atenção nesse cara @fernandoconrado .... 🇧🇷🇧🇷🇧🇷 O cara é GIGANTE!,nao_ofensivo,hatebr
hatebr_4695,Desistir nunca!!!,nao_ofensivo,hatebr
hatebr_4696,🙏🙏 Estamos juntos Presidente Deus é a nossa proteção!!!,nao_ofensivo,hatebr
hatebr_4697,As vamos vencer. Confiaremos em Deus e tudo vai dar certo,nao_ofensivo,hatebr
hatebr_4698,🇧🇷🇧🇷mostra tua força BRASIL 🇧🇷🇧🇷JUNTOS SOMOS INVENCÍVEIS 🇧🇷🇧🇷🇧🇷🇧🇷,nao_ofensivo,hatebr
hatebr_4699,Defendo a minha bandeira 💛💚verde e amarelo! !!E o meu Brasil livre.,nao_ofensivo,hatebr
hatebr_4700,Deus proteja e livre o nosso povo e o nosso Brasil de pessoas que querem guerra entre os brasileiros.🙏🙏🙏🙏🙏🙏🙏🙏🙏,nao_ofensivo,hatebr
hatebr_4701,Somos milhões. Somos fortes. 🇧🇷🇧🇷💚💚💚💚Pátria Amada Brasil,nao_ofensivo,hatebr
hatebr_4702,Meu Deus é uma guerra entre o bem e o mal! Vem logo senhor Jesus!! Que Deus abencoe a vida do nosso presidente Bolsonaro e sua familia! Deus tenha misericórdia do nosso Brasil e nos livre desse mal.,nao_ofensivo,hatebr
hatebr_4703,Que Deus abençoe a nossa nação. 💛🇧🇷💚,nao_ofensivo,hatebr
hatebr_4704,Força Bolsonaro!,nao_ofensivo,hatebr
hatebr_4705,Só orgulho do presidente 💙🇧🇷💚,nao_ofensivo,hatebr
hatebr_4706,Avante meu Presidente e Capitão #BOLSONARO🇧🇷🇧🇷🇧🇷🇧🇷🇧🇷🇧🇷🇧🇷🇧🇷🇧🇷🇧🇷🇧🇷🇧🇷,nao_ofensivo,hatebr
hatebr_4707,"Não cai nenhuma folha sem que Deus não queira, tudo esta nas mãos Dele, então a nossa arma é continuar orando pela a nossa nação, e deixar Ele agir.",nao_ofensivo,hatebr
hatebr_4708,Cara que show esse vídeo!!! 🇧🇷🇧🇷🇧🇷🇧🇷,nao_ofensivo,hatebr
hatebr_4709,🇧🇷🇧🇷🇧🇷🇧🇷🇧🇷 jamais desistir,nao_ofensivo,hatebr
hatebr_4710,Bolsonaro chegou na hora certa para livrar o Brasil da situação crítica que estava.👏🇧🇷 e segue a mudança! 🇧🇷,nao_ofensivo,hatebr
hatebr_4711,Aqui é família Bolsonaro,nao_ofensivo,hatebr
hatebr_4712,🙏Que a igreja Brasileira possa clamar pelo Brasil 🇧🇷,nao_ofensivo,hatebr
hatebr_4713,Deus está frente do nosso JAIR,nao_ofensivo,hatebr
hatebr_4714,Nossa não gosto nem de escutar isso,nao_ofensivo,hatebr
hatebr_4715,E quando os obstáculos estão dentro de casa? 🤣,nao_ofensivo,hatebr
hatebr_4716,Nunca desista de um sonho; ainda mais se também for o sonho do povo brasileiro,nao_ofensivo,hatebr
hatebr_4717,Parabéns e obrigada por ter resistido e construído esse caminho para todas nós 🙌❤️👏🔥,nao_ofensivo,hatebr
hatebr_4718,Estamos juntos nessa luta 👏👏👏👏🇧🇷🇧🇷,nao_ofensivo,hatebr
hatebr_4719,Lutar sempre pela ordem e a dignidade de nosso país,nao_ofensivo,hatebr
hatebr_4720,Sigamos em frente! Jamais desistiremos!,nao_ofensivo,hatebr
hatebr_4721,Muito triste tudo isso.,nao_ofensivo,hatebr
hatebr_4722,🇧🇷🇧🇷🇧🇷🇧🇷🇧🇷Brasil acima de tudo e DEUS acima de todos,nao_ofensivo,hatebr
hatebr_4723,Lula livre povo na rua a favor de uma sociedade justa estamos com Lula.,nao_ofensivo,hatebr
hatebr_4724,Não PODEMOS desistir 🇧🇷😎,nao_ofensivo,hatebr
hatebr_4725,Jamais será!!!!! Deus abençoe sempre o nosso país! 🇧🇷,nao_ofensivo,hatebr
hatebr_4726,"Sabíamos q mudanças requer concordância de todos brasileiros, mas não sabíamos que no nosso país ainda tinha brasileiros q não são brasileiros; ... São pessoas que torcem contra o Brasil.",nao_ofensivo,hatebr
hatebr_4727,Meu presidente e Bolsonaro. Apoio vcs SEMPREEE💚💚💚👏👏,nao_ofensivo,hatebr
hatebr_4728,"🇧🇷🇧🇷🇧🇷🇧🇷Deus no comando, dirigindo as mãos e a cabeça dos homens de ética e poder para agir em nosso País!!! #somostodasbolsonaro",nao_ofensivo,hatebr
hatebr_4729,Deus é maior 🇧🇷 estou com presidente bolsonario🙌🙌🙌🙌🙌,nao_ofensivo,hatebr
hatebr_4730,SENSACIONAL!!!! 💪🇧🇷 Domingo estaremos na rua!!!,nao_ofensivo,hatebr
hatebr_4731,"Somos a maioria, graças a Deus!!! 👏👏👏👏😍😍😍😍",nao_ofensivo,hatebr
hatebr_4732,"Quando alguém fala que é cristão, crispa até o cabelo da orelha.",nao_ofensivo,hatebr
hatebr_4733,Eleito por cristãos.,nao_ofensivo,hatebr
hatebr_4734,Deus e seus generais! Igreja cumprindo seu papel!,nao_ofensivo,hatebr
hatebr_4735,Palavras de um líder religioso... que prega os valores cristãos.... ?!?! 😓,nao_ofensivo,hatebr
hatebr_4736,O que quer dizer “PASTOR”?! Isso daí se diz “pastor” e afirma que é cristão!!! 😳,nao_ofensivo,hatebr
hatebr_4737,"Esse senhor costuma vir em uma igreja próxima a minha residência, aceito sugestão para confecionar cartazes de repúdio a respeito desta declaração, para protesto em frente a igreja.",nao_ofensivo,hatebr
hatebr_4738,Eis o homem de bem. 😏,nao_ofensivo,hatebr
hatebr_4739,"Cidadão de bem, cristão.",nao_ofensivo,hatebr
hatebr_4740,Amor cristão.,nao_ofensivo,hatebr
hatebr_4741,Gente em que mundo estamos... Como um cara que é pastor pede as pessoas para atacar alguém?,nao_ofensivo,hatebr
hatebr_4742,A paz do senhor!!!! Amém????,nao_ofensivo,hatebr
hatebr_4743,Os limites se foram há muito tempo :(,nao_ofensivo,hatebr
hatebr_4744,"Imagino que o Senhor Jesus esteja decepcionado com certos cristãos, que professam serem homens de Deus",nao_ofensivo,hatebr
hatebr_4745,Aquele que se diz “Cristão de bem”,nao_ofensivo,hatebr
hatebr_4746,Tenho medo desse povo que usa a palavra de Deus para justificar seus atos,nao_ofensivo,hatebr
hatebr_4747,Deve ser porque Jesus mandou...,nao_ofensivo,hatebr
hatebr_4748,"Claramente uma pessoa com ""Deus no coração """,nao_ofensivo,hatebr
hatebr_4749,"Mais um ""Cidadão de bem""",nao_ofensivo,hatebr
hatebr_4750,Estas são as pessoas de bem deste país,nao_ofensivo,hatebr
hatebr_4751,Triste realidade do brasil,nao_ofensivo,hatebr
hatebr_4752,Saber que um dia já ouvi pregação desse irmão e me senti abençoado. Agr prega e vive nesse odio,nao_ofensivo,hatebr
hatebr_4753,Afinal isso é crime ou não é????,nao_ofensivo,hatebr
hatebr_4754,"É cidadão de bem que chama, né?",nao_ofensivo,hatebr
hatebr_4755,"Que pessoa religiosa, que coração bom. 🤔",nao_ofensivo,hatebr
hatebr_4756,O mesmo que defem a família tradicional!!🤮🤮,nao_ofensivo,hatebr
hatebr_4757,"Amém Jesus, isso que a palavra do Deus dessas pessoas prega",nao_ofensivo,hatebr
hatebr_4758,E Isso tudo em nome de Jesus 🤦‍♀️,nao_ofensivo,hatebr
hatebr_4759,Meu Deus!!! É isso o homem do bem? Misericórdia,nao_ofensivo,hatebr
hatebr_4760,"Infelizmente, eh assim que vejo o atual “cristão”!",nao_ofensivo,hatebr
hatebr_4761,Esse cara o futuro presidente do país.,nao_ofensivo,hatebr
hatebr_4762,Grande liderança que surge com muita força em nosso país Haddad intelectualmente mais preparado e moralmente também mas a maioria preferiu um medíocre pena .,nao_ofensivo,hatebr
hatebr_4763,Parabéns...muita honra ter um quadro ao lado do mestre PAulo Freire👏👏👏,nao_ofensivo,hatebr
hatebr_4764,Haddad: sabedoria e dignidade!,nao_ofensivo,hatebr
hatebr_4765,Futuro presidente em 2022 Fernando haddad,nao_ofensivo,hatebr
hatebr_4766,Meu presidente( gato) 👊👊👊👊👏👏👏👏👏,nao_ofensivo,hatebr
hatebr_4767,Maravilhoso! Nosso futuro presidente!!!,nao_ofensivo,hatebr
hatebr_4768,Orgulho de ter votado em você❤️,nao_ofensivo,hatebr
hatebr_4769,"Mestre eu sou seu fã, votei e sempre votarei no Sr.👍",nao_ofensivo,hatebr
hatebr_4770,Sim ao professor sempre😍,nao_ofensivo,hatebr
hatebr_4771,Que orgulho de ter votado em Fernando Haddad em 2018. Um dia direi isso ao meu neto.,nao_ofensivo,hatebr
hatebr_4772,"Sabe, vc é perfeito",nao_ofensivo,hatebr
hatebr_4773,"Parabéns, Prof. Fernando. Parabéns às educadoras e aos educadores do Brasil, incansáveis no ofício de ensinar.",nao_ofensivo,hatebr
hatebr_4774,"Haddad, admiração por você!",nao_ofensivo,hatebr
hatebr_4775,Meus ídolos juntos.❤️❤️❤️❤️❤️❤️,nao_ofensivo,hatebr
hatebr_4776,Maravilhoso um lorde👏👏👏,nao_ofensivo,hatebr
hatebr_4777,Lindos como sempre!!!!,nao_ofensivo,hatebr
hatebr_4778,😍 Professores maravilhosos !!! 😍,nao_ofensivo,hatebr
hatebr_4779,"@fernandohaddadoficial que foto!! Todos os dias que entro no Campus do IFBA Porto Seguro, passo pela placa com os nomes do @lulaoficial e o seu, sorrio de alegria e gratidão por estar finalmente cursando o ensino superior... Saudades de quando vc era nosso Ministro da Educação. Gratidão. 💙✊",nao_ofensivo,hatebr
hatebr_4780,Grande Haddad! Tenho muita admiração por ele. Hoje teriamos um presidente que não faria diferença entre as pessoas.,nao_ofensivo,hatebr
hatebr_4781,"Aí Haddad, o que você acha do rascismo?",nao_ofensivo,hatebr
hatebr_4782,"A respeito de seu pronunciamento, acho perfeito para o futuro porém ESSENCIAL para o presente.",nao_ofensivo,hatebr
hatebr_4783,Agora estou feliz!,nao_ofensivo,hatebr
hatebr_4784,@fernandohaddadoficial seu retrato ao lado de Paulo Freire é uma honra mais que merecida! Grande ministro! Quem entrou na universidade nesta época sentiu na pele a diferença. Abraço!,nao_ofensivo,hatebr
hatebr_4785,Próximo presidente da República ❤️,nao_ofensivo,hatebr
hatebr_4786,"💙💙💙💙 meu presidente , pena que não ganhou💙💋",nao_ofensivo,hatebr
hatebr_4787,😍😍😍😍 beijos em vc e na Stella.,nao_ofensivo,hatebr
hatebr_4788,🐱 🐺Sempre gato. 🐈🦊,nao_ofensivo,hatebr
hatebr_4789,Yay! Claro e do lado do Paulo Freire. Perfeito 👍,nao_ofensivo,hatebr
hatebr_4790,Foto massa 😍👏👏👏,nao_ofensivo,hatebr
hatebr_4791,"Quantos likes pudesse dar nessa foto, eu daria! ❤️❤️❤️❤️❤️❤️",nao_ofensivo,hatebr
hatebr_4792,👏👏👏👏 os melhores ! 😍😘,nao_ofensivo,hatebr
hatebr_4793,"Em ótima companhia, professor.",nao_ofensivo,hatebr
hatebr_4794,Educadores que amo 😍,nao_ofensivo,hatebr
hatebr_4795,Que top do lado do Paulo Freire 😍,nao_ofensivo,hatebr
hatebr_4796,Educação e Cultura eternamente presentes em nossa evolução. 🏆👏👏👏🇧🇷,nao_ofensivo,hatebr
hatebr_4797,"Eu votei nesse gato, mas infelizmente o cão ganhou...",nao_ofensivo,hatebr
hatebr_4798,Professor para presidente 👏👏👏,nao_ofensivo,hatebr
hatebr_4799,"eu não entendo como consegue ser tão gato e, ainda por cima, inteligente. 😍",nao_ofensivo,hatebr
hatebr_4800,Amigaaaa vc arrasa @morgadoisa,nao_ofensivo,hatebr
hatebr_4801,Gostoso te amo,nao_ofensivo,hatebr
hatebr_4802,"Que dupla, senhoras e senhores!!!! Amo muito!!!!",nao_ofensivo,hatebr
hatebr_4803,"Eita, agora o meu coração pegou fogo 💟🔥",nao_ofensivo,hatebr
hatebr_4804,Princeso demais 😍,nao_ofensivo,hatebr
hatebr_4805,Meu futuro presidente ❤❤❤❤🍷parabéns professor,nao_ofensivo,hatebr
hatebr_4806,Boa noite meu amigo fica com Deus de lenbarsa a meu querido amigo lula liver deus abençoe a todos vocês,nao_ofensivo,hatebr
hatebr_4807,coisa mais linda da minha vidaaaa🌷🌷🌷,nao_ofensivo,hatebr
hatebr_4808,"Haddad vc é a minha opção de voto até pra rei do planeta! Se todos tivessem um terço das qualificações, educacao e empatia que vc tem, estaríamos no paraíso político...",nao_ofensivo,hatebr
hatebr_4809,👏👏Que lindo! Haddad para presidente do Brasil!,nao_ofensivo,hatebr
hatebr_4810,Eu amo haddad,nao_ofensivo,hatebr
hatebr_4811,Tão maravilhoso ❤️❤️❤️❤️meu professor preferido,nao_ofensivo,hatebr
hatebr_4812,Merecimento se diz? Que oportunidade o Brasil perdeu.. uma agenda com Haddad era produtiva na educação. 💪,nao_ofensivo,hatebr
hatebr_4813,Esta foto é demais. Dois grandes mestres .❤️❤️❤️❤️👏👏👏,nao_ofensivo,hatebr
hatebr_4814,👏👏👏👏👏👏👏Melhor ministro da Educação que esse país já teve Fernando Haddad 🎓📚📒📘,nao_ofensivo,hatebr
hatebr_4815,👏👏👏🏻👏 o senhor merece,nao_ofensivo,hatebr
hatebr_4816,Viva a imortalidade!,nao_ofensivo,hatebr
hatebr_4817,Amo você! Meu Presidente! ❤️,nao_ofensivo,hatebr
hatebr_4818,Eu acredito!❤️,nao_ofensivo,hatebr
hatebr_4819,Homem forte honesto competente Meu Orgulho do Bem Meu Maestro nosso Regente de luz com os meus 75 anos lhe digi6 Deus te Abençoe e Vai em frente...,nao_ofensivo,hatebr
hatebr_4820,Escreveu racismo errado? Kkkk. Professor geração Paulo Freire,nao_ofensivo,hatebr
hatebr_4821,E o trabalho professor Andrade ?,nao_ofensivo,hatebr
hatebr_4822,"Cara, um presidente desses!❤️🙌",nao_ofensivo,hatebr
hatebr_4823,Muito bom acompanhado!,nao_ofensivo,hatebr
hatebr_4824,Tranquilão lindezo do coração ☺️,nao_ofensivo,hatebr
hatebr_4825,Sei quê seria um ótimo presidente votei pra você e não me arrependo se entra de novo votarei outra vez 👏👏👏👏,nao_ofensivo,hatebr
hatebr_4826,"@brihnog, esses professores são incríveis mesmo❤️",nao_ofensivo,hatebr
hatebr_4827,Parabéns Fernando ! UP sempre para a educação!,nao_ofensivo,hatebr
hatebr_4828,Todos dos lindos professores,nao_ofensivo,hatebr
hatebr_4829,"🤝 Tô só na espera de votar no Haddad presidente outra vez, eu e meu nordeste, meu Maranhão.🤝",nao_ofensivo,hatebr
hatebr_4830,Lindão demais,nao_ofensivo,hatebr
hatebr_4831,Foi esse boy que o Brasil perdeu 😔,nao_ofensivo,hatebr
hatebr_4832,Grande Homem sábio herói,nao_ofensivo,hatebr
hatebr_4833,vc é lindo viu,nao_ofensivo,hatebr
hatebr_4834,❤️❤️❤️❤️❤️❤️❤️❤️ quanto amoor numa foto so,nao_ofensivo,hatebr
hatebr_4835,Meu futuro presidente 👏👏👏👏😍😍,nao_ofensivo,hatebr
hatebr_4836,"Sou um pouquinho mais velha que você (2 anos) e sua trajetória sempre me inspirou profundamente. Fui funcionária pública muitos anos, com um idealismo enorme de melhorar nosso país. Era sempre um alento nos momentos difíceis lembrar que você também estava na vida pública e eu não estava sozinha ❤️",nao_ofensivo,hatebr
hatebr_4837,"Engraçado... ontem li a nota a apresentação que escreveu, para a coleção educadores MEC, quando era ministro da educação. O exemplar em questão é sobre Paulo Freire. Também li algo, não me lembro exatamente onde, que escreveu sobre Freire. Agora vejo essa foto. ♥️ Isso só reforça meu ânimo de continuar minha dissertação sobre a Pedagogia Freireana.",nao_ofensivo,hatebr
hatebr_4838,Dois professores maravilhosos,nao_ofensivo,hatebr
hatebr_4839,Eita homem lindo! Por mim era nosso presidente!,nao_ofensivo,hatebr
hatebr_4840,Aí que tudooooooooo 👏👏👏,nao_ofensivo,hatebr
hatebr_4841,Que imagem linda!!!!!❤️😍,nao_ofensivo,hatebr
hatebr_4842,Vc & paulo freire ❤@fernandohaddadoficial,nao_ofensivo,hatebr
hatebr_4843,Coisa linda!!!!!,nao_ofensivo,hatebr
hatebr_4844,Que honra hein,nao_ofensivo,hatebr
hatebr_4845,Meus heróis da educação!❤️,nao_ofensivo,hatebr
hatebr_4846,Logo logo vcs serão passado.👎👎,nao_ofensivo,hatebr
hatebr_4847,Eu acredito na educação❤️❤️,nao_ofensivo,hatebr
hatebr_4848,Deus te abençoe meu Presidente Haddad! 👏👏👏👏👏👏,nao_ofensivo,hatebr
hatebr_4849,Meu Presidente Favorito!!! 💖💖💖,nao_ofensivo,hatebr
hatebr_4850,Amigo só esqueceu de focar,nao_ofensivo,hatebr
hatebr_4851,"Ai ai bate bate coração ,gatão 😍❤️",nao_ofensivo,hatebr
hatebr_4852,Estamos juntos Haddad 👏👏👏,nao_ofensivo,hatebr
hatebr_4853,Você me representa Fernando!!!!,nao_ofensivo,hatebr
hatebr_4854,Que lindo! Representatividade imensa da educação.,nao_ofensivo,hatebr
hatebr_4855,Eternas SAUDDADS,nao_ofensivo,hatebr
hatebr_4856,Um educador desses Brasil 🙌🏼,nao_ofensivo,hatebr
hatebr_4857,O meu Patrono e o meu Presidente! ❤,nao_ofensivo,hatebr
hatebr_4858,Vocês se parecem muito 😇❤️👏👏👏,nao_ofensivo,hatebr
hatebr_4859,Lula livre homem voto no Lula,nao_ofensivo,hatebr
hatebr_4860,Grande homem! Educador poderia ter sido nosso presidente!,nao_ofensivo,hatebr
hatebr_4861,"dois grandes educadores! parabéns, presidente! ❤️",nao_ofensivo,hatebr
hatebr_4862,Educação para todos!,nao_ofensivo,hatebr
hatebr_4863,Melhor ministro da educação! 😍,nao_ofensivo,hatebr
hatebr_4864,Que demais. Do lado de Paulo Freire. Que honra! ❤️,nao_ofensivo,hatebr
hatebr_4865,👏👏👏esse é o Presidente que o Brasil precisa!!!,nao_ofensivo,hatebr
hatebr_4866,Meu presidente lindo!!!,nao_ofensivo,hatebr
hatebr_4867,Me diga com quem tu andas e direi quem tu és! 🇧🇷,nao_ofensivo,hatebr
hatebr_4868,Meu presidente sempre elegante.,nao_ofensivo,hatebr
hatebr_4869,O foco até tremeu com tanta beleza 😍,nao_ofensivo,hatebr
hatebr_4870,"Não é possível que vai sair p prefeito , queremos vc presidente !",nao_ofensivo,hatebr
hatebr_4871,Que lindas bandeirasss 💖😍😍,nao_ofensivo,hatebr
hatebr_4872,Cheio de Moral ao Lado do companheiro Paulo Freire,nao_ofensivo,hatebr
hatebr_4873,SEMPRE... charmoso! ❤️💥💥🌟,nao_ofensivo,hatebr
hatebr_4874,Dois verdadeiros homens de bem. 👏👏❤️❤️😘🌺,nao_ofensivo,hatebr
hatebr_4875,Dois lindos na parede😍,nao_ofensivo,hatebr
hatebr_4876,Nosso futuro Presidente da República #presidente2022,nao_ofensivo,hatebr
hatebr_4877,Você é o presidente que eu gostaria de ter!,nao_ofensivo,hatebr
hatebr_4878,Se eu pudesse curtia até 2090! Aaah que lindo❤️,nao_ofensivo,hatebr
hatebr_4879,Lindo perfeito dono do Brasil,nao_ofensivo,hatebr
hatebr_4880,Dois ícones da educação brasileira. ❤️,nao_ofensivo,hatebr
hatebr_4881,Oh lindeza da vida 😍😍😍😍,nao_ofensivo,hatebr
hatebr_4882,Importante é oportuna homenagem ao mestre de sempre. Paulo Freire vive!!!,nao_ofensivo,hatebr
hatebr_4883,Haddaddy te amo @fernandohaddadoficial vai na UNIFESP de Guarulhos bandejar com a gente e ver o ensaio da @bateriamalaguetta,nao_ofensivo,hatebr
hatebr_4884,"Quanta intelectualidade, cultura e inteligência em uma única imagem. 🤗❤️",nao_ofensivo,hatebr
hatebr_4885,"Como podem ter feito o maior erro histórico da história do Brasil... é de chorar...Haddad ainda será nosso presidente,tenho esperança!",nao_ofensivo,hatebr
hatebr_4886,Você merece. Nós merecemos você! Volta!💕❤️,nao_ofensivo,hatebr
hatebr_4887,E eu perdi a minha chance de self 😢😢😢,nao_ofensivo,hatebr
hatebr_4888,Vc é o presidente que este país merece!👏💚,nao_ofensivo,hatebr
hatebr_4889,Grande - Fernando Haddad - pegou educação do Brasil na 36^ posição e deixou na 138^ posição - diz que construiu tantas universidades.,nao_ofensivo,hatebr
hatebr_4890,Que homenagem Haddad e Paulo Freire 😍,nao_ofensivo,hatebr
hatebr_4891,Viva Freire!!!!,nao_ofensivo,hatebr
hatebr_4892,Viva Paulo Freire! Viva a educacão,nao_ofensivo,hatebr
hatebr_4893,Haddad vc é 10.💙💙💙💙💙,nao_ofensivo,hatebr
hatebr_4894,👏👏👏Todo respeito à Paulo Freire 👏👏👏👏👏,nao_ofensivo,hatebr
hatebr_4895,Que foto lindaaaaa!!,nao_ofensivo,hatebr
hatebr_4896,Deus abençoe Haddad 🙏,nao_ofensivo,hatebr
hatebr_4897,Saudade daquilo que o Brasil não viveu ainda!! Eu votei no Professor e votarei de novo!!! #fascismonão #elenão #haddadsim,nao_ofensivo,hatebr
hatebr_4898,"Foto pesada, professor!",nao_ofensivo,hatebr
hatebr_4899,"Gatooo, faltou a Ana Estela na foto!! Referência de casal❤❤❤",nao_ofensivo,hatebr
hatebr_4900,"@fernandohaddadoficial um dos nossos poucos ""guardiões"" ❤️",nao_ofensivo,hatebr
hatebr_4901,Haudad até hoje a ficha não caiu 😓😓😢,nao_ofensivo,hatebr
hatebr_4902,A educação ainda vai mudar este país!,nao_ofensivo,hatebr
hatebr_4903,"Quem quer muito acaba sem nada, é melhor se dedicar a um só objetivo, do que muitas posições...o final é sempre ⛔ nada mais THE END",nao_ofensivo,hatebr
hatebr_4904,Lula ainda ganha... ele nem tomou posse.,nao_ofensivo,hatebr
hatebr_4905,Admirava a Joice mas....... meu Deus!🤦‍♀️🤦‍♀️🤦‍♀️🤦‍♀️,nao_ofensivo,hatebr
hatebr_4906,@carla.zambelli vc deve mostrar o que acontece por traz dos bastidores mas chega de provocação. Te seguimos pra ver o trabalho realizado. Cada um colhe o que planta. Bora focar no que é importante. É muita energia desperdiçada.🌺,nao_ofensivo,hatebr
hatebr_4907,Joise lamento eu te achava uma mulher de fibra e gostava da tua atualização no Governo Bolsonaro mais você quis dar um passo mais longo que a perna e traiu o Presidente agora creio que acabou não Tem volta lamento pois eu gostava do teu trabalho era só alegria,nao_ofensivo,hatebr
hatebr_4908,"O Brasil precisa URGENTE de pessoas sérias e comprometidas com o bem para a população brasileira. Vamos nos concentrar em assuntos mais importantes, do que firulas de poder e grana dentro do próprio partido. Quem NAO TEM SABEDORIA pra conduzir um partido político com discernimento e sabedoria , NAO TEM CONDICOES de conduzir algo MAIOR.",nao_ofensivo,hatebr
hatebr_4909,"Sou seu fã mas vamos postar os FEITOS e CONQUISTAS. Os opositores, sem combustível, cansam.",nao_ofensivo,hatebr
hatebr_4910,É Joice... infelizmente votei em vc.,nao_ofensivo,hatebr
hatebr_4911,Não gostei da comparação @carla.zambelli ....vc não precisa disso não...vou deixar de seguir por uns tempos,nao_ofensivo,hatebr
hatebr_4912,@carla.zambelli por que você não se desliga do PSL já que os ânimos estão a flor da pele por lá,nao_ofensivo,hatebr
hatebr_4913,😂😂😂😂😂😂😂 agora eu fiquei confuso kkkkkkkkkkkkkkkk,nao_ofensivo,hatebr
hatebr_4914,Que fase chegamos ...😢,nao_ofensivo,hatebr
hatebr_4915,Ri tanto e nem sei responder porque foi um piscar de olhos 🤣🤣🤣🤣🤣🤣🤣🤣🤣🤣🤣🤣🤣🤣🤣🤣🤣👏👏👏,nao_ofensivo,hatebr
hatebr_4916,Rindo muito 😂😂😂😂😂😂😂😂😂,nao_ofensivo,hatebr
hatebr_4917,Isso não tem fim 🤦‍♀️,nao_ofensivo,hatebr
hatebr_4918,E como fica ? Ela tem esse direito ?,nao_ofensivo,hatebr
hatebr_4919,Foi a Miss Universo edição 2015!,nao_ofensivo,hatebr
hatebr_4920,"Joice tem lutado bravamente para aprovação de projeto de prisão em segunda instância e contra o aumento do fundo eleitoral, coisa que nenhum Bolsonaro tem feito. Sou mais Joice.",nao_ofensivo,hatebr
hatebr_4921,Tem que mostrar mesmo TUDO que ocorre no partido no qual nós elegemos os participantes.,nao_ofensivo,hatebr
hatebr_4922,Carla té desejo muita saúde para aquentar . Mais uma coisa é certo. DEUS está nó controle.,nao_ofensivo,hatebr
hatebr_4923,"Entendo sua indignação e revolta mas essa aí não merece sequer q a mencionemos, ignore-a, dê o q mais a machuca...o desprezo.",nao_ofensivo,hatebr
hatebr_4924,O Brasil só vai evoluir no dia em que a população der sim a monarquia. Não entendo como em pleno século XXI têm pessoas que acreditam que na monarquia não existe democracia.,nao_ofensivo,hatebr
hatebr_4925,Acredito que se cada um concentrar o tempo disponível em outras causas e esquecer Bi,nao_ofensivo,hatebr
hatebr_4926,Ela só tá colhendo o que plantou👻👻👻,nao_ofensivo,hatebr
hatebr_4927,Não entendi? A Joyce já caiu? Durou só 24 horas líder?🤔🤔🤔🤔🤔🤔🤔,nao_ofensivo,hatebr
hatebr_4928,"ué @carla.zambelli , nera pra parar de falar e dar hibope pra essa daí?? você nos pediu isso e agira ta aí, fazendo o que ela quer .",nao_ofensivo,hatebr
hatebr_4929,"@carla.zambelli Acho lamentável essa briga entre vcs, num momento em que deveriam estar de braços dados pe Brasil. 😔",nao_ofensivo,hatebr
hatebr_4930,"Meu amigo.. política não é pra fracos não... Meu amigo é muita treta. Também, enquanto os salários forem altos terá até mortes, como tem. Era pra ser salário de professor isso aí",nao_ofensivo,hatebr
hatebr_4931,"Rapaziada , quem aguenta provocações pessoalmente , a semana toda , pessoalmente e em redes sociais é a Carla! Sendo assim, quem tá sentindo na pele é ela. Apesar deste tipo de postagem, nunca perdeu o foco no q importa e nunca deixou de trabalhar. Então relaxem.... Quando ela achar q já deu, ela para! Abraços a todos.",nao_ofensivo,hatebr
hatebr_4932,"@carla.zambelli , acho que quem durou menos foi Wellington Lima e Silva, vulgo Wellington o Breve, como Ministro da Justiça de Dilma, indicado pelo galego mor Jaques Wagner",nao_ofensivo,hatebr
hatebr_4933,Caracas!!! As pessoas gostando dessas briguinhas ridículas quando o país está cheio de problemas para serem resolvidos. Misericórdia!,nao_ofensivo,hatebr
hatebr_4934,"Avante Brasil...políticos que não querem com CERTEZA deixaremos no arquivo morto, digamos. Carla estamos com vc e outros com o mesmo foco.❤😘",nao_ofensivo,hatebr
hatebr_4935,"Por um lado eu acho desnecessário ficar um atacando o outro, MAS por outro lado acho necessário, pois SÓ assim ficamos sabendo o que a passa nos """" bastidores """".",nao_ofensivo,hatebr
hatebr_4936,A briga de vcs so enfraquece o governo,nao_ofensivo,hatebr
hatebr_4937,"A lei do retorno, não falha. Aqui se faz aqui de paga",nao_ofensivo,hatebr
hatebr_4938,Lamentável tudo isso. Se a vontade é servir o País e mudar a realidade do povo.,nao_ofensivo,hatebr
hatebr_4939,"Noh coisa feia duas deputadas do mesmo partido , com essas brigas sem fundamento.",nao_ofensivo,hatebr
hatebr_4940,"Desculpe, mas acho lamentável e infantil... não espero isso de parlamentares a quem confiei e dei a voz para nos defender.",nao_ofensivo,hatebr
hatebr_4941,"Gente, precisamos de unidade!!!!🙌🙌🙌🙌🙌🙌🙌 A Carla é importante, a Joyce é importante, todos são! Nosso objetivo deve ser trabalhar pelo Brasil🙌🙌🙌🙌🙌",nao_ofensivo,hatebr
hatebr_4942,Mundo da voltas 🌍,nao_ofensivo,hatebr
hatebr_4943,Deputada porque tanta ira da Joice?,nao_ofensivo,hatebr
hatebr_4944,Essa deputada tem que ser contida por alguém.,nao_ofensivo,hatebr
hatebr_4945,Se unem a favor do Brasil... vê se a esquerda fica um contra o outro. Eles se unem... pense nisso,nao_ofensivo,hatebr
hatebr_4946,Foi tudo em um piscar de olhos.,nao_ofensivo,hatebr
hatebr_4947,Quem planta um dia colhe.....que sirva de lição. Se é que vai servir mesmo.,nao_ofensivo,hatebr
hatebr_4948,Orgulho precede a queda. A humildade é a antessala do sucesso. O inteligente erra para aprender enquanto que o sábio aprende observando os erros alheios.,nao_ofensivo,hatebr
hatebr_4949,Estão dando muita atenção a essa deputada de mandato único.,nao_ofensivo,hatebr
hatebr_4950,Vamos nos unir.,nao_ofensivo,hatebr
hatebr_4951,"Seja como for, continue trabalhando e o resto vai se resolvendo sem disputas.",nao_ofensivo,hatebr
hatebr_4952,"😂😂😂 o que fazemos, recebemos! Seja o que for.",nao_ofensivo,hatebr
hatebr_4953,Tem que retribuir aí ataque mesmo @carla.zambelli .Estamos com vc.,nao_ofensivo,hatebr
hatebr_4954,"Aproveita dona Joice, que é só está vez o povo brasileiro acordou",nao_ofensivo,hatebr
hatebr_4955,"Acho que a limpeza que ela fez nesse gabinete não deu muito certo, algumas energias ficaram lá e ativaram nela o que já havia.",nao_ofensivo,hatebr
hatebr_4956,Não traia a nossa confiança. Nunca dê as costas para o meu presidente @jairmessiasbolsonaro.,nao_ofensivo,hatebr
hatebr_4957,@joicehasselmannoficial cada um colhe o que planta.,nao_ofensivo,hatebr
hatebr_4958,Empate técnico!! 😂😂😂😂😂,nao_ofensivo,hatebr
hatebr_4959,"Carla, foca nas pautas e projetos! esqueça a Joice... bora pra frente!🙌🙌",nao_ofensivo,hatebr
hatebr_4960,"🙏🙏 o Brasil já está dando certo. Obrigada Senhor! Bolsonaro e sua competente equipe, parabéns 🇧🇷🇧🇷🇧🇷",nao_ofensivo,hatebr
hatebr_4961,Avante Brasil. Bolsonaro melhor Presidente do nosso País.💙💛💚🇧🇷🤗,nao_ofensivo,hatebr
hatebr_4962,Eu também faço parte dos 50%,nao_ofensivo,hatebr
hatebr_4963,"Eu acho também que tudo está muito caro no supermercado, inflação muito alta, pra aposentados que ganham um salário mínimo, morrem de fome.",nao_ofensivo,hatebr
hatebr_4964,"Iremos fazer nossa parte, trabalho que não pode faltar.ok",nao_ofensivo,hatebr
hatebr_4965,"Aqui em Vitória o comércio está aquecido, os shoppings cheios de pessoas com sacolas nas mãos, várias lojinhas sendo abertas...otimismo e esperança 👏👏",nao_ofensivo,hatebr
hatebr_4966,@jorgerocha1974 se renda aos números.,nao_ofensivo,hatebr
hatebr_4967,PARABÉNS presidente Bolsonaro e todos os seus ministros. 🇧🇷🙏😎,nao_ofensivo,hatebr
hatebr_4968,Nosso Brasil está no caminho certo!!,nao_ofensivo,hatebr
hatebr_4969,Brasil avante!!!!,nao_ofensivo,hatebr
hatebr_4970,Alexandre o grande!! Esse tem credibilidade do povo.,nao_ofensivo,hatebr
hatebr_4971,"Melhor comentarista que o nisso país tem . Realista , verdadeiro . Assino embaixo para ser comentarista econômico do nosso presidente .!",nao_ofensivo,hatebr
hatebr_4972,"Anotem o que vou falar 2020 será o melhor ano do brasil, podem escrever",nao_ofensivo,hatebr
hatebr_4973,Mas alguns ainda insistem em não ver o óbvio.,nao_ofensivo,hatebr
hatebr_4974,Esse é o meu Presidente muito orgulho !!!🙌🇧🇷🇧🇷🙏,nao_ofensivo,hatebr
hatebr_4975,Parabéns a grande equipe do Ministro da Economia.,nao_ofensivo,hatebr
hatebr_4976,Valeu seu analise.,nao_ofensivo,hatebr
hatebr_4977,O BRASIL É NOSSO E NÃO VAMOS ENTREGAR MAIS.,nao_ofensivo,hatebr
hatebr_4978,Miltom Chaves Costa futuro Deputado Federal por Pernambuco porque DEUS QUER BOLSONARO MOURÃO REELEIÇÃO PRIMEIRO 1TURNO,nao_ofensivo,hatebr
hatebr_4979,A excelente globo mostrou diferente....🙄,nao_ofensivo,hatebr
hatebr_4980,Vamos em frente! 👏👏👏👏👏👏🇧🇷🙏,nao_ofensivo,hatebr
hatebr_4981,Eu estou otimista🙏,nao_ofensivo,hatebr
hatebr_4982,"O governo precisa estar alerta para a greve dos caminhoneiros, a chance é alta e seria um grande estrago.",nao_ofensivo,hatebr
hatebr_4983,👏👏👏👏👏🇧🇷🇧🇷🇧🇷vamos que vamos🙏,nao_ofensivo,hatebr
hatebr_4984,Estou muito feliz e otimista com o Presidente que terá meu voto novamente.,nao_ofensivo,hatebr
hatebr_4985,Vai dar certo! 👏👏👏,nao_ofensivo,hatebr
hatebr_4986,Como é bom ouvir gente sensata e inteligente!!👏👏👏💚💛,nao_ofensivo,hatebr
hatebr_4987,"Amém, o brasileiro precisa de emprego! Condições de trabalho, saúde, ensino e segurança pública de boa qualidade! Nosso povo confia em trabalhador pq a maioria é trabalhador! 2020 será um ótimo ano para quem gosta de TRABALHAR! 🙏",nao_ofensivo,hatebr
hatebr_4988,"Parece que depois de um longo e tenebroso inverno, encontramos o caminho.",nao_ofensivo,hatebr
hatebr_4989,Quando não tem roubo melhora tudo,nao_ofensivo,hatebr
hatebr_4990,Para o alto e avante Brasil 🇧🇷👊🏻👊🏻👊🏻,nao_ofensivo,hatebr
hatebr_4991,Eu só otimista ... só Bolsonaro e sua equipe !!!,nao_ofensivo,hatebr
hatebr_4992,AVANÇA BOLSONARO🇧🇷🇧🇷DEUS ESTÁ NA FRENTE🙌🙏NÃO OLHE PARA OS ADVERSÁRIOS PQ DEUS VOS DARÁ MUITAS VITÓRIAS EM NOME DE JESUS CRISTO AMÉM 🙌🙏🇧🇷🇧🇷❤️EU ACREDITO NA MELHORIA DO BRASIL🇧🇷,nao_ofensivo,hatebr
hatebr_4993,Faço parte dos 50% otimistas,nao_ofensivo,hatebr
hatebr_4994,#sbt contrata esse cara!!! Sabe muito🚀🚀🚀,nao_ofensivo,hatebr
hatebr_4995,ninguém segura esse governo! pra cima deles! 👏😍🇧🇷,nao_ofensivo,hatebr
hatebr_4996,Alexandre Garcia um dos jornalistas mais imparcial desse país. Você e correto não importa o presidente do país mas sim o que ele faz pelo nosso país. Você e um exemplo para esses jornalistas que estão iniciando na profissão de repórter.,nao_ofensivo,hatebr
hatebr_4997,👏 parabéns Brasil estamos juntos,nao_ofensivo,hatebr
hatebr_4998,Maior setor de serviços do mundo....,nao_ofensivo,hatebr
hatebr_4999,"Ouvir um comentario desses desse grande jornalista econonico , é pra nos encher de orgulho. 💞👏👏👏🇧🇷",nao_ofensivo,hatebr
hatebr_5000,👏👏👏👏👏Só Deus para permitir tudo isso,nao_ofensivo,hatebr
hatebr_5001,"Com Deus no comando sempre, tudo vai bem. 👏👏👏👏👏👏",nao_ofensivo,hatebr
hatebr_5002,"Alexandre Garcia, excelente jornalista. 👏👏👏👏",nao_ofensivo,hatebr
hatebr_5003,"Parabéns, felicidades Alexandre Garcia.👏👏👏",nao_ofensivo,hatebr
hatebr_5004,"Gosto de ouvir o Alexandre Garcia falar, tudo que sei aprendi muito com ele kaka",nao_ofensivo,hatebr
hatebr_5005,Parabéns presidente Jair Bolsonaro parabéns Brasil e nós,nao_ofensivo,hatebr
hatebr_5006,Estamos começando colher bons frutos ...seguimos confiando q apesar do congresso inteiro em.oposicao....chegaremos lá,nao_ofensivo,hatebr
hatebr_5007,RUMO A UM PAÍS JUSTO E PRÓSPERO.ESSE É O BRASIL QUE OS BRASILEIROS QUEREM!!!!!🇧🇷🇧🇷🇧🇷🇧🇷🇧🇷🇧🇷🇧🇷🇧🇷🇧🇷🇧🇷🇧🇷🇧🇷🇧🇷🇧🇷🇧🇷🇧🇷🇧🇷🇧🇷🇧🇷🇧🇷🇧🇷🇧🇷🇧🇷🇧🇷🇧🇷🇧🇷🇧🇷🇧🇷🇧🇷🇧🇷🇧🇷🇧🇷🇧🇷🇧🇷🇧🇷,nao_ofensivo,hatebr
hatebr_5008,"Eita presidente amado e abençoado por Deus. Peço ao senhor Jesus que lhe de cada dia sabedoria, calma e@muita saúde para enfrentar as adversidades.🙌🙌🙏🙏🙏A mão de Deus sobre sua vida e de sua família.🙏",nao_ofensivo,hatebr
hatebr_5009,Muito feliz com os avanços do país. Estamos em boas mãos.,nao_ofensivo,hatebr
hatebr_5010,Sempre sábio o Alexandre Garcia ....,nao_ofensivo,hatebr
hatebr_5011,Pela alegria nos restaurantes e nos shoppings parece que é bem mais de 60%,nao_ofensivo,hatebr
hatebr_5012,E ainda me perguntam...o que Bolsonaro está fazendo de bom?,nao_ofensivo,hatebr
hatebr_5013,O Brasil está no caminho certo! Parabéns presidente Bolsonaro parabéns a todas as equipes de ministros que compõem a sua equipe!!👏🏼👏🏼👏🏼,nao_ofensivo,hatebr
hatebr_5014,Essa cara é fera,nao_ofensivo,hatebr
hatebr_5015,GRANDE JORNALISTA ALEXANDRE GARCIA COMPETENTE QUERIDO POVO BRASILEIRO DÊ BEM,nao_ofensivo,hatebr
hatebr_5016,Deus está no comando🙌🙌,nao_ofensivo,hatebr
hatebr_5017,Deus prometeu o crescimento do nosso país e está se cumprindo essa promessa 🙌 GRAÇAS AO NOSSO DEUS QUE COLOCOU VCS PARA GOVERNAR O BRASIL @bolsonarosp 👏🏻👏🏻,nao_ofensivo,hatebr
hatebr_5018,👏👏😍🇧🇷🇧🇷esse é o Brasil no rumo certo! O rumo da prosperidade!,nao_ofensivo,hatebr
hatebr_5019,O congresso está me deixando neutro.,nao_ofensivo,hatebr
hatebr_5020,Só não está melhor ainda mais por conta do Congresso do STF.,nao_ofensivo,hatebr
hatebr_5021,Só rezo e acredito🙏,nao_ofensivo,hatebr
hatebr_5022,O Brasil tem jeito! Muita esperança nesse governo! 👏🙏🇧🇷,nao_ofensivo,hatebr
hatebr_5023,"Alexandre, excelente seus comentários, com objetividade e poucas palavras você contribuí com informações importantes para o povo brasileiro. Parabéns e obrigado! Abs!",nao_ofensivo,hatebr
hatebr_5024,Estamos no caminho certo. Parabéns Bolsonaro e equipe. Simplesmente show,nao_ofensivo,hatebr
hatebr_5025,Brasil 🇧🇷 decolando 🚀🙏🏽👏🏾,nao_ofensivo,hatebr
hatebr_5026,Quero ver quando isso vai refletir na gasolina e na carne !!! Porq até agorá não mudou nada para nós de baixa renda .,nao_ofensivo,hatebr
hatebr_5027,O Brasil vai dá certo!!!👏👏👏👏🇧🇷🇧🇷🇧🇷🇧🇷,nao_ofensivo,hatebr
hatebr_5028,Vamos pra frente Brasil👏👏👏,nao_ofensivo,hatebr
hatebr_5029,Vamos cresçer sin...brasil vai dar certo,nao_ofensivo,hatebr
hatebr_5030,Coloca o ministro Tarcísio para falar na televisão todo dia que o pessimismo acaba,nao_ofensivo,hatebr
hatebr_5031,Vc é especial👏👏🇧🇷👍🇧🇷,nao_ofensivo,hatebr
hatebr_5032,A imprensa que queremos👏👏🇧🇷,nao_ofensivo,hatebr
hatebr_5033,"Neste Natal será somente eu,meu marido e minha filha,o restante do família já não frequentam minha casa devido o meu total apóio a família Bolsonaro. Meu orgulho!",nao_ofensivo,hatebr
hatebr_5034,"Só acho que o custo Brasil deveria abaixar, no mínimo pela metade, ex: reduzir os salários de TODOS os políticos e seus inúmeros privilégios. Creio que assim, a economia terá um grande fôlego, a população sentirá que as coisas estão mudando e o país, enfim, crescerá. @jairmessiasbolsonaro @bolsonarosp @depheliolopes",nao_ofensivo,hatebr
hatebr_5035,"PARABÉNS PARA O JORNALISMO SERIO, PARAB3NS AL3XANDRE GARCIA!! !PARABÉNS BRASIL!🇧🇷🇧🇷🇧🇷🇧🇷🇧🇷👏🇧🇷👏👏🇧🇷👏🇧🇷🤲🇧🇷🤲🇧🇷🤲🇧🇷🔰🌻🌷🌻🌷🌻👍👍🇧🇷👏🇧🇷👏🇧🇷👏🇧🇷",nao_ofensivo,hatebr
hatebr_5036,O Brasil precisa tanto desse avanço... 🇧🇷👏,nao_ofensivo,hatebr
hatebr_5037,Eu estou também 👏👏👏👏🇧🇷🇧🇷🇧🇷🇧🇷,nao_ofensivo,hatebr
hatebr_5038,Eu tenho esperança de ver um Brasil melhor!!!,nao_ofensivo,hatebr
hatebr_5039,Avante Brasil 🇧🇷🇧🇷🇧🇷🇧🇷🇧🇷🇧🇷 #BolsonaroPresidente2022🇧🇷,nao_ofensivo,hatebr
hatebr_5040,Pra frente Brasil ! Salve salve !,nao_ofensivo,hatebr
hatebr_5041,Deus abençoe nosso país 🙌🙌🙌🙌🙌,nao_ofensivo,hatebr
hatebr_5042,Eu avisei kkk Presidente Bolsonaro 🙌 Deus abençoe👏👏,nao_ofensivo,hatebr
hatebr_5043,"Os números da economia está mostrando o crescimento, aliás surpreendeu até a equipe do ministério da economia, vamos em frente👏🇧🇷",nao_ofensivo,hatebr
hatebr_5044,Vitória certa....Parabéns,nao_ofensivo,hatebr
hatebr_5045,Tenho certeza que ano que vem seremos duas vezes vitoriosos! Da-lhes Bolsonaro 🇧🇷,nao_ofensivo,hatebr
hatebr_5046,parabéns presidente e sua equipe que Deus lhes renove sua forças.,nao_ofensivo,hatebr
hatebr_5047,Eita meu PRESIDENTE AMADO..👏👏👏,nao_ofensivo,hatebr
hatebr_5048,Parabéns sr Presidente e sr Ministros,nao_ofensivo,hatebr
hatebr_5049,Olá Bom Dia Alexande Gacia com muita personalidade amor com Deus felíz Natal Saúde para você com a família 🌲,nao_ofensivo,hatebr
hatebr_5050,Estamos crescendo isso se chama avanço. Essa equipe merece ser respeitada,nao_ofensivo,hatebr
hatebr_5051,Estou feliz muito confiante nosso presidente está remodelado o Brasil!🙏🏻🇧🇷👏🏻👏🏻,nao_ofensivo,hatebr
hatebr_5052,Deus abençoe nossa nação!!,nao_ofensivo,hatebr
hatebr_5053,"Torço muito para esse governo e para-o país, mas creio que ainda as coisas ainda não estão tão bem assim. O valor do combustível por exemplo, a conta de luz, o gás de cozinha, e por aí vai ... mas sim temos que ser otimista sempre, mas há muito o que fazer.",nao_ofensivo,hatebr
hatebr_5054,👏👏👏👏🔥🔥🔥🇧🇷🇧🇷🇧🇷🇧🇷🇧🇷🇧🇷quem tá otimista sou eu Bolsonaro avança 🇧🇷🇧🇷🇧🇷🇧🇷🇧🇷🇮🇱🇮🇱🇮🇱🙌 e milhões de brasileiros,nao_ofensivo,hatebr
hatebr_5055,💞💞💞💞PRESIDENTE ético responsável e humano Patriota defender verdadeiramente o povo brasileiro 👏👏👏👏👏👏 JAIR MESSIAS BOLSONARO ÉS ORGULHO DA NOSSO POVO BRASILEIRO TRABALHOR DO BEM 🙌🙌🙌🙌🙌🙌🇧🇷🇧🇷🇧🇷🇧🇷🇧🇷🇧🇷🇧🇷🇧🇷🇧🇷,nao_ofensivo,hatebr
hatebr_5056,"Deixa ver se entendi...se 1/4 está pessimista, 1/4 está neutro como pode a maioria estar otimista? Ora se somarmos pessimistas mais neutros há um empate. Não?kkkkk tá foda em Dudu.",nao_ofensivo,hatebr
hatebr_5057,"Por isso não podemos parar o crescimento do Brasil, então agora é #38BOLSONARO2022",nao_ofensivo,hatebr
hatebr_5058,"Amo esses tipo de comentários construtivos e de esperanças, graças a Deus o Brasil está em boas mãos",nao_ofensivo,hatebr
hatebr_5059,"O que não pode acontecer por parte dos empresários é por exemplo, um guardanapo de papel, um rolo de papel toalha para cozinha e outras coisas mais , manter o mesmo preço mas diminuir 2cm ou mais de tamanho ou piorar na qualidade. Não adianta enganar o consumidor que vai acabar perdendo. Concorrência resolve isto. Acorda Brasil.",nao_ofensivo,hatebr
hatebr_5060,ESTAMOS NO CAMINHO CERTO SE DEUS QUISER TUDO VAI DAR CERTO 👏👏🇧🇷🇧🇷,nao_ofensivo,hatebr
hatebr_5061,Alexandre Garcia fala com propriedade .Tem conhecimento e o repasse de forma tranquila e sabia. Vamos valorizar os Avanços ! Aplaudir as conquistas com bibes peitudas e dentro do contexto real! Bravos e Vivas🙏👏👏🇧🇷🇧🇷🇧🇷🇧🇷,nao_ofensivo,hatebr
hatebr_5062,"O Brasil está no caminho certo, tem de ter uma atenção no sistema montado anteriormente, o congresso e parte do STF ainda está atrasando o Brasil",nao_ofensivo,hatebr
hatebr_5063,"Os 25% pessimista , não só são pessimistas COMO TORCEM CONTRA, sofrem com o que está melhorando , e fazem o que podem pra tudo dar errado",nao_ofensivo,hatebr
hatebr_5064,Vossa EXCELÊNCIA se comprometeu a nos ajudar com nosso REAJUSTE. Cumpra sua promessa.,nao_ofensivo,hatebr
hatebr_5065,Deputado. A operação LAVA JATO Começou com a PCDF. Você é policial também. Não nos abandone. A PCDF ESTÁ há dez anos sem REAJUSTE salarial. Edite a MEDIDA PROVISÓRIA com nosso REAJUSTE. Já há previsão orçamentária para 2019. os policiais foram seus cabos eleitorais.,nao_ofensivo,hatebr
hatebr_5066,Parabéns pela sua postura correta e coerente com os fatos. Estou cansado de discursos ideológicos.,nao_ofensivo,hatebr
hatebr_5067,A maioria dos otimistas somos nós 👏👏🇧🇷🇧🇷,nao_ofensivo,hatebr
hatebr_5068,O Brasil nunca esteve tanto no caminho certo.,nao_ofensivo,hatebr
hatebr_5069,Se o Congresso ajudasse o Brasil já tinha decolado..,nao_ofensivo,hatebr
hatebr_5070,"Eu sou otimista, mas sei que vai demorar. Que jamais me falte fé.",nao_ofensivo,hatebr
hatebr_5071,"Estamos em um grande barco a remo metade 50% rema para frente 25% não rema 25 % rema para trás ,e culpa do Presidente, não, somos nós brasileiros devemos remar ele apenas põe ordem na embarcação ,por favor Brasil temos muitos brasileiros que não fazem nada pra melhorar estamos no mesmo barco ,perde um perde todos ou tô errado?",nao_ofensivo,hatebr
hatebr_5072,Eu não fui entrevistado! Mas estou muito confiante com essas mudanças graças a família Bolsonaro!🙏🏻🙏🏻 que Deus os guie nessa jornada!,nao_ofensivo,hatebr
hatebr_5073,TE AMO BOLSONARO! 💕💕❤️❤️ TE AMO MEU BRASIL! PORRA ESTOU FICANDO LOUCO DE AMOR PELO MEU PAÍS. 🇧🇷🇧🇷🇧🇷🇧🇷🇧🇷🇧🇷🇧🇷🇧🇷🇧🇷🇧🇷🇧🇷🇧🇷,nao_ofensivo,hatebr
hatebr_5074,Rumo ao progresso meu amado BRASILLLLLLL 🇧🇷🇧🇷🇧🇷🇧🇷🇧🇷🇧🇷🇧🇷,nao_ofensivo,hatebr
hatebr_5075,@bolsonarosp porque o governo do meu glorioso estado pernambuco teima em fazer o lançamento do 13° do bolsa famila se é um progama federal que o Planalto pagará para todos os beneficiados do progama?,nao_ofensivo,hatebr
hatebr_5076,"Eu estou no grupo dos 50%, super otimista.",nao_ofensivo,hatebr
hatebr_5077,Melhor Presidente da História do Brasil. 👏👏👏👏👏,nao_ofensivo,hatebr
hatebr_5078,"O que vocês da familia Bolsonaro fizeram foi histórico! Vocês são a prova viva de que com real determinação e real força de vontade o ser humano chega aonde ele quiser chegar. Admirarei eternamente seu pai. 👏👏🇧🇷 Apenas para frisar = até 2 anos atrás eu era esquerdista, e eu era totalmente anti-bolsonaro. Obrigado por abrirem meus olhos a tempo. 👍👍🇧🇷🇧🇷🇧🇷🇧🇷",nao_ofensivo,hatebr
hatebr_5079,"O preço da carne subindo também,mas com remuneração de R$33,763 tá tranquilo né deputado.",nao_ofensivo,hatebr
hatebr_5080,🇧🇷Ordem e Progresso!!!👏👏👏,nao_ofensivo,hatebr
hatebr_5081,"A esquerda não sabe mais o que fazer para derrubar Jair Bolsonaro. As esperancas deles estão acabando. Já a nossa esperança, essa jamais se abalou. QUEM ESTÁ CERTO, NÃO TEME! ✊✊🇧🇷🇧🇷🇧🇷🇧🇷",nao_ofensivo,hatebr
hatebr_5082,Nesse pode acreditar pois Alexandre Garcia é de respeito 🙏🏻🙏🏻👏🏻👏🏻,nao_ofensivo,hatebr
hatebr_5083,Eu faço parte dos 50% hehehe 🇧🇷 #Bolsonaro2022,nao_ofensivo,hatebr
hatebr_5084,A caixa e o BB tinham que lançar o cartão de crédito e débito saindo do domínio do Visa e Rede card,nao_ofensivo,hatebr
hatebr_5085,"Estou muito confiante o Brasil já deu certo, estão reclamando do preço da carne, culpando o presidente, ele não tem vacas, se tá caro não come, tem outras opções",nao_ofensivo,hatebr
hatebr_5086,"O Brasil entrando nos trilhos...Avante Brasil,muito obrigado Presidente Bolsonaro!!!🇧🇷🇧🇷🇧🇷",nao_ofensivo,hatebr
hatebr_5087,"Participei de uma palestra do Luiz Rabi, Serasa, e fquei muito contente e otimista com o que vi 👏👏. Fruto do grande trabalho que o governo vem fazendo 💪.",nao_ofensivo,hatebr
hatebr_5088,"Nós vamos respirar forte, a economia vai melhorar,tenho fé em Deus e em nosso presidente.",nao_ofensivo,hatebr
hatebr_5089,"Pode colocar a selic a zero que o Brasil não destrava com essa legislação trabalhista e as convenções sindicais prejudicando as pequenas empresas ,estados e município não tem dinheiro e a médio prazo o Brasil trava em 2022 com os tais de direitos adquiridos no setor público",nao_ofensivo,hatebr
hatebr_5090,Maravilhosa!! Feminista !! Negraaaa!!! 🌹,nao_ofensivo,hatebr
hatebr_5091,"Lindaça a miss universo, parabéns!👸🏿🌺🌺🌺👏🏼👏🏼👏🏼👏🏼😚😍",nao_ofensivo,hatebr
hatebr_5092,Foi lindo e eu apostei nele desde o início. Uma das poucas notícias alegres deste ano.,nao_ofensivo,hatebr
hatebr_5093,E como é linda!!! 😍,nao_ofensivo,hatebr
hatebr_5094,Nossa ...ela é lindíssima,nao_ofensivo,hatebr
hatebr_5095,"Também sou contra, mas.. que mulher linda!",nao_ofensivo,hatebr
hatebr_5096,E graças as lutas de muitas o Miss Universo tá deixando de ser um concurso somente de beleza.,nao_ofensivo,hatebr
hatebr_5097,"Temos que ocupar todos os espaços, usá-los a nosso favor. Foi o que fez Zozibini Tunzi. 👏🏾👏🏾👏🏾👏🏾",nao_ofensivo,hatebr
hatebr_5098,"Muito merecido, ela é linda demais!👏👏👏👏👏",nao_ofensivo,hatebr
hatebr_5099,Maravilhosa em todos os sentidos!,nao_ofensivo,hatebr
hatebr_5100,Parabéns para os jurados!,nao_ofensivo,hatebr
hatebr_5101,"Ele é linda pois a natureza dela é maravilhosa, e transborda beleza pelo simples fato de ser natural em sua essência. Bela",nao_ofensivo,hatebr
hatebr_5102,"Fiquei feliz com isso, mas ainda sim contrariada pq tbm não gosto de concursos de beleza. É uma conquista da pele, porém ainda estamos presos a uma mulher magra, traços finos bem no padrão modelo. Até qdo as mulheres mais lindas serão as do padrão modelo? Que bom que para além do corpo, ela teve uma presença discursiva importante tbm.",nao_ofensivo,hatebr
hatebr_5103,@twiggoficial não é proibido não. Olha quanta felicidade!,nao_ofensivo,hatebr
hatebr_5104,Essa passou na fila da beleza várias vezes 😍,nao_ofensivo,hatebr
hatebr_5105,👏👏👏 é isso que tá faltando em quem votou nesse Sr. bom senso para reconhecer o erro. Que não foi pequeno.,nao_ofensivo,hatebr
hatebr_5106,"Por favor, poste quando entender mais sobre o tema. Tb possuo altas dúvidas. Contudo, viva a África 💜",nao_ofensivo,hatebr
hatebr_5107,"Linda, esguia. Show",nao_ofensivo,hatebr
hatebr_5108,Eu fico sei lá onde com tanta beleza junta. Ela é linda demais.,nao_ofensivo,hatebr
hatebr_5109,"Nao é só mais um concurso de beleza, é representatividade.",nao_ofensivo,hatebr
hatebr_5110,Linda! Bem merecido o título de Miss Universo!,nao_ofensivo,hatebr
hatebr_5111,"Normal, o fato de ser negra contou muito",nao_ofensivo,hatebr
hatebr_5112,Lindíssima! Uma deusa!,nao_ofensivo,hatebr
hatebr_5113,"Parabéns para esta belíssima mulher, lindaaaaaaaa",nao_ofensivo,hatebr
hatebr_5114,Penso assim e to feliz pelo mesmo motivo. @giolaurenti tu lembra que falamos isso uma vez sobre o Mister?,nao_ofensivo,hatebr
hatebr_5115,"Não foi só mais um concurso, FOI O CONCURSO. MUITAS AFROS E ASIÁTICAS, UMA AFRO FEMINISTA DE VERDADE, DE CABELOS NADA PADRÃO ( LISO E GRANDE) E SUPER ENGAJADA. ME SINTO MUITO BEM REPRESENTADA 💗👏👏👏👏💪👭",nao_ofensivo,hatebr
hatebr_5116,Maravilhosa 👏👏Uma pintura😍,nao_ofensivo,hatebr
hatebr_5117,Simplesmente uma Deusa!!!😍😍😍,nao_ofensivo,hatebr
hatebr_5118,"Nossa ela é linda, maravilhosa 😍😍",nao_ofensivo,hatebr
hatebr_5119,Foi maravilhoso! ❤️❤️❤️,nao_ofensivo,hatebr
hatebr_5120,Fiquei emocionada,nao_ofensivo,hatebr
hatebr_5121,"O MU deixou de ser apenas um concurso de beleza desde que saiu das mãos de Donald Trump, Manu. As misses precisam ser bastante engajadas em projetos sociais e assumem o compromisso de dedicar o ano de reinado a causas humanitárias. Além disso, as juradas (não tem mais juradOs) não são mais tão exigentes com medidas. Quanto mais carismática, empoderada, comunicativa e ativista a miss for, maiores são as chances dela levar a coroa. Nossa Miss Brasil @juliahorta é uma feminista super militante, atuante, de nos encher de orgulho.",nao_ofensivo,hatebr
hatebr_5122,Ela é muito linda! 🌹,nao_ofensivo,hatebr
hatebr_5123,Emocionante! Finalmente uma boa notícia em um mundo que tá ficando tão bizarro! Parabéns!,nao_ofensivo,hatebr
hatebr_5124,"E que discurso meu Deus, orgulhosa💞💞",nao_ofensivo,hatebr
hatebr_5125,O politicamente correto as vezes é muito chato moça. Qual o problema dos concursos de beleza? É só mais um.Porque precisa justificar que gostou da moça negra ganhar?,nao_ofensivo,hatebr
hatebr_5126,"Divina demais. Uma deusa de mulher. E quando assumiu o microfone, deixou todos emocionados com suas palavras, representatividade explodiu ali para a mulher negra, sempre subjugada como objeto (e sem valor) ... e a Miss Sul-africana mostrou que a luta ainda não acabou",nao_ofensivo,hatebr
hatebr_5127,Oba💕 também quero te dar um abraço,nao_ofensivo,hatebr
hatebr_5128,"Negra, de cabelos curtos, com uma fala emponderada... Ela é linda!! Deu de ""padrãozinho"" e misses sempre iguais! Toda mulher pode ser linda!",nao_ofensivo,hatebr
hatebr_5129,"O olhar dela é maravilhoso, mas o discurso é muito melhor. 😍😍",nao_ofensivo,hatebr
hatebr_5130,O mundo bem representado pela miss universo .,nao_ofensivo,hatebr
hatebr_5131,Rainha de ébano,nao_ofensivo,hatebr
hatebr_5132,Huhuuuuuu. Viva a beleza dessa mulher! Maravilhosa.... Somos fortes e unidas venceremos.. 🙌👏,nao_ofensivo,hatebr
hatebr_5133,"Mas o miss universo n coloca a mulher de maneira objetiva da. Tem q ter conteúdo, causas sociais, tem q ser empoderada... Se informe melhor!",nao_ofensivo,hatebr
hatebr_5134,A beleza dela transborda através das palavras que pronuncia.,nao_ofensivo,hatebr
hatebr_5135,Q linda!!!! Bela mulher!!!! Parabéns a ela e a África do Sul!!! 👍👏👏😊😍,nao_ofensivo,hatebr
hatebr_5136,"Alem de bonita, inteligente!",nao_ofensivo,hatebr
hatebr_5137,"Exatamente!!! Sou pessoalmente contra esse tipo de comparação com nós mulheres - considero isso uma leviandade! Mas quando alguém consegue transcender esse lugar, e, com esse nível de consciência e empoderamento , não é só sobre um concurso, estamos falando de representatividade...e precisamos de mais vozes como a dela! ❤️😍",nao_ofensivo,hatebr
hatebr_5138,Gata de mais👏👏👏😍😍😍,nao_ofensivo,hatebr
hatebr_5139,Vejo este momento como uma representatividade necessária...viva!!!,nao_ofensivo,hatebr
hatebr_5140,Não tem o que discutir!! Lindíssima! E que discurso!! 👏,nao_ofensivo,hatebr
hatebr_5141,Maravilhosa linda exemplar Vitória merecida demais,nao_ofensivo,hatebr
hatebr_5142,"Isso é fantástico, enquanto aqui no Brasil alguns políticos só fazem besteiras com relação a consciência negra, lá fora se valoriza a beleza da mulher negra 😍😍😍😍👏👏👏👏👏",nao_ofensivo,hatebr
hatebr_5143,"Que mulher linda!, que sorriso, que elegância, que charme...beleza que transborda 🔝🔝🔝👏👏👏👏👏",nao_ofensivo,hatebr
hatebr_5144,"Eu concordo com essa legenda sim, tb sou contra essa objetivação do corpo feminino, mas temos que aplaudir essa conquista, um evento tão onde a branquitude sempre reinou",nao_ofensivo,hatebr
hatebr_5145,"Eu me sinto muito feliz em ver uma negra conquistar esse concurso! É um concurso de beleza apenas, e dai ? Que bom que a beleza negra foi exaltada de forma gloriosa, no topo do mundo! Viva a beleza negra! Salve! salve! África do Sul 👏👏👏👏",nao_ofensivo,hatebr
hatebr_5146,"Tu deveria assistir antes de alegar ""porque nós mulheres cansamos de ser objetificadas"", foi justamente por isso estar mudando, que Zozibini Tunzi foi eleita a Miss Universo na noite de ontem. Ela não venceu por ser ""uma mulher negra"", ela venceu porque teve foi a mais compentente. As respostas poderosas, uma história de vida incrível, ela mora em uma das áreas pobres da África do Sul, a comunidade dela vive em uma tribo e tem um próprio idioma. Ela já tentou o Miss África do Sul em 2017 e foi negada, e voltou esse ano, e ganhou. Ela sinônimo de luta, resistência e perseverança. Por isso ela ganhou. Assim como outras também, maravilhosas mereciam. Sabia que nesse ano tivemos uma Irlandesa, negra, afrodescendente, que é pesquisadora da Nasa? Pois bem, são mulheres assim que esses concursos estão nos fazendo conhecer.",nao_ofensivo,hatebr
hatebr_5147,"Pelo jeito que escreve, denota que o concurso se baseia apenas no físico, e não! Ela foi eleita por ser a melhor personalidade. São feitas entrevistas e acredito que ela será modelo, não apenas no que tange estética, mas modelo de ações. Seus pensamentos, tiveram um peso maior, porque se não, não faria sentido todas as entrevistas que são realizadas durante o evento. As mulheres negras não precisam de aceitação quando o seu pensamento inicial é não gostar.",nao_ofensivo,hatebr
hatebr_5148,"Concordo contigo, também sou contra essa competição de beleza. O bonito se faz belo, aos olhos de quem o contempla. Uma pessoa pode ser bela, não interessando sua estatura, peso, cor, raça ou etnia! O único alento e mérito que vejo neste concurso é ter quebrado o estereótipo histórico que contemplavam em anos anteriores.",nao_ofensivo,hatebr
hatebr_5149,"Pra mim conta mais valor ainda, o discurso dela, o seu posicionamento firme e empoderado. Meus parabéns à essa bela (por dentro e por fora) MULHER!!! ❤️",nao_ofensivo,hatebr
hatebr_5150,"E o discurso dela sobre a importancia de ocupacoes de espacos por mulheres e por mais liderancas femininas, foi maravilhoso!!! q potencia! q forca! Amei! Assistam! Eu vi foi um discurso de uma futura lider. Encantada. 👏😍",nao_ofensivo,hatebr
hatebr_5151,o concurso de Miss não é um concurso de beleza. essa é uma síntese equivocada do concurso.,nao_ofensivo,hatebr
hatebr_5152,"Diva, concordo com você sobre o concurso.",nao_ofensivo,hatebr
hatebr_5153,"Pena que as grandes personalidades não apoiaram a nossa Miss Brasil, que levou um projeto empoderado e um traje típico em homenagem à Marta com um protesto contra a agressão doméstica. @juliahorta arrasou. A noite foi salva pela Miss SA que foi perfeita!",nao_ofensivo,hatebr
hatebr_5154,"Linda, esplêndida.🎉👋",nao_ofensivo,hatebr
hatebr_5155,Que@ sabe as coisas mudam é isso seja natural em tds os aspectos 🙏,nao_ofensivo,hatebr
hatebr_5156,É realmente uma resposta à luta de tantas mulheres e homens pela democratização dos espaços. Me sinto contente e revigorada para continuar nesta luta.👏👏👏👏👏,nao_ofensivo,hatebr
hatebr_5157,Foi merecida! Inteligente e consciente! Foi autêntica! E feliz nas suas respostas! Sem dúvida fez a diferença!,nao_ofensivo,hatebr
hatebr_5158,Parabéns que Deus abençoe o reinado dela👏👏👏,nao_ofensivo,hatebr
hatebr_5159,"Linda linda Mulher ou melhor Belíssima Ser Humano e guerreira. Bela mulher que representa a beleza humana, em especial, a negra com toda sua amplitude e representatividade. Sim, vence tb, ou melhor, ganha a diversidade e luta por dia melhores e condições a este povo... Sim representatividade de pessoas e discurso com ou pra uma raça e pessoas que são tão ou qnto mais belas que qlqer raça. Viva a negritude!! Viva a diversidade !! Viva a África do Sul !! Salve salve a Miss Africa do Sul do mundo.",nao_ofensivo,hatebr
hatebr_5160,"Foi a primeira vez que uma mulher negra foi eleita miss universo? Eu tinha impressão que já tinha acontecido antes. De qualquer forma, é sempre importante que se reconheça a beleza negra.",nao_ofensivo,hatebr
hatebr_5161,"Ontem não consegui assistir, hoje quando vi o resultado Amei fiquei emocionado 👏👏👏👏👏",nao_ofensivo,hatebr
hatebr_5162,Rainha nossa!!! Lute por esse povo tão judiado!!!,nao_ofensivo,hatebr
hatebr_5163,Linda parece uma Rainha e é 😘👏,nao_ofensivo,hatebr
hatebr_5164,"Lindíssima, parabéns!! 😍😍👏👏👏 quem acha q mulher não gosta de ser bonita tá mto enganado...",nao_ofensivo,hatebr
hatebr_5165,Eu considero tão desnecessário esse concurso! Mas representatividade foi importante!,nao_ofensivo,hatebr
hatebr_5166,"é só as mulheres pararem de participar deles... me desculpa mas me parece que tão querendo colocar a culpa no mundo já está nas mãos de vocês, o comércio ou simplesmente se aproveita de uma limitação pessoal, a vaidade",nao_ofensivo,hatebr
hatebr_5167,"Dircurso lindo , mulher maravilhosa!",nao_ofensivo,hatebr
hatebr_5168,"Manu, acredito q nós permitimos essa objetificacao, o dia q pararmos de participar e andar nesses padrões, aí a coisa muda.",nao_ofensivo,hatebr
hatebr_5169,"Mas ainda queremos ser mulheres, e q mulher não quer ser bonita? A luta do feminismo não devia excluir a feminilidade. Sou feminista mas sou feminina. Um não exclui o outro. Parabéns a vencedora , nos mulheres negras merecemos mesmo .",nao_ofensivo,hatebr
hatebr_5170,"Muito merecida👏👏 linda, inteligente, humilde e agr miss😍",nao_ofensivo,hatebr
hatebr_5171,Que linda! Quando olho para uma pessoa o que menos me importa é a cor da pele.,nao_ofensivo,hatebr
hatebr_5172,"Esse não foi só um concurso de beleza. Este foi um marco na história. Essa mulher precisa ser vista e ser ouvida pq outras milhões como ela precisam se sentir representadas e precisam ser ouvidas tbm. Quando ela fala, fala por muitas. Eu estou muito feliz por ela ter ganho. Que elas saibam a importância que têm para o mundo. 👏🌹💖",nao_ofensivo,hatebr
hatebr_5173,"Verdade, deve ser comemorado, o mundo mudou, devagar ou não, mas temos avanços.",nao_ofensivo,hatebr
hatebr_5174,"Em uma pessoa só é possível sentir o peso da representatividade. Estou admirado pela força, inteligência e beleza dessa mulher. Merecido título que realmente mudará algo no mundo",nao_ofensivo,hatebr
hatebr_5175,"Querida, miss universo deixou a anos de ser um concurso apenas de beleza! Eles avaliam muitas outras coisas.",nao_ofensivo,hatebr
hatebr_5176,E ela é maravilhosa! Muito linda!❤️🌹,nao_ofensivo,hatebr
hatebr_5177,Nossa ela é muuuito linda maravilhosa representou muito a raça negra,nao_ofensivo,hatebr
hatebr_5178,Esse sim foi um grande dia!!!,nao_ofensivo,hatebr
hatebr_5179,"@manueladavila mas pelo menos a cada ano, pq eu não resisto e assisto sempre, os organizadores vêm aumentando os momentos de fala e expressão de conquistas e personalidade das candidatas além da beleza... Ainda são muitas falas de efeito, c/ conteúdo ""midiático"", mas algumas estão muito sensatas e empoderadoras APESAR do contexto ""concurso de beleza""...",nao_ofensivo,hatebr
hatebr_5180,"Esse negócio de mulher NEGRA está por fora. Foi escolhida uma MULHER LINDA do continente africano. Mulher é mulher. Ou ela é diferente das outras por causa da sua cor. É mais sensual, mais carinhosa, mais inteligente...???",nao_ofensivo,hatebr
hatebr_5181,"Merecido, linda, linda 👏🏻👏",nao_ofensivo,hatebr
hatebr_5182,"Ela ganhou não somente pela beleza, mas também pelo posicionamento e elegância! ❤️",nao_ofensivo,hatebr
hatebr_5183,Lindíssima! Parabéns!,nao_ofensivo,hatebr
hatebr_5184,É um concurso importante sim. Ponto. Olha o alcance que ele tem. Olha o alcance que o discurso dela está tendo. Não desmereça um concurso só por ser de beleza.,nao_ofensivo,hatebr
hatebr_5185,"Não é só beleza, Manuela. O formato dessa organização luta pela diversidade, representatividade, na tentativa de dá voz às minorias. Cada menina dessa leva uma causa social. Elas realmente têm que levantar uma bandeira e isso é acompanhado de perto. Longe de ser o padrão que vc expôs. Esse menina foi eleita lutando contra o racismo e a representatividade de jovens negros. Ela sim, milita de verdade.",nao_ofensivo,hatebr
hatebr_5186,"Minha mulher é negra e ela também é muito bonita. Cor é um detalhe do mundo da beleza, seja negra, branca, amarela ou jambo.",nao_ofensivo,hatebr
hatebr_5187,Que mulher linda!!! Parabéns ❤️❤️❤️❤️❤️❤️,nao_ofensivo,hatebr
hatebr_5188,"Em uma sociedade ainda racista, onde uma mulher negra não é vista como padrão de beleza, quanta representatividade. 👏 Não é só beleza, é ocupar uma posição de destaque, independe de qual ela for 🤩❤️",nao_ofensivo,hatebr
hatebr_5189,"Mas se você é contra concurso de beleza, e se uma pessoa branca tivesse ganhado e tivesse a mesma personalidade que a zozibini? Se fosse exatamente igual a ela e mudasse somente as aparências físicas, eai? Gente....",nao_ofensivo,hatebr
hatebr_5190,❤️❤️❤️❤️❤️❤️❤️❤️❤️❤️nada melhor para começarmos juntas2020! Linda!,nao_ofensivo,hatebr
hatebr_5191,"Concordo c quase todas as suas visões, mas ser contra o concurso de blz me parece um pouco de radicalismo q não combina com o viés progressista q se propõe. Prefiro ver o concurso como uma forma de se valorizar a beleza feminina. A vitória de uma negra é um alento ao momento complicado q vivemos.",nao_ofensivo,hatebr
hatebr_5192,@manueladavila orgulho de conseguir ver esse concurso por outro angulo ..,nao_ofensivo,hatebr
hatebr_5193,Beleza não tem cor...👏🏻👏🏻👏🏻👏🏻👏🏻👏🏻,nao_ofensivo,hatebr
hatebr_5194,"Estou sem palavras... Já acho foda, ver o cabelo afro como moda (a palavra foda saiu para não digitar emocionado) e agora isso.... Lindo lindo",nao_ofensivo,hatebr
hatebr_5195,Siiiimmm penso como você !!!!,nao_ofensivo,hatebr
hatebr_5196,Lindaaaaa!! Belíssima!! Maravilhosaaaaaaa!! Premiação bem mais bem merecida mesmo!!,nao_ofensivo,hatebr
hatebr_5197,"Exatamente, apesar de ser um concurso sem o menor valor necessário para o engrandecimento da sociedade. Ter uma mulher negra, com o cabelo dela, como a mulher mais bonita do mundo. É foda pra caralho! 👏🏿",nao_ofensivo,hatebr
hatebr_5198,Amei ela ter cabelo curto. Fim do estereótipo do cabelão chapado. Isso representa muito. Pra auto estima de muitas meninas.,nao_ofensivo,hatebr
hatebr_5199,E a fala dela sobre representatividade e ocupar lugares na sociedade foi massa demais ...,nao_ofensivo,hatebr
hatebr_5200,Ja esta ultrapassando a hora de acabar com o Racismo ! Somos todos iguais perante Deus,nao_ofensivo,hatebr
hatebr_5201,Ela é linda demais! Eu estava torcendo por ela👏👏😍❤️,nao_ofensivo,hatebr
hatebr_5202,"E quem escolhe essas mulheres? Eu sou contra e se sou contra a minha ideologia se mantém. A objetivação da mulher seja preta, branca, amarela é algo que tem que ser erradicado Manuela. É uma mensagem contraditória. No feminismo lutamos por mudar esses conceitos hegemonicos. A luta é de todas as mulheres e de todas as etnias",nao_ofensivo,hatebr
hatebr_5203,Ela é linda demais!!!! ❤❤❤,nao_ofensivo,hatebr
hatebr_5204,E é bonita mesmo!,nao_ofensivo,hatebr
hatebr_5205,Ela ganhou e vai continuar objetificada... Preguiça desses discursos 😔,nao_ofensivo,hatebr
hatebr_5206,Representatividade é tudo! Mulher inteligente e empoderada! Torci e amei a sua vitória!❤️,nao_ofensivo,hatebr
hatebr_5207,Linda mulher merecido ter ganhado,nao_ofensivo,hatebr
hatebr_5208,"Mais uma terráquea vence o Miss Universo, parabéns!!!",nao_ofensivo,hatebr
hatebr_5209,"É só um concurso de beleza... mas ter uma beleza dessas reverenciada significa tanto! ❤️Linda mulher, lindo o que ela disse e lindo o que isso tudo significa!",nao_ofensivo,hatebr
hatebr_5210,"Acho que é so mais um concursos miss universo como se tivessem olhado todas as mulheres do mundo mais o que é bonito para um(a) não é para outro(a), e os padrões de beleza euro centrado, será que são os mesmo padrões de beleza de uma tribo da Austrália ou da Africa central ou de uma tribo da Amazônia?????",nao_ofensivo,hatebr
hatebr_5211,Linda e inteligente.,nao_ofensivo,hatebr
hatebr_5212,"Representatividade é tudo, que mulher!",nao_ofensivo,hatebr
hatebr_5213,"É foda, ela é gata demais! Mas pode ser uma jogada do Capital?! #elenao #povonopoder #politicaxé",nao_ofensivo,hatebr
hatebr_5214,Como faz para eternizar os aplausos ? Pq eu nao to sabendo lidar com este momento sublime !,nao_ofensivo,hatebr
hatebr_5215,Parabéns a ela e família amem bj é lindíssima,nao_ofensivo,hatebr
hatebr_5216,"Parabéns pelo teu trabalho e teu engajamento, tão necessário ao contexto caótico em que temos vivido. És uma voz feminina importante no cenário atual. Gostaria apenas de trazer um ponto a respeito do Miss Universo. Hoje ele é bem mais do que um concurso de beleza. Tornou-se também um espaço de pleito, de posicionamento político, afinal como diz Focault, todo ser é político e, política se faz em todo lugar. Um beijo grande do extremo sul do Brasil ❤️",nao_ofensivo,hatebr
hatebr_5217,Ainda bem que tenho olhos e oportunidade para admirar tanta beleza.,nao_ofensivo,hatebr
hatebr_5218,Isso foi mais que um prêmio de beleza foi a representatividade e um tapa na cara dessa gente racista e hipócrita travestida de gente de bem.,nao_ofensivo,hatebr
hatebr_5219,Ele não e uma mulher negra ela e uma linda mulher por favor vamos valorizar as mulheres em vez de segregar sei que existe preconceito esses tipo de comentário fortalece as diferenças,nao_ofensivo,hatebr
hatebr_5220,"Nós e o mundo todo sabe que essa moça não era a mais bonita. O concurso de miss universo há muito tempo se tornou um evento político. Sabemos que não é apenas a beleza física que está sendo avaliada, é todo um conjunto.",nao_ofensivo,hatebr
hatebr_5221,@tatyara_soares @calilelopes @geralda.lu @moto.resgate.voluntario olha que coisa linda 😍,nao_ofensivo,hatebr
hatebr_5222,Um oásis em meio ao caos 👏👏👏👏👏 lindíssima,nao_ofensivo,hatebr
hatebr_5223,"Esse concurso foi digno de ser visto. Os discursos das candidatas, as ações sociais que elas se engajam e tudo o q envolveu a escolha da Miss, demostraram que os velhos concursos de ""beleza"" talvez estejam ficando para trás.",nao_ofensivo,hatebr
hatebr_5224,Que mulher maravilhosa! Representatividade o nome.,nao_ofensivo,hatebr
hatebr_5225,Debater padrão de beleza tbm é ato político... Bjs,nao_ofensivo,hatebr
hatebr_5226,"Faço as suas minhas palavras! Concursos de beleza criam ainda mais esteriótipos que procura padronizar as mulheres. Não existe “mulher mais linda do mundo”, do estado ou do país. Existem pessoas, e cada um é a pessoa mais linda do mundo. Beleza é estereótipo, e não um concurso.",nao_ofensivo,hatebr
hatebr_5227,E oque tem a ver se foi negra ou branca?,nao_ofensivo,hatebr
hatebr_5228,"E não foi só pela beleza, foi por toda sua representatividade, por sua força de expressão, foi incrível @manueladavila !!!",nao_ofensivo,hatebr
hatebr_5229,"Um tapa nesse povo racista. Amei, linda, diva, maravilhosa, mereceu, parabéns.",nao_ofensivo,hatebr
hatebr_5230,"Finalmente , uma representante negra e belíssima ! Miss universo da África do Sul ! Tbém não gosto de concursos mas o resultado me encheu de alegria !",nao_ofensivo,hatebr
hatebr_5231,Nos 48 do segundo tempo 2018 me fez feliz ❤️,nao_ofensivo,hatebr
hatebr_5232,Linda e com um discurso poderoso 💟,nao_ofensivo,hatebr
hatebr_5233,Merecido!!!!! O que fez pela Educação enquanto Ministro nos deixará com saudades de um dia nós professores termos sido valorizados.,nao_ofensivo,hatebr
hatebr_5234,Parabéns grande professor! 🌹,nao_ofensivo,hatebr
hatebr_5235,"Parabéns Professor HADDAD, você merece a receber, a Medalha ao Mérito Farroup!!",nao_ofensivo,hatebr
hatebr_5236,Deus àbençoe vc presidente hadde,nao_ofensivo,hatebr
hatebr_5237,Honra merecida.,nao_ofensivo,hatebr
hatebr_5238,Parabéns exelencia nosso futuro presidente e nos tamos juntos companheiro abraço brigado,nao_ofensivo,hatebr
hatebr_5239,Mais que merecido!!!! Meu presidente!!!!!👏👏👏👏👏,nao_ofensivo,hatebr
hatebr_5240,Lindo e maravilhoso 😍❤️,nao_ofensivo,hatebr
hatebr_5241,Merece muito!👏👏👏,nao_ofensivo,hatebr
hatebr_5242,"👏👏Parabéns professor ,vc merece.",nao_ofensivo,hatebr
hatebr_5243,O sonho não acabou fé em Deus parabéns,nao_ofensivo,hatebr
hatebr_5244,Vai pro debate com @gabrielmonteiropm,nao_ofensivo,hatebr
hatebr_5245,Vai aceitar debate com Gabriel ou vai correr?,nao_ofensivo,hatebr
hatebr_5246,Bem merecido. Isto não é pra qualquer um. Parabéns!!,nao_ofensivo,hatebr
hatebr_5247,Meu presidente é você!!!,nao_ofensivo,hatebr
hatebr_5248,Parabéns !professor.,nao_ofensivo,hatebr
hatebr_5249,Merecida homenagem!🙌🙌🙌,nao_ofensivo,hatebr
hatebr_5250,"Parabéns, merecido!",nao_ofensivo,hatebr
hatebr_5251,Esse nosso presidente!!!,nao_ofensivo,hatebr
hatebr_5252,Vc fez por merecer!!!,nao_ofensivo,hatebr
hatebr_5253,Nem tudo está perdido aqui no Rio Grande.Parabéns,nao_ofensivo,hatebr
hatebr_5254,"Parabéns, vc merece 👏👏👏👏",nao_ofensivo,hatebr
hatebr_5255,Votei. Voto. Votarei. Esse é o presidente que sonho para o país.,nao_ofensivo,hatebr
hatebr_5256,Ainda vai ser nosso presidente se Deus quiser sinto que és um homem de de bem,nao_ofensivo,hatebr
hatebr_5257,"Parabéns, meu presidente.",nao_ofensivo,hatebr
hatebr_5258,Muito bom! Orgulho!,nao_ofensivo,hatebr
hatebr_5259,Vc é o máximo professor ❤️,nao_ofensivo,hatebr
hatebr_5260,"@fernandohaddadoficial O SENHOR SERIA O PRESIDENTE , MAS BONITO, DEUS ABENÇOE..",nao_ofensivo,hatebr
hatebr_5261,Será que o professor já aprendeu a escrever racista? 🤔,nao_ofensivo,hatebr
hatebr_5262,Bem merecido professor,nao_ofensivo,hatebr
hatebr_5263,Fernando Haddad grande liderança que surge com muita força em nosso país Haddad intelectualmente mais preparado e também moralmente,nao_ofensivo,hatebr
hatebr_5264,Parabéns! Só um professor reconhece o verdadeiro valor da educação👏👏,nao_ofensivo,hatebr
hatebr_5265,Estaríamos tão bem representados se o @fernandohaddadoficial fosse o nosso Presidente.,nao_ofensivo,hatebr
hatebr_5266,Parabéns lindão. Tu mereces mto essa honraria. 👏👏👏,nao_ofensivo,hatebr
hatebr_5267,Você merece Mestre,nao_ofensivo,hatebr
hatebr_5268,Finalmente alguém que merece !,nao_ofensivo,hatebr
hatebr_5269,Parabéns intelectual orgânico da classe trabalhadora,nao_ofensivo,hatebr
hatebr_5270,Parabéns grande mestre👏👏👏👏👏👏👏👏👏🌻,nao_ofensivo,hatebr
hatebr_5271,"Com um Professor, a história seria outra...",nao_ofensivo,hatebr
hatebr_5272,Parabens Professor e futuro Presidente Fernando,nao_ofensivo,hatebr
hatebr_5273,Haddad não vão pra rua protestar porque diminuíram verba da educação pra aumentar fundo eleitoral?? É a mesma educação do outro protesto.,nao_ofensivo,hatebr
hatebr_5274,"Mas, bah, tchê! Parabéns! Merecido!",nao_ofensivo,hatebr
hatebr_5275,Parabéns Mestre vc merece👏👏👏,nao_ofensivo,hatebr
hatebr_5276,Parabéns professor você merece 👏👏👏👏👏,nao_ofensivo,hatebr
hatebr_5277,"Parabéns professor, sucessos",nao_ofensivo,hatebr
hatebr_5278,Parabéns seu lindo👏,nao_ofensivo,hatebr
hatebr_5279,"Parabéns, PROFESSOR!!! Em maiúsculas, justamente para ressaltar a IMPORTÂNCIA da nossa profissão tão atacada neste momento. Parabéns PROFESSOR! Parabéns mil vezes!",nao_ofensivo,hatebr
hatebr_5280,"RS me dando orgulho ao menos uma vezinha na vida, porque tá difícil!!! 😔 Parabéns, professor! ❤️",nao_ofensivo,hatebr
hatebr_5281,Muitíssimo merecido.,nao_ofensivo,hatebr
hatebr_5282,Homenagem bem merecida!,nao_ofensivo,hatebr
hatebr_5283,Mais que merecido! Melhor ministro de educação que esse país já teve!,nao_ofensivo,hatebr
hatebr_5284,Tu mereces professor Haddad,nao_ofensivo,hatebr
hatebr_5285,"Exemplo de@homem respeitável! Elegante, culto, educado ! E lindo💕",nao_ofensivo,hatebr
hatebr_5286,Parabéns! Merece muito,nao_ofensivo,hatebr
hatebr_5287,Parabéns. vc merece professor❤️👏,nao_ofensivo,hatebr
hatebr_5288,Parabéns querido Haddad.👏😍,nao_ofensivo,hatebr
hatebr_5289,Parabéns! MEU FUTURO PRESIDENTE.,nao_ofensivo,hatebr
hatebr_5290,"Parabéns, prefeito! 👏👏👏👏",nao_ofensivo,hatebr
hatebr_5291,Parabéns!👏👏👏Merecida!!!,nao_ofensivo,hatebr
hatebr_5292,VC deveria ser o presidente!,nao_ofensivo,hatebr
hatebr_5293,"Importante e forte relato, Manu. Só quem sofreu sabe da dor. ❤️",nao_ofensivo,hatebr
hatebr_5294,"Parabéns Professor Fernando Haddad, você merece .",nao_ofensivo,hatebr
hatebr_5295,👏👏👏 PARABÉNS professor Haddad.,nao_ofensivo,hatebr
hatebr_5296,"💗💗 Parabéns, muito merecido! 🙌☀️",nao_ofensivo,hatebr
hatebr_5297,"Forte demais, Manu! Sinto muito por mais essa. Hoje dei entrevista pra um tcc, falei de vc e suas contribuições pra proteger as que vieram depois de ti. De verdade, muito obrigada!",nao_ofensivo,hatebr
hatebr_5298,Da uma passeada na rua do RS! Vai ser aclamado pelo povo gaúcho! 🤦‍♂️,nao_ofensivo,hatebr
hatebr_5299,Esse realmente merece,nao_ofensivo,hatebr
hatebr_5300,Amo você e sua família. Parabéns,nao_ofensivo,hatebr
hatebr_5301,🙌👏 bom dia meu futuro senador,nao_ofensivo,hatebr
hatebr_5302,👏🙌 lula 2020 haddad senador,nao_ofensivo,hatebr
hatebr_5303,Mérito seu!👏👏🙌,nao_ofensivo,hatebr
hatebr_5304,"Como queria vc como presidente, professor!",nao_ofensivo,hatebr
hatebr_5305,parabéns pela conquista 👏👏 você merece querido por todos 💖,nao_ofensivo,hatebr
hatebr_5306,Lula inocente,nao_ofensivo,hatebr
hatebr_5307,👏👏👏👏👏👏vc merece @fernandohaddadoficial vc é um homem e político especial te admiramos 👏👏👏👏💚💛😍😘,nao_ofensivo,hatebr
hatebr_5308,Parabéns 👏👏 meu presidente 2022,nao_ofensivo,hatebr
hatebr_5309,O que você fez pra receber tal honraria?,nao_ofensivo,hatebr
hatebr_5310,Você merece isso e muito mais. Parabéns .,nao_ofensivo,hatebr
hatebr_5311,Parabéns querido! Merecido!👏👏👏👏😍,nao_ofensivo,hatebr
hatebr_5312,"Merece até demais, parabéns professor!",nao_ofensivo,hatebr
hatebr_5313,Vc merece a faixa de presidente do Brasil! Mas a medalha já é um bom começo. Parabéns!,nao_ofensivo,hatebr
hatebr_5314,"Única coisa que vc vai ganhar é medalha, que eleição não ganha mais.",nao_ofensivo,hatebr
hatebr_5315,Mais que merecido lindo 💝,nao_ofensivo,hatebr
hatebr_5316,Poderia detalhar melhor a sua contribuição para receber a medalha. ? Senão fica parecendo homenagem político partidária ocasional.,nao_ofensivo,hatebr
hatebr_5317,@fernandohaddadoficial parabéns futuro presidente. Você merece,nao_ofensivo,hatebr
hatebr_5318,Parabéns professor!!❤️ Meu presidente!!!😍,nao_ofensivo,hatebr
hatebr_5319,"Parabéns Ministro, o maior de toda história da Educação do Brasil.",nao_ofensivo,hatebr
hatebr_5320,"Parabéns, professor. Que pena você não ser nosso presidente!!!!",nao_ofensivo,hatebr
hatebr_5321,Vc merece! Parabéns!,nao_ofensivo,hatebr
hatebr_5322,"O contraste de pensamentos é tão grande,que parece que vivemos um pesadêlo!",nao_ofensivo,hatebr
hatebr_5323,"Meu Presidente ... merecido, parabéns!",nao_ofensivo,hatebr
hatebr_5324,"Haddad foi grande ministro, prefeito da maior capital, p quase foi presidente da república,muitas feke News contra do adversário",nao_ofensivo,hatebr
hatebr_5325,É tão gratificante falar: Parabéns Professor!! ❤️❤️❤️❤️,nao_ofensivo,hatebr
hatebr_5326,"Minha solidariedade, amiga ❤️ somos só orgulho da sua mãe, Laura!",nao_ofensivo,hatebr
hatebr_5327,Parabéns professor ❤️ tudo poderia ter sido diferente...no RS os professores estão sendo massacrados...😞,nao_ofensivo,hatebr
hatebr_5328,"Merecido, Professor.",nao_ofensivo,hatebr
hatebr_5329,Chic professor!,nao_ofensivo,hatebr
hatebr_5330,"Parabéns, professor!! Homenagem merecida!!!",nao_ofensivo,hatebr
hatebr_5331,Parabéns Professor Haddad é merecimento👏👏👏👏❤️,nao_ofensivo,hatebr
hatebr_5332,Tem o meu respeito.,nao_ofensivo,hatebr
hatebr_5333,"Parabéns, merecida homenagem.",nao_ofensivo,hatebr
hatebr_5334,Parabéns pelo prêmio!,nao_ofensivo,hatebr
hatebr_5335,Parabéns! Muita esperança de outros dias!!!!,nao_ofensivo,hatebr
hatebr_5336,Bem vindo ao Sul...,nao_ofensivo,hatebr
hatebr_5337,"Perfeito, merece o mundo.",nao_ofensivo,hatebr
hatebr_5338,"Super merecido! Parabéns, Professor! E obrigada por criar os Institutos Federais ❤️❤️❤️",nao_ofensivo,hatebr
hatebr_5339,Orgulhosa de ter votado no professor!😍,nao_ofensivo,hatebr
hatebr_5340,Parabéns professor ! Merecido 👋👋👋,nao_ofensivo,hatebr
hatebr_5341,Grande Haddad . Grande Ministro. Sergipe agradece.,nao_ofensivo,hatebr
hatebr_5342,Só de pensar que perdemos esse presidente....💔,nao_ofensivo,hatebr
hatebr_5343,Parabéns futuro Presidente da República!👏👏👏👏👏,nao_ofensivo,hatebr
hatebr_5344,"Fiz bem em votar em te. Valeu o meu voto, mesmo que não ganhaste. Mas votei , em pessoa de bem. Votei em um professor com eu. E votaria outra vez.Feliz Natal.",nao_ofensivo,hatebr
hatebr_5345,"Quando eu penso que poderia ter um presidente lindo, educado, culto, inteligente desse... 😐",nao_ofensivo,hatebr
hatebr_5346,Parabéns professor maravilhoso 👏👏👏,nao_ofensivo,hatebr
hatebr_5347,Pra presidente 2022??🙏🏾✨❤️,nao_ofensivo,hatebr
hatebr_5348,Orgulho define! 💞,nao_ofensivo,hatebr
hatebr_5349,Homenagem merecida!!👏🏻👏🏻,nao_ofensivo,hatebr
hatebr_5350,"Parabéns @fernandohaddadoficial !! Que diferença, a fraseologia, a elegância, o comportamento... Vai ser nosso Presidente sim, estamos a mercê da maldade, nada pelo povo... 😔",nao_ofensivo,hatebr
hatebr_5351,Não sabia que estavas em Poa! Se soubesse tinha ido te aplaudir. 👏👏👏🔝🔝🔝😘😘😘,nao_ofensivo,hatebr
hatebr_5352,Tá aí o cara que pode ser chamado de Presidente 🤩,nao_ofensivo,hatebr
hatebr_5353,"Ser homenageado é bacana, mas Farroupilha? E os lanceiros negros?",nao_ofensivo,hatebr
hatebr_5354,Toda força para você e sua família 🙏🙌,nao_ofensivo,hatebr
hatebr_5355,Nosso futuro Presidente!,nao_ofensivo,hatebr
hatebr_5356,mais que merecido 👏,nao_ofensivo,hatebr
hatebr_5357,Meu professor merece muito...,nao_ofensivo,hatebr
hatebr_5358,"Parabéns amado Haddad, merecido",nao_ofensivo,hatebr
hatebr_5359,Merece tudo!,nao_ofensivo,hatebr
hatebr_5360,Melhor prefeito que São Paulo teve,nao_ofensivo,hatebr
hatebr_5361,"Como seria o país c Haddad presidente? Às vésperas de um Natal bem mais alegre, certamente, c um povo mais esperançoso no futuro e governado p pessoas mais dignas e cientes dos problemas brasileiros.",nao_ofensivo,hatebr
hatebr_5362,Parabéns Professor!! Que orgulho,nao_ofensivo,hatebr
hatebr_5363,Parabéns Professor! Quem sabe o governo acorde e se dê conta do erro que está cometendo com os professores gaúchos!,nao_ofensivo,hatebr
hatebr_5364,👏👏😍 tu é o cara! Te amo professor lindão!!! 💙,nao_ofensivo,hatebr
hatebr_5365,Parabéns professor! Você merece muito mais.💜💜💜,nao_ofensivo,hatebr
hatebr_5366,parabéns nosso futuro presidente,nao_ofensivo,hatebr
hatebr_5367,"Professor Haddad @fernandohaddadoficial o senhor foi um dos únicos ministro que investiu em educação no nosso estado, infelizmente hoje estamos sofrendo com este descaso, com o sucateamento do ensino público!! Me lembro nas eleições que todos tiravam fotos em frente a sua plaquinha de cada escola que você inaugurava!! Tava na cara que você ganhando as eleições sua prioridade seria a educação do nosso país!!! Mais que merecido!! 👏👏👏👏",nao_ofensivo,hatebr
hatebr_5368,Merecidamente. Parabensss,nao_ofensivo,hatebr
hatebr_5369,Parabéns querido e competente Haddad! Medalha mais que merecida! 👏👏👐👐❤️❤️,nao_ofensivo,hatebr
hatebr_5370,Viva nosso grande Representante Viva nosso Presidente,nao_ofensivo,hatebr
hatebr_5371,Querido!!!! Você merece!!!! 📘📑📑🎸🎸🎸🎸💓💓💓🎓🎓🎓🏆🏆🏆🏆👏👏👏👏👏👏👏👏👏👏👏👏,nao_ofensivo,hatebr
hatebr_5372,Vc merece Fernando Haddad.,nao_ofensivo,hatebr
hatebr_5373,Parabéns futuro presidente!,nao_ofensivo,hatebr
hatebr_5374,Vc merece isso e muito mais!!!❤️,nao_ofensivo,hatebr
hatebr_5375,Tem que receber a faixa presidencial,nao_ofensivo,hatebr
hatebr_5376,Parabéns professor e nosso presidente!👏👏👏👏❤️❤️❤️,nao_ofensivo,hatebr
hatebr_5377,"Parabéns, Haddad! Siga em frente com a cabeça erguida, você é um cidadão honrado e ainda tem muito a fazer por São Paulo e pelo Brasil.👏🏼👏🏼👏🏼",nao_ofensivo,hatebr
hatebr_5378,Parabéns pela merecida medalha meu Presidente,nao_ofensivo,hatebr
hatebr_5379,Professor...parabéns! 💫🌹,nao_ofensivo,hatebr
hatebr_5380,Parabéns! A entrevista na rádio Guaíba também esteve muito boa. 🌻,nao_ofensivo,hatebr
hatebr_5381,De Marx a Habermas a Haddad👌,nao_ofensivo,hatebr
hatebr_5382,Haudad nós estamos esperando🇧🇷🇧🇷🇧🇷🇧🇷🇧🇷🇧🇷,nao_ofensivo,hatebr
hatebr_5383,Que lindo! Congratulações! Esse tem postura de presidente. 🔝,nao_ofensivo,hatebr
hatebr_5384,Vc merece todas as medalhas meu querido!!!!!❤️,nao_ofensivo,hatebr
hatebr_5385,Parabéns!!!! O Sr merece.,nao_ofensivo,hatebr
hatebr_5386,Haddad sempre!,nao_ofensivo,hatebr
hatebr_5387,Merece! Saudações gaúchas!✊🏻❤️,nao_ofensivo,hatebr
hatebr_5388,Parabéns!!!!!! Grande Haddad!,nao_ofensivo,hatebr
hatebr_5389,Parabéns tbm ao professor. ..,nao_ofensivo,hatebr
hatebr_5390,Amigos votaram nele todo mundo sabia,nao_ofensivo,hatebr
hatebr_5391,Deveria recolher impostos em quem votou nele !,nao_ofensivo,hatebr
hatebr_5392,Não tenho dúvidas sempre soube disso só um cego não vê,nao_ofensivo,hatebr
hatebr_5393,TD contra os pobres.,nao_ofensivo,hatebr
hatebr_5394,Cumprindo promessas... 👏👏👏,nao_ofensivo,hatebr
hatebr_5395,"Bom para os pobres, lascados que votaram nele👏👏👏👏👏",nao_ofensivo,hatebr
hatebr_5396,Que imposto é nesse que será cobrado?,nao_ofensivo,hatebr
hatebr_5397,Essa massa merece,nao_ofensivo,hatebr
hatebr_5398,Ficou claro pra quem ele governa?,nao_ofensivo,hatebr
hatebr_5399,Qual é a lei?,nao_ofensivo,hatebr
hatebr_5400,Misericórdia socorro senhor 👉👌💩💩💩💩,nao_ofensivo,hatebr
hatebr_5401,"Um governo que tem medo de participar de debates politicos, é porque não tem projetos para o país, e está aliado com aqueles que tenta comprar o património nacional e transformar esse país em uma colônia.",nao_ofensivo,hatebr
hatebr_5402,Onde vamos parar?,nao_ofensivo,hatebr
hatebr_5403,"Nao defendo o Bolsonaro, mas a verdade seja dita. Quem faz lei é o legislativo, o presidente, mesmo se vetar ainda poder ser sancionada pelos deputados.",nao_ofensivo,hatebr
hatebr_5404,O povo merece!,nao_ofensivo,hatebr
hatebr_5405,Aprende a votar Brasil,nao_ofensivo,hatebr
hatebr_5406,👏👏👏👏👏ehhhhhh.... Q legalllll. Vivaaaaa,nao_ofensivo,hatebr
hatebr_5407,"E os trabalhadores nem aí, não existe vontade de lutar por direitos, greve geral só na história",nao_ofensivo,hatebr
hatebr_5408,Anda bem sempre fui do lado do PT e sempre serei,nao_ofensivo,hatebr
hatebr_5409,Vamos pra rua protestar,nao_ofensivo,hatebr
hatebr_5410,Nunca duvidei. E avisei demais,nao_ofensivo,hatebr
hatebr_5411,Não resta dúvida alguma,nao_ofensivo,hatebr
hatebr_5412,REALIZANDO O SONHO DOS PASTORES. .,nao_ofensivo,hatebr
hatebr_5413,"Sem falar da MP881 que foi sancionada que permite que qualquer pessoa use seu espaço em sua casa para trabalhar como quiser. Concordo que todos tem que trabalhar mas ele possibilitando isto sem alvará e sem fiscais todos estarão sujeitos a contrair qualquer tipo de infecção devido não ter uma vigilância para os tipos de alimentos. Ele acha que fazendo isso está melhorando a situação, mas pelo contrário ele está dando mais um passo que não sabe governar e não tem em mente como fazer para diminuir o desemprego no nosso País...😭😭😭",nao_ofensivo,hatebr
hatebr_5414,Estão brigando por poder e não pelo Brasil,nao_ofensivo,hatebr
hatebr_5415,"Ótimo gente, que votou no mito, ainda vem mais...",nao_ofensivo,hatebr
hatebr_5416,Lula livre urgente,nao_ofensivo,hatebr
hatebr_5417,Ainda tem gente que defende! 🤮,nao_ofensivo,hatebr
hatebr_5418,"E por falar nisso, e a delação do paloci????",nao_ofensivo,hatebr
hatebr_5419,Essa culpa eu n carrego 😄😄😄,nao_ofensivo,hatebr
hatebr_5420,Pra quem votou nisso. Tb contribuira para isso.,nao_ofensivo,hatebr
hatebr_5421,Parabens aos seus eleitores. Devem estar em eztase.,nao_ofensivo,hatebr
hatebr_5422,Ele deveria criar leis q é contra o NEPOTISMO!,nao_ofensivo,hatebr
hatebr_5423,Quem votou nesta pérola deve estar felizzzzzz👏👏👏👏👏👏,nao_ofensivo,hatebr
hatebr_5424,"Vamos fazer assim, @jairmessiasbolsonaro e @gleisihoffmann - cada um coloca suas observações aqui.",nao_ofensivo,hatebr
hatebr_5425,Quem não votou tb ajudou a elegê-lo,nao_ofensivo,hatebr
hatebr_5426,"Eu acho é pouco! Retire o que puder, o Brasileiro merece!",nao_ofensivo,hatebr
hatebr_5427,"Restam dúvidas sobre o trabalhador que vai ser afetado, pois é como se nada estivesse acontecendo nesse País!",nao_ofensivo,hatebr
hatebr_5428,"Quem votou nele deve tá adorando,..",nao_ofensivo,hatebr
hatebr_5429,O povo precisa acorda!,nao_ofensivo,hatebr
hatebr_5430,Só tem lei que prejudica os servidores,nao_ofensivo,hatebr
hatebr_5431,Não precisamos ficar vendo a imagem disso.,nao_ofensivo,hatebr
hatebr_5432,"QUANDO VAI ASSINAR UMA LEI PARA ACABAR COM OS CARTOES CORPORATIVOS? O PRESIDENTE NAO VE QUE CADA CARTAO É UMA TORNEIRA ABERTA PARA O GASTO DO DINHEIRO PUBLICO? PARA DIZER QUE FAZ ALGUMA COISA, CRIA UM IMPOSTO, SOBRE QUEM TRABALHA, NAO TIRA NADA DA CLASSE POLITICA!",nao_ofensivo,hatebr
hatebr_5433,Queremos Lula livre já 🙌👏,nao_ofensivo,hatebr
hatebr_5434,Essa culpa eu não carrego e me admira muito que tem pessoa que acham que é o certo.....depois não reclamem de trabalhar de graça .....,nao_ofensivo,hatebr
hatebr_5435,Ora se é...alguém duvida?,nao_ofensivo,hatebr
hatebr_5436,Bolsonaro 2022💚💙👉,nao_ofensivo,hatebr
hatebr_5437,"Nenhuma dúvida, mas tá todo mundo caladinho",nao_ofensivo,hatebr
hatebr_5438,"E ainda tem muitos dos trabalhadores que votaram nele, menospreza Lula, e diz que Bolsonaro é o rei da cocada preta.",nao_ofensivo,hatebr
hatebr_5439,Nunca houve dúvidas por partes dos sensatos e conscientes,nao_ofensivo,hatebr
hatebr_5440,Parabéns aos envolvidos 👏👏👏,nao_ofensivo,hatebr
hatebr_5441,Que triste esse país que assiste a tudo isso de braços cruzados,nao_ofensivo,hatebr
hatebr_5442,"Seria mais correto fixar o salário mínimo em R$3000,00 primeiro.",nao_ofensivo,hatebr
hatebr_5443,E o povo aceitando tudo sem reclamar,nao_ofensivo,hatebr
hatebr_5444,Vamos a gerra 👹👹,nao_ofensivo,hatebr
hatebr_5445,Acho pouco quem mandou votar,nao_ofensivo,hatebr
hatebr_5446,Um absurdo é o povo não manifestar nas ruas.,nao_ofensivo,hatebr
hatebr_5447,É o mito dos trabalhador,nao_ofensivo,hatebr
hatebr_5448,"Os mais fracos ou seja o pobre que paga a conta, porque quem trabalha de carteira assinada e os mais pobres sempre são os mais prejudicado, e por isso que os super ricos vive defendendo ele pelo favorecimento as grandes fortunas. Kd o Queiroz",nao_ofensivo,hatebr
hatebr_5449,"Faz que nem o comercial da Porto Seguro, “senta e chora” kkkkkk",nao_ofensivo,hatebr
hatebr_5450,"Fico pensando como povo se deixou enganar assim, e cada vez que ele tira alguma coisa de nós tem gente que ainda aplaude 😏🤢",nao_ofensivo,hatebr
hatebr_5451,Favor postar o numero da lei,nao_ofensivo,hatebr
hatebr_5452,Parabéns a todos os trabalhadores envolvidos!,nao_ofensivo,hatebr
hatebr_5453,Sera que só eu acho que ta passando da hora de um impeachment pra tirar esse cara?,nao_ofensivo,hatebr
hatebr_5454,Se assuma logo no centrão e pare de dizer que é de direita!!!! Votamos em você para ajudar nosso presidente!!!,nao_ofensivo,hatebr
hatebr_5455,sou eleitora do Jair gosto muito da Janaína mais realmente o filho dele da margem para esse povo falar,nao_ofensivo,hatebr
hatebr_5456,Já prestaram atenção que a Sra Joice anda postando bastante coisa da ex-futura amiga Janaína? Perdeu a carona do Presidente e do Doria. Será que a da Janaína será a próxima?,nao_ofensivo,hatebr
hatebr_5457,Humm acho que os filhos estão muito afoitos pelo poder,nao_ofensivo,hatebr
hatebr_5458,"Sem comentários!!!!! Fez .... e continua fazendo, melhor dizendo ......",nao_ofensivo,hatebr
hatebr_5459,Isso é a retórica dela. Quanto ao mesmo objetivo vcs tem o mesmo. O duro é contemplar o cargo que lhe agrada.,nao_ofensivo,hatebr
hatebr_5460,Tá apaixonada? Vira o disco😂,nao_ofensivo,hatebr
hatebr_5461,"Aí, Cinco: o presidente e seus filhos! 😎😆",nao_ofensivo,hatebr
hatebr_5462,"Joice vai se converter , pois aqui se planta eaqui se colhe se o cara ta plantando ele vai colher o que plantou , cuida do seu plantio , e Janaina também e assim todos nós , essa lei ninguém revoga ! Plantar e colher , faça a escolha de boas sememte !",nao_ofensivo,hatebr
hatebr_5463,Falou a verdade,nao_ofensivo,hatebr
hatebr_5464,"É, pq o povo só entende o que desenham pra ele.",nao_ofensivo,hatebr
hatebr_5465,"Os filhos cá mito estão atrapalhando demais,",nao_ofensivo,hatebr
hatebr_5466,Joice sou seu fam 100%,nao_ofensivo,hatebr
hatebr_5467,"Gente, eu pergunto: se os criminos começarem a fazer uma revolução aqui queimando onibus, invadindo residencias, promovendo o mesmo terrorismo que estão fazendo no chile, o qie vocês esperam? Que o governo responda com livros e flores.",nao_ofensivo,hatebr
hatebr_5468,"A tá, a esquerda pode falar que vai incendiar o país e ninguém fala nada.",nao_ofensivo,hatebr
hatebr_5469,"Qualquer coisa que alguém da direita disser será desvirtuado para ser usado pela esquerda pra atacar. Ele citou um exemplo histórico que nós não queremos de volta mas pra isso o Brasil tem que se preparar, coisa que não fez na década de 60.🇧🇷",nao_ofensivo,hatebr
hatebr_5470,Também acho. Esse cara fala demais. Os filhos do bolsonaro acabam enfraquecendo o governo. Sempre disse issso desde o começo,nao_ofensivo,hatebr
hatebr_5471,"O que fortalece mesmo à esquerda é: pessoas consideradas braço direito do Presidente, fazer o que fazem. Isso sim da pano para manga. O resto é desvio de assunto: Delação Palloci denúncia de pagamento de R$ 500.000,00....",nao_ofensivo,hatebr
hatebr_5472,"Eu também acho que os filhos do nosso presidente não ajudam nenhum um pouco, mas continuo firme com nosso presidente, tenho orgulho dele",nao_ofensivo,hatebr
hatebr_5473,Exatamente!! Não acrescenta nada!!,nao_ofensivo,hatebr
hatebr_5474,"Parabéns Janaína .puxa vida .fala para o filho do presidente,! Não ficar nós bandidos",nao_ofensivo,hatebr
hatebr_5475,Joice estou em conflito. Estou te desconhecendo.,nao_ofensivo,hatebr
hatebr_5476,"Cabe ao pai encerrar esse assunto, mas parece que ele gosta",nao_ofensivo,hatebr
hatebr_5477,Ae é uma verdade!!!!!!,nao_ofensivo,hatebr
hatebr_5478,Seu medo é que ele te atrapalhe em Sp?? Para mim está muito claro isso!,nao_ofensivo,hatebr
hatebr_5479,Concordo plenamente com a Janaína Paschoal. A varias formas de dizer a mesma coisa. Ex. Criação de uma agência de inteligência voltada ao combate a corrupção nas instituições sejam públicas ou privadas.,nao_ofensivo,hatebr
hatebr_5480,Acho que vc se esqueceu do que publicou no seu Twitter do dia 26/03/2019 né não @joicehasselmannoficial ??,nao_ofensivo,hatebr
hatebr_5481,"Também acho, esse tipo de argumento so alavanca a idéia de perseguidos, o que não é verdade. O presidente (familia) diminuir esse tipo de comentário e continuar focando no que esta sendo feito.",nao_ofensivo,hatebr
hatebr_5482,Tem que pensar melhor antes de falar!!! Porque a esquerda pode falar o que quer ninguém diz nada (imprensa) Quando e do lado do Presidente ...qualquer coisa vira manchete! Então tem que ter muito cuidado mesmo!,nao_ofensivo,hatebr
hatebr_5483,Cuidado porque óleo e água não se mistura... quem ficar em cima do muro só vai assistir...,nao_ofensivo,hatebr
hatebr_5484,Muito sensata Janaina Paschoal concordo plenamente eles da falas de der argumentos ai fica difícil...,nao_ofensivo,hatebr
hatebr_5485,Janaína votei em você pra que você ajudasse o governo.,nao_ofensivo,hatebr
hatebr_5486,"Na minha opinião, o nosso Presidente, Jair Bolsonaro, tem que deixar de ser paizão e ser mais Presidente. Tem que fechar a boca dos filhos, que o estão prejudicando.",nao_ofensivo,hatebr
hatebr_5487,@joicehasselmannoficial cuida da sua imagem pare de dar manchetes para a esquerda ajude o nosso Presidente e pare porque sua Boca fala do que seu coração está cheio porque você não esquece o filho do Presidente e cuida de fazer a sua política e mostra para o povo o que o nosso Presidente 🇧🇷 está fazendo de bom.,nao_ofensivo,hatebr
hatebr_5488,@joicehasselmannoficial pare de prejudicar o 🇧🇷 com suas brigas pessoais com o filho do Presidente cuide da sua política,nao_ofensivo,hatebr
hatebr_5489,"Tá feio mesmo, e eu era sua fã. Lhe admirava muito. E agora?",nao_ofensivo,hatebr
hatebr_5490,Sempre muito inteligentes as analogias de janaina,nao_ofensivo,hatebr
hatebr_5491,Afinal das contas de que lado a senhora Janaína Pascoal está?,nao_ofensivo,hatebr
hatebr_5492,"A maior oposição ao governo, infelizmente, vem de dentro: são Moe, Larry e Shemp.",nao_ofensivo,hatebr
hatebr_5493,Não foi nada disso. Querem botar fogo no Brasil e temos que ter reação.,nao_ofensivo,hatebr
hatebr_5494,Ainda dá tempo de pedir desculpas e voltar para a direção certa.,nao_ofensivo,hatebr
hatebr_5495,"Agora eu vou concordar com vc, os filhos estão atrapalhando a gestão do Pai. Infelizmente",nao_ofensivo,hatebr
hatebr_5496,Vc já esqueceu da luta contra a corrupção foi senhora?,nao_ofensivo,hatebr
hatebr_5497,"E o que você tá fazendo não fortalece, né,",nao_ofensivo,hatebr
hatebr_5498,Essa mulher é porreta,nao_ofensivo,hatebr
hatebr_5499,"Cara brasileiro é fodah mesmo, a família Bolsonaro tem que se blindar ! Em provérbios diz que Deus abomina quem causa dissensão entre irmãos zzzz eu brigo com minha mãe e depois estamos sussa , não é diferente com eles , caraca quanta cobrança !!!!! Bolsonaro sabe como cuidar do próprio filho não acham?? Aff",nao_ofensivo,hatebr
hatebr_5500,"Discordo, se ele se calar por causa da esquerda, ele estará se submetendo à censura dela!! Ele deve continuar.",nao_ofensivo,hatebr
hatebr_5501,Vc poderia ser mais sensata ... E não alimentar ainda mais as coisas... afinal de que lado vc esta ...,nao_ofensivo,hatebr
hatebr_5502,"Vdd, mas ele tem razão AI-5 é o maior medo de mts",nao_ofensivo,hatebr
hatebr_5503,"Ele já se desculpou, não precisamos de pessoas pra dividir, criticar e fazer guerrinha, temos que nos unir pelo nosso país, antes que se transforme em uma guerra de verdade.",nao_ofensivo,hatebr
hatebr_5504,So vcs acham isto!! O povo Ta nem ai p esquerda!! Acordem,nao_ofensivo,hatebr
hatebr_5505,"A esquerda esta cada vez mais odiada e os politicos, EM GERAL, cada vez mais desequilibrados",nao_ofensivo,hatebr
hatebr_5506,A grande falha do Bolsonario é não colocar freios nos filhos. Eles azedam o governo do pai,nao_ofensivo,hatebr
hatebr_5507,Vixi... ta nisso ainda??? Bora gente... é preciso girar a engrenagem... muita gente querendo e precisando trabalhar....,nao_ofensivo,hatebr
hatebr_5508,É tudo que a esquerda quer. Só eles são favorecidos com tudo isso,nao_ofensivo,hatebr
hatebr_5509,"Acho que ele cria problemas ao Bolsonaro sim. O cenário político mostra que não há concorrente à Presidência em 2022 melhor que o Jair... por enquanto. Combater a imoralidade, o banditismo e a desonestidade já o qualifica a mais um mandato.",nao_ofensivo,hatebr
hatebr_5510,"Penso que não adianta discutir contra opositores, e sim atitudes",nao_ofensivo,hatebr
hatebr_5511,Vc tbm tem ajudado.,nao_ofensivo,hatebr
hatebr_5512,Não existe segurança juridica no pais a muito tempo,nao_ofensivo,hatebr
hatebr_5513,"Joice Hasselman , Janaína Pascoal....Vcs são da esquerda e nunca foi de direita! Dr. Janaína: quando vc protocolou o impeachment da Dilma, eu já sabia que era tudo programado pelo PT, e vc simplesmente estava juntamente com a esquerda desde sempre. A saída da Dilma da Presidência da República foi uma jogada do próprio PT: Causaram a saída da Dilma Propositalmente para colocar Michel Temer que é de outro partido (MDB) para assumir a Presidência para levar a culpa das desgraça do PT achando que o povo era burro e que iria cair nas mentiras de vcs.",nao_ofensivo,hatebr
hatebr_5514,"Inclusive eu vivi o AI-5 de 1964, e digo que não vi nenhum exagero por parte das FFAA com os brasileiros trabalhadores. Se houve reclamação e houve, foram dos baderneiros.",nao_ofensivo,hatebr
hatebr_5515,"Vcs não está ajudando em nada, fazendo suas Criticas ao governo e postando em redes sociais. Se vcs quer resolver as coisas da melhor forma, faça tido em OFF, assim não expõe o partido",nao_ofensivo,hatebr
hatebr_5516,Já cansei de explicar.,nao_ofensivo,hatebr
hatebr_5517,"Deixa o pai governa, fala de mais.",nao_ofensivo,hatebr
hatebr_5518,"Os filhos do Bolsonaro tem que ter mais cuidado com o que falam, ainda mais nesse momento.",nao_ofensivo,hatebr
hatebr_5519,"Falar menos, agir mais",nao_ofensivo,hatebr
hatebr_5520,Será que a Janaína está tão sensata assim! Eu tô achando que ela tá bem em cima do muro!,nao_ofensivo,hatebr
hatebr_5521,Deixem seu pai trabalhar em paz 🙌,nao_ofensivo,hatebr
hatebr_5522,"Dra Janaína sou seu fã, é verdade ou ilação o comentário do filho do Presidente, se vocês não falam e nem alertam? Alguém tem que ter coragem para falar o óbvio.😎",nao_ofensivo,hatebr
hatebr_5523,"É verdade, porém existe um exagero, e eles não estão errados no que falam, o problema é que eles são os filhos do presidente, tem que evitar falar.",nao_ofensivo,hatebr
hatebr_5524,A ESQUERDA BRASILEIRA ESTÁ MORRTTAAAA,nao_ofensivo,hatebr
hatebr_5525,Eu acho que tem que fortalecer até aonde o defunto tem força!!!!,nao_ofensivo,hatebr
hatebr_5526,Duas tarifas. Abram os olhos e vigiem elas de mais perto.,nao_ofensivo,hatebr
hatebr_5527,"E você também...se esquerda voltar serás perseguida . Era momento de unir forças, mas é muito ego correndo nas veias de quem chega no poder. Assim fica difícil...",nao_ofensivo,hatebr
hatebr_5528,"Esses filhos foram criados dessa maneira, falando o que pensam. Esquecem que estão no comando de uma grande nação. Precisam todos eles pensar melhor antes de falar.",nao_ofensivo,hatebr
hatebr_5529,Pena q vc não faz o mesmo,nao_ofensivo,hatebr
hatebr_5530,Vamos nos unir para continuar vencendo🙌🙌🙌,nao_ofensivo,hatebr
hatebr_5531,As falas dizem o que realmente querem dizer.,nao_ofensivo,hatebr
hatebr_5532,"Cidadão de bem agradece, elegemos @jairmessiasbolsonaro para colocar ordem no país e não ficar mais com esse mimi... Cidadão de bem será o beneficiado!!",nao_ofensivo,hatebr
hatebr_5533,Vc adora por fogo na fogueira heim Joice,nao_ofensivo,hatebr
hatebr_5534,Descobriu a pólvora!!!,nao_ofensivo,hatebr
hatebr_5535,O cara falou como se age nessas situações...,nao_ofensivo,hatebr
hatebr_5536,Em uma possível situação dessas (que foi o que ele falo!) Voce deve achar que tem que agir com o exercito com flores🌹 ne Joice? 👎👎👎,nao_ofensivo,hatebr
hatebr_5537,Não conheces amor filial???,nao_ofensivo,hatebr
hatebr_5538,"Óbvio, tem se falado muito em rede social, quem tem mais medo parece ser os políticos.",nao_ofensivo,hatebr
hatebr_5539,"Pode até ser, mas o Brasil precisa disso, o Brasil precisa de uma guerra, pra voltarmos as origens, sentimentos e a nos respeitar como pessoas e naçao",nao_ofensivo,hatebr
hatebr_5540,So tem petistas aqui agora kkk,nao_ofensivo,hatebr
hatebr_5541,Concordo plenamente com a Janaina 👏👏👏👏👏,nao_ofensivo,hatebr
hatebr_5542,"Na verdade , acredito que isso foi jogada dele , para que os inimigos dessem as caras. E já começou a aparecer...",nao_ofensivo,hatebr
hatebr_5543,Concordo com a Dra Janaína,nao_ofensivo,hatebr
hatebr_5544,Concordo plenamente os filhos do Presidente deveriam ser mais inteligente. Será que não percebe que com isto só atrapalham o pai e é isto que os inimigos querem,nao_ofensivo,hatebr
hatebr_5545,Prezado meu pai dizia “ das palavras q falo sou escravo das que penso sou rei “! Por favor escreva 2000000 vezes pra nunca mais esquecer e não prejudicar mais o nosso Presidente em quem confiamos !,nao_ofensivo,hatebr
hatebr_5546,"Ao contrario, estes meninos são verdadeiras jóias!",nao_ofensivo,hatebr
hatebr_5547,"Apoiado. Deus deu dois olhos, dois ouvidos e somente uma boca. Os filhos Se Acham e complicam o presidente. Cala-te !",nao_ofensivo,hatebr
hatebr_5548,Ou essa estrategia é refetente a teoria da conspiracao ou esses filhos podem afundar o trabalho de enfrentamento a essa esquerda danosa que o Presidente esta fazendo,nao_ofensivo,hatebr
hatebr_5549,Ele não mentiu... Só tem coragem de falar o que bandido de colarinho branco tem medo... Querem calar o rapaz pq ele nos ajuda a pensar que há muitas alternativas pra combater bandidos e gente sem vergonha e corrupta. E pq não pensar? ou falar sobre É crime? Falar sobre algo que aconteceu?,nao_ofensivo,hatebr
hatebr_5550,A Joice já falou em vídeo sobre intervenção ta falando ok agora.essa .,nao_ofensivo,hatebr
hatebr_5551,Preocupado com essa fala.,nao_ofensivo,hatebr
hatebr_5552,Perfeito sua fala Dr Janaína...ele tem que se tocar e para de colocar o pai dele em situação difícil.,nao_ofensivo,hatebr
hatebr_5553,"Principalmente, a senhora deputada, se aproveitando para queimar seu líder... Mas humildade!",nao_ofensivo,hatebr
hatebr_5554,"Ele é livre pra expressar por suas falas o que pensa, garantido pela constituição.",nao_ofensivo,hatebr
hatebr_5555,Verdade! Quanta ingenuidade.,nao_ofensivo,hatebr
hatebr_5556,"Um Reino divido não subsiste! então, tá na hora do capitão unir o que o filho tá dividindo...",nao_ofensivo,hatebr
hatebr_5557,Sinto muito mas tenho medo q ele atrapalhe demais o pai dele. Fala muito.,nao_ofensivo,hatebr
hatebr_5558,E aí os corruptos pegam carona não é?,nao_ofensivo,hatebr
hatebr_5559,Aquele que pode fazer o bem e não faz já pecou,nao_ofensivo,hatebr
hatebr_5560,Beleza Foicehasselmann,nao_ofensivo,hatebr
hatebr_5561,Eu votei no Bolsonaro .não em seus filhos,nao_ofensivo,hatebr
hatebr_5562,Os filhos do Presidente só criam problemas .... corta a mesada deles ....,nao_ofensivo,hatebr
hatebr_5563,"Os filhos atrapalham o pai no trabalho árduo de governar .Ele precisa ter paz ,se desestressar ,tenham pena .Falam muito e inconsequentemente.Já chega .Aí é melhor fazer do que falar ,vocês tem ótimos exs : o próprio pai ,o Moro ,o Mourão ,o Guedes , o do transportes (vide estradas ,muita realização ,pouca conversa ) ,tem tb o da Educação ,enfim os ministros trabalham muito ,está se vendo.",nao_ofensivo,hatebr
hatebr_5564,Não elegemos vc para ficar atirando contra o governo,nao_ofensivo,hatebr
hatebr_5565,"Janaína Paschoal tem razão, os filhos do presidente tem que pensar pra falar, o pai está sofrendo por causa dos filhos! Põe uma trava na língua!",nao_ofensivo,hatebr
hatebr_5566,Por que você não pede consultoria pra ela te ensinar a fazer política?,nao_ofensivo,hatebr
hatebr_5567,O povo não é mais burro. Você não está ouvindo seus eleitores.,nao_ofensivo,hatebr
hatebr_5568,que falou demais? verdades,nao_ofensivo,hatebr
hatebr_5569,Por que você e a Janaína se calaram quando escutam o Lindbergh farias fazendo menção a desordem civil e quando a Gleisi fala que pessoas serão mortas ao tentarem prender o Lula?,nao_ofensivo,hatebr
hatebr_5570,Concordo em grau gênero e número.,nao_ofensivo,hatebr
hatebr_5571,"👏🏾👏🏾👏🏾👏🏾parabéns Janaína, Vms pedir ao Presidente para calar os filhos, e deixar ele trabalhar,",nao_ofensivo,hatebr
hatebr_5572,É melhor um filho falando o que pensa. Do que um filho ficando rico caladinho.,nao_ofensivo,hatebr
hatebr_5573,"Vocês estão fazendo tempestade em copo de água. Vc postando isto, também está dando munição para oposição. Pensa bem 🤔",nao_ofensivo,hatebr
hatebr_5574,"E vocês dando munição pra esquerda, ou será que sempre foram e se camuflaram na época da eleição, vestindo a camisa Bolsonaro ?? A inveja mata!",nao_ofensivo,hatebr
hatebr_5575,Por isso que Lula e Dilma não tinham familiares na política.,nao_ofensivo,hatebr
hatebr_5576,A solução é mandar essas crianças para Disney !,nao_ofensivo,hatebr
hatebr_5577,"Joice concordo com vc, o presidente fica desacreditado com os comentários dos filhos, é uma pena.",nao_ofensivo,hatebr
hatebr_5578,"Acham q a gente é besta!Se vissem o vídeo todo, não ficariam distorcendo a fala do @bolsonarosp sempre distorcem ou descontextualizam",nao_ofensivo,hatebr
hatebr_5579,Palavras firmes e sensatas enquanto você concorda com ela. Depois diz que está fora da realidade. Igual com o Olavo de Carvalho.,nao_ofensivo,hatebr
hatebr_5580,Pena que vc foi pro lado errado,nao_ofensivo,hatebr
hatebr_5581,Estes filhos do Bolsonaro podiam ficar quietos ne? Ajudaria muito!,nao_ofensivo,hatebr
hatebr_5582,Falou só a verdade,nao_ofensivo,hatebr
hatebr_5583,Última eleição votei nas duas nas próximas não votarei em nenhuma das duas taokey.,nao_ofensivo,hatebr
hatebr_5584,"Que fim político triste o seu Joice, não vou deixar de te seguir para ver o que vai dar, a cada dia vc se supera",nao_ofensivo,hatebr
hatebr_5585,Joyce dá uma força para o Brasil p**** tu tá fodas,nao_ofensivo,hatebr
hatebr_5586,O mineiro fala um dito popular muito bem aplicado aos filhos do Presidente: Quem fala demais da bom dia a cavalo!,nao_ofensivo,hatebr
hatebr_5587,"Esquece o filho do presidente um pouco Joice 🙏🏼 Faz seu trabalho de deputada, que foi pra isso que votei em vc",nao_ofensivo,hatebr
hatebr_5588,"Eu Votei em Bolsonaro e não no filho dele, Bolsonaro foi o único que deu a cara pra bater. Vi vc a um ano atrás comprando briga a qualquer custo pelo Bolsonaro. Até acho que vc ganharia a eleição mas não fácil como foi usando o nome dele. Só quero lhe perguntar uma coisa, Bolsonaro agora então não presta? Então quer dizer que daqui um ano vc pode mudar de ideia e dizer que vc estava errada de novo? Não estou entendendo o seu novo método e queria saber. Não só vc mas vários que a um ano atrás falava 10 palavras e 8 era Bolsonaro.",nao_ofensivo,hatebr
hatebr_5589,Meu Deus que perseguição é essa aos filhos do Presidente hein !!!,nao_ofensivo,hatebr
hatebr_5590,Exatamente . Está na hora de parar de falar besteira e de prejudicar a imagem do pai!,nao_ofensivo,hatebr
hatebr_5591,Amor platônico só pode aff.. Não fala mais de outra coisa..,nao_ofensivo,hatebr
hatebr_5592,"Tudo é uma questão de interpretação, nesse caso quem interpretou a fala tem interesse em denegrir a família Bolsonaro. E qualquer coisa que ele fale, vão sempre distorcer, porque são contra o governo. Não querem entender isso? Digo mais, muitos (as), se elegeram pegando essa carona, agora... quero só vê se muitos vão conseguir se reeleger. Duvido. Falei!",nao_ofensivo,hatebr
hatebr_5593,"Verdade, Janaína. Belo embaixador nós íamos ter",nao_ofensivo,hatebr
hatebr_5594,Mas já se retratou e coloca o pai em enrascada,nao_ofensivo,hatebr
hatebr_5595,"Ele nao viveu o,AI-5...",nao_ofensivo,hatebr
hatebr_5596,👏👏👏👏👏👏👏👏❤️ Sensatez! Essa é a palavra de ordem!,nao_ofensivo,hatebr
hatebr_5597,"Sou bolsonarista até debaixo d’água, vou votar nele novamente se for candidato à reeleição, mas os filhos do presidente precisam realmente colocar filtro na boca. Isso demonstra um pouco de imaturidade política dos mesmos. Mas vamos lá. BOLSONARO 2022 com certeza. 👍👍👍👏👏👏🇧🇷🇧🇷🇧🇷🇧🇷🇧🇷🇧🇷🇧🇷",nao_ofensivo,hatebr
hatebr_5598,"Achei desnecessário a fala dele, esse tipo fala so prejudica o nosso presidente. Muito cuidado no que falar",nao_ofensivo,hatebr
hatebr_5599,Existem os ingênuos e os canalhas... Janaína é ingênua!,nao_ofensivo,hatebr
hatebr_5600,E vc fomenta isso tudo é deve dar risada não???🤬,nao_ofensivo,hatebr
hatebr_5601,É isso! Mas eles acham q é perseguição pessoal,nao_ofensivo,hatebr
hatebr_5602,Correta afirmação! Estao areimando argumentos e justificativas para os contrarios usarem de artificio para derruba los,nao_ofensivo,hatebr
hatebr_5603,Ela tem toda razão! Pense antes de falar! 👊,nao_ofensivo,hatebr
hatebr_5604,Em boca fechada não entra mosca nem sai asneira.,nao_ofensivo,hatebr
hatebr_5605,Poderia falar um.pouco menos !!,nao_ofensivo,hatebr
hatebr_5606,Os filhos tem que deixar o pai trabalhar em paz. Será que dá pra ficar calados. É deixar o barco andar sem a interferência deles. Pelo o amor de Deus. Deixa o homem trabalhar.,nao_ofensivo,hatebr
hatebr_5607,É bom ter inimigos por perto para entender suas estratégias e Combater de modos eficaz...,nao_ofensivo,hatebr
hatebr_5608,"Deixando de seguir, pq @joicehasselmannoficial so perde tempo implicando com os bolsonaros...3...2..1...fui!",nao_ofensivo,hatebr
hatebr_5609,SE.VC.FAZER UMA PESQUISA. VC VAI VERBQIE MUITOS CONCORDAM. NAO DA MAIS ESSE STF ESSA ESQUERDA,nao_ofensivo,hatebr
hatebr_5610,Absolutamente certo É dar fogo para o inimigo,nao_ofensivo,hatebr
hatebr_5611,Os filhos do Bolsanario não merece este pai,nao_ofensivo,hatebr
hatebr_5612,"Oque fortalece a esquerda não são falas, falar até papagaio fala, oque fortalece o lado opositor são os motins.",nao_ofensivo,hatebr
hatebr_5613,Js estou falando a mesma coisa👏👏,nao_ofensivo,hatebr
hatebr_5614,Falar a verdade provoca nos isentões é deixa a esquerda louca. A munição é dada somente para a bolha que a todo custo que a derrubada do governo,nao_ofensivo,hatebr
hatebr_5615,"Exatamente , é o que acho.",nao_ofensivo,hatebr
hatebr_5616,Não acho não só enche de orgulho cada cidadão brasileiro ao ver um filho defender arduamente o seu pai.,nao_ofensivo,hatebr
hatebr_5617,Até os de direita acham! Pq não é preciso ser de esquerda ou de direita para identificarnos falas que são posições claras de afronta à democracia!,nao_ofensivo,hatebr
hatebr_5618,Já começou atacar???,nao_ofensivo,hatebr
hatebr_5619,Eita ganhado o público né 😎😎😎😎,nao_ofensivo,hatebr
hatebr_5620,Vdd. Não ajuda em nada.,nao_ofensivo,hatebr
hatebr_5621,"@bolsonarosp por favor vamos evitar polêmica é tudo que a esquerda quer, combustível p provocar incêndio..🤔",nao_ofensivo,hatebr
hatebr_5622,"Para Joice, tenho certeza que você entendeu a fala dele.....",nao_ofensivo,hatebr
hatebr_5623,"Eu não sei muito bem como foi esse tal de AI-5, mas vc não acha que teriam que medidas extremas se um grupo começasse a sequestrar aviões, matar autoridades como policiais?",nao_ofensivo,hatebr
hatebr_5624,Ninguém quer ou não tem coragem!,nao_ofensivo,hatebr
hatebr_5625,Janaína até você ????,nao_ofensivo,hatebr
hatebr_5626,De pleno acordo !,nao_ofensivo,hatebr
hatebr_5627,Há um ditado que boca fechada não entra mosquito.,nao_ofensivo,hatebr
hatebr_5628,Neste caso tb concordo! Não precisa dar argumentos e munição!,nao_ofensivo,hatebr
hatebr_5629,"Janaína Paschoal é muito sensata👏👏👏mais @joicehasselmannoficial admiro seu trabalho e sua garra em fazer o correto, no entanto esse tomaládacá entre vc e o filho do PR tá muito feio, acredito que vc seja madura o suficiente para ignora- lo e focar na sua carreira política.",nao_ofensivo,hatebr
hatebr_5630,É verdade @joicehasselmannoficial,nao_ofensivo,hatebr
hatebr_5631,Ao contrário de vc😂 🇧🇷👉,nao_ofensivo,hatebr
hatebr_5632,Concordo...fala sem aproveitamento nada ver....controla mais cumpadre...não de motivos para imprensa e aos esquerdistas....fazer estardalhaço....,nao_ofensivo,hatebr
hatebr_5633,Vc NÃO ganha mais eleição nem pra síndica de predio Joice.,nao_ofensivo,hatebr
hatebr_5634,..papai não tem mais controle sobre o bebê..,nao_ofensivo,hatebr
hatebr_5635,"Concordo plenamente! Se não temos argumentos que possam contribuir para o crescimento do país e a paz social, devemos calar-",nao_ofensivo,hatebr
hatebr_5636,"Esses filhos do presidente só atrapalham, cada um tem que seguir a sua própria vida.",nao_ofensivo,hatebr
hatebr_5637,é preciso pensar 10 X antes de falar para depois ter que pedir desculpas . Certos Bolsonaros deviam aprender isso . um leão nuca pede desculpas ..,nao_ofensivo,hatebr
hatebr_5638,Verdade! Ele deveria ficar calado! Só prejudica o governo do pai dele!,nao_ofensivo,hatebr
hatebr_5639,Verdade. E isso que os corruptos querem,nao_ofensivo,hatebr
hatebr_5640,"Tchau @joicehasselmannoficial Era pra mim já ter feito isso Mais tchau , E só um recado pede desculpa a família bolsonaro e a todos os brasileiros senão vai ficar feio pra vc , e os anos passam rápidos demais , e seja leal ao seu líder @jairmessiasbolsonaro e sua família Tchau",nao_ofensivo,hatebr
hatebr_5641,Perfeita como Sempre👏👏👏,nao_ofensivo,hatebr
hatebr_5642,Janaína porque vice quer calar o filho do presidente. Não é democracia?,nao_ofensivo,hatebr
hatebr_5643,Vc tem “ algo” de razão! Sou Bolsonaro mas eles tem q seguir o ditado BOCA FECHADA Ñ ENTRA MOSQUITO! Às vezes pra ajudar falar além ....,nao_ofensivo,hatebr
hatebr_5644,Falam mais da conta.. quiz dizer....,nao_ofensivo,hatebr
hatebr_5645,"Não concordo o que os esquerdistas falam não tem peso pessoal, comunitário muito menos Jurídico",nao_ofensivo,hatebr
hatebr_5646,"Com certeza. Com tantas notícias boas para celebrar na economia, pra que criar problemas onde não tem?",nao_ofensivo,hatebr
hatebr_5647,"Só atrapalham o pai, até quando isso hein",nao_ofensivo,hatebr
hatebr_5648,"Verdade ! Apesar de concordar com a fala dele, acho não deve falar o q pensa !",nao_ofensivo,hatebr
hatebr_5649,Dessa vez concordo com vc,nao_ofensivo,hatebr
hatebr_5650,Fale o que tem certeza que vai ter resposta pautada para o bem,nao_ofensivo,hatebr
hatebr_5651,"Sim, ela é mil vezes mais sensata que você. Que você diz querer o melhor para o Brasil, mas adora esquentar mais ainda o que está quente.. você quer é puxar pro seu lado!",nao_ofensivo,hatebr
hatebr_5652,As vezes tem pessoas com espirito inflexível não saber escutar precisa apanhar para amadurecer .,nao_ofensivo,hatebr
hatebr_5653,Será que o filho está fazendo isto pra prejudicar o pai?,nao_ofensivo,hatebr
hatebr_5654,"Não estou falando mau do outro tenho misericórdia todas as pessoas são boas apenas não abriram os olhos da mente a de Deus. Toda guerra começa dentro de si, outro é reflexo da nossa mente. Então é preciso refletir onde está a guerra dentro de si tudo reflexo . O espelho é nosso reflexo que vemos ao olhar da mesma forma nosso interior refletir no outro somos uma energia. Se mudamos o outro muda. Não mudamos ninguém. Mas qdo mudamos tudo muda só nosso redor. Reconcilia com todas as coisa do céu é da terra qdo reconciliar com todas as coisas do céu é da terra tudo será teu amigo. Agradeça a tudo mentalmente com mini obrigado a luz manifestará.",nao_ofensivo,hatebr
hatebr_5655,@joicehasselmannoficial não vi você fazer nenhum comentário sobre a fala do @senadorhumberto pq será só a narrativa da direita vale o da esquerda não ?,nao_ofensivo,hatebr
hatebr_5656,Não tente puxar a sardinha pro prato da Dra Janaína ... 🤭,nao_ofensivo,hatebr
hatebr_5657,"Seria um SONHO , se eu pudesse pegar suas mãozinhas , as mãozinhas do coleguinha, e fizesse vocês pedirem desculpas um ao outro , darem um abraço e voltarem a brincar no pátio... Seria um sonho de decência ! Engraçado eu ter que ensinar isso pras minhas crianças todos os dias, pra elas virarem adultos e fazerem tudo errado ! Parabéns ! Vocês foram eleitos como os coleguinhas mais difíceis da turma !👏",nao_ofensivo,hatebr
hatebr_5658,"Você tem toda razão... infelizmente, o próprio filho, o maior inimigo do pai!!!",nao_ofensivo,hatebr
hatebr_5659,Janaína tem razão...,nao_ofensivo,hatebr
hatebr_5660,Parem de seguir essa mulher. Os números de seguidores estão caindo.,nao_ofensivo,hatebr
hatebr_5661,Esses filhos vão acabar com o mandato do pai,nao_ofensivo,hatebr
hatebr_5662,Verdade! É preciso ser sábio e medir as palavras para não dar brechas aos inimigos! A vitória com sabedoria e verdade conquista uma nação!,nao_ofensivo,hatebr
hatebr_5663,"A verdade é uma só. Quem quer entender de boa Fé entenderá, mas quem não quer, não fará questão. 🇧🇷✅💚 A maldade é o caminho mais rápido para alcançar o topo do pódio, porém terá que descer, terá que colher o que plantou. Até os maus pensamentos se terá colheitas. 🇧🇷🇧🇷🇧🇷🇧🇷🇧🇷 Picuinhas é o maior desastre para um político HOJE. Se falou tão bem ontem hoje, inimigo. Não confio em tal pessoa que assim faz.",nao_ofensivo,hatebr
hatebr_5664,"Acho bom é todos que colaram no Presidente durante a campanha ir trabalhar. Uma rede social tão bem acompanhada podendo ser usada para informações de real relevância, agora é só para você de fazer de vítima @joicehasselmannoficial ? Você é maior e mais inteligente do que toda essa situação mulher.😘",nao_ofensivo,hatebr
hatebr_5665,"Joice , gosto de vc ... mas ao que parece vc saiu um pouco da rota. Siga as condutas da Janaína. Não precisa concordar com tudo. Mas suas atuações estão bem tristes",nao_ofensivo,hatebr
hatebr_5666,"Verdade , é tudo que os inimigos querem",nao_ofensivo,hatebr
hatebr_5667,Esses filhos do presidente estão acabando com a imagem dele e fortalecendo a esquerda. Difícil!,nao_ofensivo,hatebr
hatebr_5668,Isto e vetdade,nao_ofensivo,hatebr
hatebr_5669,Vocês duas são iguais,nao_ofensivo,hatebr
hatebr_5670,"Continue firme 😍Sou mais à esquerda, mas gosto da senhora. É responsável, sensata e inteligente! Autoritarismo de esquerda ou de direita é um erro, e nosso fracasso se equilibra nesses extremos... 🇧🇷",nao_ofensivo,hatebr
hatebr_5671,"Tudo eles tem que tá medido, deixa a justiça resolver",nao_ofensivo,hatebr
hatebr_5672,"Verdade. toda vez que abre a boca, os filhos do presidente dão munição para a esquerda ficar fortalecida em seus atos para derrubar o nosso Presidente",nao_ofensivo,hatebr
hatebr_5673,Em outros tempos vc não postaria isso...,nao_ofensivo,hatebr
hatebr_5674,"Concordo plenamente com sua fala, e o maior sábio é ficar em silêncio para evitar os inimigos.",nao_ofensivo,hatebr
hatebr_5675,E ainda mais tendo uma aliada como vc a esquerda está bem,nao_ofensivo,hatebr
hatebr_5676,E dar audiência é o que???? Ajuda???,nao_ofensivo,hatebr
hatebr_5677,"Não são Fala irresponsáveis, são falas que o povo gostaria de dizer",nao_ofensivo,hatebr
hatebr_5678,"Parabéns Guerreira, tens meu respeito e apoio.",nao_ofensivo,hatebr
hatebr_5679,vá em frente Deputada,nao_ofensivo,hatebr
hatebr_5680,Que discurso irretocável!👏👏👏👏👏👏,nao_ofensivo,hatebr
hatebr_5681,"👏👏👏👏 amei ouvir as suas palavras Benedita, vc é nota mil",nao_ofensivo,hatebr
hatebr_5682,Inacreditável que esse senhor fez...e ficar impune!!!,nao_ofensivo,hatebr
hatebr_5683,👏👏👏👏👏👏👏👏👏parabéns vamos tira esse governo sujo,nao_ofensivo,hatebr
hatebr_5684,Ela estava emocionada,nao_ofensivo,hatebr
hatebr_5685,@joserodrigope vê esse discurso,nao_ofensivo,hatebr
hatebr_5686,Inaceitável esse tipo de atitude deste deputado precisa ser punido #insano,nao_ofensivo,hatebr
hatebr_5687,Parabéns falou tudo e muito difícil ser Negro neste País,nao_ofensivo,hatebr
hatebr_5688,#A luta não pode parar👏👏,nao_ofensivo,hatebr
hatebr_5689,Racistas não passarão !!!,nao_ofensivo,hatebr
hatebr_5690,Todo apoio a deputada Benedita Silva todo meu repúdio a esse Tadeu que não representa😂a nação brasileira,nao_ofensivo,hatebr
hatebr_5691,Racismo e ditadura nunca mais,nao_ofensivo,hatebr
hatebr_5692,"Nunca houve isso no Brasil o Bolsonaro semeou está descriminação contra a os negros ,os gays, contra a todos. O quê que este homem aínda está fazendo no governo.",nao_ofensivo,hatebr
hatebr_5693,"Parabéns ao deputado coronel Tadeu, se fosse eu tinha feito pior",nao_ofensivo,hatebr
hatebr_5694,Retada!! É isso Benedita!!,nao_ofensivo,hatebr
hatebr_5695,🤔🤔😮 muito bem 👏👏👏👏👏 muito bem muito bem 👏👏👏👏👏👏👏👏👏👏👏,nao_ofensivo,hatebr
hatebr_5696,Está e a nossa deputada Benedita linda guerreira parabéns estamos juntos,nao_ofensivo,hatebr
hatebr_5697,Fala ai da condenacao do companheiro pimentel😁😁😁😁😁😁,nao_ofensivo,hatebr
hatebr_5698,Muito inteligente!👏👏,nao_ofensivo,hatebr
hatebr_5699,Foi um desrespeito aos policiais. Policiais são heróis. Respeitem quem luta contra o crime. Babdido negro pode? Tenha dor!,nao_ofensivo,hatebr
hatebr_5700,Respeitem aqueles que saem todos os dias de casa pra nos defender. Respeitem a policia brasileira.,nao_ofensivo,hatebr
hatebr_5701,"Parabéns deputada pela sua fala, brilhante intervenção no plenário, uma voz firme quantra o preconceito. E viva o dia da concorrência negra.",nao_ofensivo,hatebr
hatebr_5702,"Parabéns Benedita, pra cima deles",nao_ofensivo,hatebr
hatebr_5703,"Estou contemplado com a fala da Dep. Benedita da Silva! Simbolicamente somos açoitados todos os dias por causa do Racismo Estrutural. O Maranhão clama por justiça, contra a perda de nossos direitos. Precisamos ser maioria nos espaços de poder para fazer a Lei ser cumprida.",nao_ofensivo,hatebr
hatebr_5704,A rocha eles pra saber ter respeito pelo o nosso povo brasileiro,nao_ofensivo,hatebr
hatebr_5705,Deus esteja contigo deputada 😢😢,nao_ofensivo,hatebr
hatebr_5706,"Mulher como você que queremos para nós representar! Forte, guerreira e muito inteligente admiração eterna.#somosumaso",nao_ofensivo,hatebr
hatebr_5707,Se ele faz isso aí na câmera imagina nas ruas em casa.🤔😕,nao_ofensivo,hatebr
hatebr_5708,"Maravilha deputada, parabéns",nao_ofensivo,hatebr
hatebr_5709,Tem que arrumar casa🇧🇷🇧🇷🇧🇷,nao_ofensivo,hatebr
hatebr_5710,Violência inaceitável é culpar policiais de genocídio contra negros,nao_ofensivo,hatebr
hatebr_5711,Benedita mim representando,nao_ofensivo,hatebr
hatebr_5712,"E isso dá no que? Infelizmente ninguém é punido com a indignação, fica por isso mesmo.",nao_ofensivo,hatebr
hatebr_5713,"Imediatamente abrir um processo de cassação desse deputado por falta de decoro parlamentar, destruição do patrimônio público e crime de racismo!",nao_ofensivo,hatebr
hatebr_5714,Essa mulher negra me representa parabéns Benedita . O Racismo é uma coisa Orivél infelizmente esse país é um país racista . Quem não é negro de pele e um negro branco ou seja tem sangue negro.,nao_ofensivo,hatebr
hatebr_5715,❤️❤️❤️❤️❤️❤️❤️Eu amo muito você vs Experiência com todo meu Respeito a você. Parabéns parabéns parabéns parabéns parabéns parabéns parabéns parabéns parabéns parabéns,nao_ofensivo,hatebr
hatebr_5716,Que orgulho dela❤️,nao_ofensivo,hatebr
hatebr_5717,Muito obrigada vs Experiência a senhora é a minha voz .,nao_ofensivo,hatebr
hatebr_5718,O Brasil nao podem ter racistas porque Uma naçao forte e Uma pais desenvolvido so cresce com a uniao de todos um presiza do outro,nao_ofensivo,hatebr
hatebr_5719,Muito obrigada por ter essa voz para com o povo negro desse país . Dos meus olhos saíram lágrimas .,nao_ofensivo,hatebr
hatebr_5720,Emocionante seu discurso Benedita!!!!,nao_ofensivo,hatebr
hatebr_5721,"👏👏👏👏👏👏👏👏👏👏Benedita representa mais de 54 % da população Brasileira ,eu repúdio esse Ato inaceitável nesta casa legislativa ,foi a prova de que o racismo Institucional prevalece em todas as faces da sociedade brasileira ! Vergonha! Que se faça justiça ! Obrigada Deputada !",nao_ofensivo,hatebr
hatebr_5722,"Benedita, Perfeita do Rio de Janeiro!!! @ptbrasil novo, de novo!! #LulaLivre!!!",nao_ofensivo,hatebr
hatebr_5723,#chorei Benedita!,nao_ofensivo,hatebr
hatebr_5724,Quanta indignação! Benedita. Que grande mulher.,nao_ofensivo,hatebr
hatebr_5725,Que discurso emocionante! Parabéns Benedita 👏👏👏,nao_ofensivo,hatebr
hatebr_5726,Vc me representa deputada Benedita👏👏👏👏👏💕💕💕💕💕🇧🇷🇧🇷🇧🇷🇧🇷,nao_ofensivo,hatebr
hatebr_5727,"👏👏👏👏👏...poxa vida eu tô chorando aqui...me sinto um lixo em carregar na pele essa historicidade em saber que antepassados cometeram esse genocídio....tenho vergonha em ser branco, quando vejo um lixo desses cometer um ato de total violência e desrespeito com os verdadeiros lutadores e lutadoras desse país...o povo que construiu o Brasil de cabo a rabo levantou no braço essa estrutura que vivemos hj....jamais estarei cem por cento feliz com minha herança que até onde eu sei se restringe a falta de melanina... como eu queria que o sangue da minha bisavó que era cabocla bugra tivesse sido mais forte do que do meu bisavô...mas não posso mudar o passado me cabe então dar todo amor a minhas filhas para se espelharem nessa mulher GUERREIRA que agora tem a fala... para que jamais compactuem com qualquer ato arrogante discriminatório!!!! Máximo respeito a senhora Banedita e sua luta, que também é minha, é de tod@s que acreditam no AMOR ao invés do ódio!!!!",nao_ofensivo,hatebr
hatebr_5728,"Eita cheguei até me arrepiar, forte",nao_ofensivo,hatebr
hatebr_5729,Mulher guerreira ❤️,nao_ofensivo,hatebr
hatebr_5730,"Essa me representa apesar de eu nao ser negro, parabens é isso mesmo nao deixa esse canalha ficar impune.",nao_ofensivo,hatebr
hatebr_5731,Muito triste e revoltante,nao_ofensivo,hatebr
hatebr_5732,"👏👏👏👏👏👏👏essa mulher é uma grande guerreira, que Deus te livre e te guarde dona Benedita 👏👏👏👏👏😍😍",nao_ofensivo,hatebr
hatebr_5733,Sou negrão e essa mulher não me representa ...,nao_ofensivo,hatebr
hatebr_5734,Parabéns guerreira!!!,nao_ofensivo,hatebr
hatebr_5735,Muito linda a fala!!! Força a todos vocês e que esse coronel seja devidamente punido!,nao_ofensivo,hatebr
hatebr_5736,É tem negro defendendo essa barbárie!,nao_ofensivo,hatebr
hatebr_5737,"Repúdio total pelo comportamento racista desse coronel de bordel, a quem ela se dirige com todo respeito, tratando-o como excelência, parabéns deputada Benedita pela bela explanação, estamos engajados nessa luta!",nao_ofensivo,hatebr
hatebr_5738,Amei sua fala Benedita💋,nao_ofensivo,hatebr
hatebr_5739,Parabéns ... isso mesmo não pode deixar ...tem que haver um basta nessa falta de respeito para com os negros .,nao_ofensivo,hatebr
hatebr_5740,❤️❤️❤️ Bene disse tudo. Esse ignóbil faltou aulas de História.,nao_ofensivo,hatebr
hatebr_5741,"K vergonha, alguém k foi eleito pelo povo, sendo racista, espero k os eleitores desse deputado vejam isso...🤔🤔🤔",nao_ofensivo,hatebr
hatebr_5742,PARABÉNS DEPUTADA,nao_ofensivo,hatebr
hatebr_5743,Faz ele pagar cada centavo👍,nao_ofensivo,hatebr
hatebr_5744,Benê gerrueira gigante 💕 🔥,nao_ofensivo,hatebr
hatebr_5745,Nossa ela falou tudo que nós queríamos 👏,nao_ofensivo,hatebr
hatebr_5746,"Lamentável em pleno século 21 , não conseguimos combater literalmente o preconceito Racial",nao_ofensivo,hatebr
hatebr_5747,"Palavras corretas Benedita, abaixo o racismo, é preciso no dia da consciência negra temos consciência humana parabéns Benedita",nao_ofensivo,hatebr
hatebr_5748,👏👏👏👏👏👏👏👏muito feio e constrangedor ...para que essa violência ?,nao_ofensivo,hatebr
hatebr_5749,Todos somos iguais.,nao_ofensivo,hatebr
hatebr_5750,Atual governo é responsável..,nao_ofensivo,hatebr
hatebr_5751,Para bens Benedita pelo proniciamento,nao_ofensivo,hatebr
hatebr_5752,Vamos lutar pelo respeito à nossa raça,nao_ofensivo,hatebr
hatebr_5753,"Deputada Benedita,me sinto representada por vc ,pela Jandira. #RACISTA NÃO PASSARÃO",nao_ofensivo,hatebr
hatebr_5754,Benedita não se altere porque esse ato cometido foi por gente que tem alma escura !,nao_ofensivo,hatebr
hatebr_5755,"Nos becos e vielas deste o país, são repetidos dioturnamente comportamentos inaceitáveis como este, se não fosse detector de metais daquela casa, certamente o manifestante não teria utilizado mãos e pés para rasgar, e sim, os dedos para engatilhar. Parabéns Deputada, que não falte nesta casa a voz do contraponto.",nao_ofensivo,hatebr
hatebr_5756,Benedita parabéns ❤️,nao_ofensivo,hatebr
hatebr_5757,"Bené, grande desbravadora! Força, somos maioria e merecemos respeito.",nao_ofensivo,hatebr
hatebr_5758,Triste episódio às vésperas do Dia da Consciência Negra. Racistas não passarão🙌,nao_ofensivo,hatebr
hatebr_5759,"Vamos continuar assistindo muito mais, com esses novos governantes!",nao_ofensivo,hatebr
hatebr_5760,"Por anos fomos vistos internacionalmente como um povo pacifico que convivia com a diversidade brasileira. Hj vivemos o genocídio denegros, negras e indigenas....Inaceitável! Estranho, bizarro!",nao_ofensivo,hatebr
hatebr_5761,Belíssimo discurso! @instadabene @gleisihoffmann @_mariadorosario Admirável a resistência dessas mulheres. Obrigado a todas vcs!,nao_ofensivo,hatebr
hatebr_5762,Um desgaste muito grande para o congresso nacional tem que ser punido severamente.,nao_ofensivo,hatebr
hatebr_5763,Muito bem colocado👏👏👏👏👏,nao_ofensivo,hatebr
hatebr_5764,"Deputada o tapa foi na cara de todos nós que sendo pardos, brancos, índios, etc estrangeiras ou não sentimos a mesma dor, essa violência atingiu toda humanidade que tem respeito e dignidade.",nao_ofensivo,hatebr
hatebr_5765,Tempos sombrios assolam-nos !! Triste! A luta não pode parar!!👏👏👏👏👏,nao_ofensivo,hatebr
hatebr_5766,eu sinto a indignação,nao_ofensivo,hatebr
hatebr_5767,@instadabene sempre muito pontual.,nao_ofensivo,hatebr
hatebr_5768,"Benedita me representa, racismo é crime!",nao_ofensivo,hatebr
hatebr_5769,👏👏 👏👏 parabéns vamos fazer valer a justiça!!,nao_ofensivo,hatebr
hatebr_5770,Triste é ver gente que defende o indefensável 😢😢😢que seres são esses?,nao_ofensivo,hatebr
hatebr_5771,👏👏👏👏Benedita cuide se querida .,nao_ofensivo,hatebr
hatebr_5772,Como esses que defendem conseguem explicar a morte da pequena Agata?,nao_ofensivo,hatebr
hatebr_5773,Espero que tenham chamado a POLÍCIA !!!!,nao_ofensivo,hatebr
hatebr_5774,Totalitarismo não passará.,nao_ofensivo,hatebr
hatebr_5775,Benedita é um patrimônio da comunidade negra e do Rio... orgulho da raça...fora racistas!!!!,nao_ofensivo,hatebr
hatebr_5776,Mostro sempre Benedita falando para minhas filhas branquinhas... quero beneditas ao meu redor!!!! Fora racistas.!!!!,nao_ofensivo,hatebr
hatebr_5777,Estamos juntos! Somos Brasil! Somos de todas as cores!,nao_ofensivo,hatebr
hatebr_5778,"Que representantes (PSL) são esses? Que tipo de ser representam??? Repúdio por esse ato racista, sim! Não há justificativa!",nao_ofensivo,hatebr
hatebr_5779,"Tenho medo do rumo que o Brasil está tomando, medo de criar minhas filhas neste caos chamado Brasil. 😣😣😣",nao_ofensivo,hatebr
hatebr_5780,Essa mulher me representa!👏👏👏👏,nao_ofensivo,hatebr
hatebr_5781,Força deputada #beneditadasilva A senhora como negra me representa 👏,nao_ofensivo,hatebr
hatebr_5782,"Fico me perguntando o quê de grave, como perdas de garantias individuais e coletivas e à soberania, estarão ocultando os parlamentares ao repercutirem com grande ênfase nas redes Sociais a atitude racistas do coronel deputado. #PL2418não",nao_ofensivo,hatebr
hatebr_5783,Benedita você é sensacional!,nao_ofensivo,hatebr
hatebr_5784,"Boa noite Deputada federal Benedita da Silva, Processo Nele",nao_ofensivo,hatebr
hatebr_5785,"Com certeza! Repúdio ao ato de Vandalismo do tal , Coronel Tadeu do PSL.",nao_ofensivo,hatebr
hatebr_5786,Bravo Bene👏👏👏👏👏👏👏👏👏,nao_ofensivo,hatebr
hatebr_5787,Representou. Como sempre!,nao_ofensivo,hatebr
hatebr_5788,"Que fala! Que reflexão! Benedita, a senhora é show!",nao_ofensivo,hatebr
hatebr_5789,@instadabene Não decepciona l! Bene prefeita do rio,nao_ofensivo,hatebr
hatebr_5790,"Não imaginava que às vésperas do Dia da Consciência Negra fosse ver uma deputada precisando ser tão combativa para enfrentar o racismo. Toda solidariedade. E Maia, reponha o quadro! Não tem essa de talvez seja uma mensagem injusta, generaliza a polícia. Não me venha com essa de generalização da polícia num país onde a polícia mata a juventude negra todo dia. O genocídio é generalizado. Parem de acobertar militares!",nao_ofensivo,hatebr
hatebr_5791,"A partir do momento que acontece uma coisa dessa, não é defender partidos de esquerda, É SER HUMANO E PERCEBER QUE ISSO NÃO SE FAZ EM UMA CASA DA DEMOCRACIA!",nao_ofensivo,hatebr
hatebr_5792,Nuuu arrepiei com esse discurso!!!!! 👏👏👏👏,nao_ofensivo,hatebr
hatebr_5793,Ae @j.victors_ se liga nesse relato que aconteceu hoje...entendeu como é estar do lado amor e não ódio.,nao_ofensivo,hatebr
hatebr_5794,Tem toma providências mesmo,nao_ofensivo,hatebr
hatebr_5795,"Deputados, senadores quebram decoro, rasgam a constituição e nada acontece com vcs!",nao_ofensivo,hatebr
hatebr_5796,"Não tenho palavras para expressar a minha tristeza 😢 diante deste enorme desrespeito, um desrespeito não somente contra a Deputada Benedita da Silva mas contra toda a população negra! eu confesso que fiquei surpreso ao ver aqui que a exposição foi um ato de denegrir a imagem da polícia! meu Deus! que falta de conhecimento! eu sou branco mas fui criado por duas irmãs negras que cuidaram de mim e dos meus irmãos, e diante desta agressão eu não poderia me calar!!!",nao_ofensivo,hatebr
hatebr_5797,Minha deputada do coração.,nao_ofensivo,hatebr
hatebr_5798,Filha de negros sou branca por capricho da natureza. Mas faço questão de gritar. NEGRA SIM! NEGRA SOU!,nao_ofensivo,hatebr
hatebr_5799,"Inaceitável! Esses fascista racistas estão tendo muito espaço. Cada vez que agem como agiu esse coronel, a quem eu jamais chamaria de vossa excelência, sem que haja qualquer punição ou consequencia, mais estimulados eles são para cometer seus desatinos. Eu o chamaria de vossa excrescência!",nao_ofensivo,hatebr
hatebr_5800,Parabéns Benedita você me representa,nao_ofensivo,hatebr
hatebr_5801,Parabéns deputada Benedita por lutar contra o racismo em nosso país 👏👏👏👏👏👏,nao_ofensivo,hatebr
hatebr_5802,Da lhe Benedita da silva,nao_ofensivo,hatebr
hatebr_5803,Parabéns Deputada Benedita excelente discurso e pratica.Todos contra o racismo.,nao_ofensivo,hatebr
hatebr_5804,Mulher arretada 👏👏👏,nao_ofensivo,hatebr
hatebr_5805,Minha vó era pretinha mais tinha mais caráter e respeito ao próximo humildade jenerozidadi do que muitos branquinho. viva ao nosso pretinho. parabéns quê Deus abençoe vocês com muita união í país sejao feliz vocês mora nu meu coração í não paga aluguel Deus e fiel amo muito vocês 👏👏👏👏👏👏👏👏👏👏👏💟💟💟💟💟💟💟💟💟💟💕💕💕💕💕💕💕💕💕💕💕💕💕💕💕💕💕💕💕💕💕💕💕💕💕💕💕💕💕💕💕💕💕💕💕💕,nao_ofensivo,hatebr
hatebr_5806,LINDO. fora racistas. fora fascistas,nao_ofensivo,hatebr
hatebr_5807,"Quem conhece sua história Benedita da Silva, te louva, DEUS abençoe sempre Beijos te amamos, 🙏👏👏👏💋♥️",nao_ofensivo,hatebr
hatebr_5808,Parabéns minha gerreira 👏👏👏👏👏👏💟💟💟💟💕💕💕💕💕💕💕,nao_ofensivo,hatebr
hatebr_5809,Benedita maravilhosa,nao_ofensivo,hatebr
hatebr_5810,"Benedita, vc me representa!",nao_ofensivo,hatebr
hatebr_5811,"@tiamaoficial precisamos do seu apoio, independente de afinidade política. Isso não pode ficar assim, precisamos divulgar este vídeo.",nao_ofensivo,hatebr
hatebr_5812,Tem que abrir processo disciplinar por quebra de decoro na forma do regimento. Pelo vandalismo e pelo ato de racismo.,nao_ofensivo,hatebr
hatebr_5813,"🌷 Mulher guerreira, te amo Benedita. 💞👏👏👏👏👏",nao_ofensivo,hatebr
hatebr_5814,Tem ter punição a essa grande falta de respeito.,nao_ofensivo,hatebr
hatebr_5815,Benedita como sempre!!!!! Arrebentando!!!!👏👏👏👏,nao_ofensivo,hatebr
hatebr_5816,VIVA BOLSONARO 🇧🇷🇧🇷🇧🇷🇧🇷,nao_ofensivo,hatebr
hatebr_5817,"👏👏👏 lamentável que ainda existam pessoas assim, pois somos todos irmãos.",nao_ofensivo,hatebr
hatebr_5818,"Quebraram a Placa de Marielle ao Vivo e a Cores, a Televisão Filmou, TODOS Assistiram, NINGUÉM fez Nada e os caras foram eleitos. Agora Isso !!! Realmente, é um Túnel SEM Luz no final 😭😭😭😭😭",nao_ofensivo,hatebr
hatebr_5819,FORCA benedita! nao deixe passar em branco esse absurdo ! coronel ou nao isso e crime!,nao_ofensivo,hatebr
hatebr_5820,👏👏👏👏👏👏👏👏👏👏PARABÉNS Deputada Benedita 💪👏👏👏👏👏👏👏👏👏,nao_ofensivo,hatebr
hatebr_5821,Benedita é uma grande voz que representa o povo. Escutem essa mulher!👏🏿👏🏿👏🏿👏🏿✊🏾,nao_ofensivo,hatebr
hatebr_5822,Absurdo! Linda fala ❤️,nao_ofensivo,hatebr
hatebr_5823,Benedita é uma fortaleza.,nao_ofensivo,hatebr
hatebr_5824,"Minha solidariedade hoje e sempre, Manu! Minha solidariedade a você, sua filha, sua família!🌻",nao_ofensivo,hatebr
hatebr_5825,Parabéns e OBRIGADO!,nao_ofensivo,hatebr
hatebr_5826,Parabéns Benedita pela indignação.,nao_ofensivo,hatebr
hatebr_5827,Parabéns companheira,nao_ofensivo,hatebr
hatebr_5828,Jesus o que tá acontecendo,nao_ofensivo,hatebr
hatebr_5829,Parabéns Deputada pela sua firmeza e colocações. 😍😍😍👏👏👏👏,nao_ofensivo,hatebr
hatebr_5830,Isso não pode mais aconter mais 😡😡😡😡,nao_ofensivo,hatebr
hatebr_5831,SOMOS TODOS NEGROS APOIO A DEPUTADA BENEDITA ❤️,nao_ofensivo,hatebr
hatebr_5832,Que discurso!👏👏 Sorte nossa ter vcs nos representando diante desse caos todo,nao_ofensivo,hatebr
hatebr_5833,"Sinto mto, minha amiga. Sinto por vc, pela Laura e por tudo que vcs representam pra tantas de nós. Minha solidariedade, meu abraço, e meu compromisso de luta para combater esse horror. Vc é uma mulher extraordinária @manueladavila, como tenho certeza q Laura tb será.💜 meu abraço. 🌻",nao_ofensivo,hatebr
hatebr_5834,Bravíssima colocação! É de aplaudir de pé! 😀✊🏾👏🏾👏🏾👏🏾👏🏾,nao_ofensivo,hatebr
hatebr_5835,Calma gente. Ele vai pagar no mínimo com o cargo que ocupa.,nao_ofensivo,hatebr
hatebr_5836,A deputada Benedita meus parabéns pelo seu pronunciamento correto. Essa é verdadeira. 👏👏,nao_ofensivo,hatebr
hatebr_5837,É nós companheira!!,nao_ofensivo,hatebr
hatebr_5838,👏👏👏👏parabéns Benedita orgulho de sua resistência,nao_ofensivo,hatebr
hatebr_5839,"Deputada Benedita, mulher brasileira, negra, guerreira vc nos representa......",nao_ofensivo,hatebr
hatebr_5840,Parabéns deputada a luta contra todo tipo de preconceito é válido e contante pessoas como esse deputado tem muitos travestidos de democrata e não racista e muito menos preconceituoso,nao_ofensivo,hatebr
hatebr_5841,Sem palavras muito contundente,nao_ofensivo,hatebr
hatebr_5842,"Obrigado deputada, continue defendendo nossa classe.",nao_ofensivo,hatebr
hatebr_5843,Essa me representa 👏👏👏👏👏,nao_ofensivo,hatebr
hatebr_5844,Perfeita! Seja firme e forte minha querida. Pq muitos são fracos e inertes diante de um absurdo. 👏💗,nao_ofensivo,hatebr
hatebr_5845,"Parabéns ministro, vc esta do lado dos Brasil e dos brasileiros de bem 👏👏👏👏👏👏👏💙💚💛",nao_ofensivo,hatebr
hatebr_5846,Graças a Deus aleluia,nao_ofensivo,hatebr
hatebr_5847,É bom o Fachin evitar andar de helicóptero ou avião fretado...,nao_ofensivo,hatebr
hatebr_5848,Tem que ser matida para o bem do nosso Brasil..🇧🇷🇧🇷🇧🇷🇧🇷🇧🇷,nao_ofensivo,hatebr
hatebr_5849,Muito bem ministro.,nao_ofensivo,hatebr
hatebr_5850,"Até que enfim ,alguém com mais ...juizo👏👏👏👏",nao_ofensivo,hatebr
hatebr_5851,Vamos ver o que vai dar.,nao_ofensivo,hatebr
hatebr_5852,Não tinha anulado este processo?,nao_ofensivo,hatebr
hatebr_5853,Tem dinheiro... responde em liberdade 😡 lamentável,nao_ofensivo,hatebr
hatebr_5854,Ministro tu és um cidadão descente pois não se deixa levar por blandiciosos. Parabéns!!!,nao_ofensivo,hatebr
hatebr_5855,"Muitooo beeem , um juiz forte e seguro, fazendo a justiça valer a pena, parabéns.",nao_ofensivo,hatebr
hatebr_5856,MUITISSIMO BEM MINISTRO FACCHIN ! ALGUEM TEM QUE TER JUIZO NESSE STF!!!!!!!,nao_ofensivo,hatebr
hatebr_5857,Jesus Ressuscitado está no comando !,nao_ofensivo,hatebr
hatebr_5858,Esse sim representa o povo brasileiro!,nao_ofensivo,hatebr
hatebr_5859,Isso ai poq nao fica quieto na dele,nao_ofensivo,hatebr
hatebr_5860,Parabéns pra ele mais um não kkkkkkkkk,nao_ofensivo,hatebr
hatebr_5861,O Lula vai ?,nao_ofensivo,hatebr
hatebr_5862,Parabéns ministro Fachin tenha coragem e seja firme nesse momento a maioria dos brasileiros está te apoiando,nao_ofensivo,hatebr
hatebr_5863,Fez muito bem,nao_ofensivo,hatebr
hatebr_5864,Pelo menos uma boa noticia!,nao_ofensivo,hatebr
hatebr_5865,Aínda existem homem de honra no STF,nao_ofensivo,hatebr
hatebr_5866,"Arre, alguém que ainda resiste aos “encantos” de Lula.",nao_ofensivo,hatebr
hatebr_5867,Mostrou-se Dr honrado & Digno.👏👏👏👏👏👏👏👏👏👏,nao_ofensivo,hatebr
hatebr_5868,É só O que falta,nao_ofensivo,hatebr
hatebr_5869,Pelamos uma notícia boa 👏👏👏,nao_ofensivo,hatebr
hatebr_5870,O engraçado é que não deve nada!!,nao_ofensivo,hatebr
hatebr_5871,Estamos de olho !,nao_ofensivo,hatebr
hatebr_5872,Deus acima de tudo!!!,nao_ofensivo,hatebr
hatebr_5873,👏👏👏👏👏👏PARABÉNS FACHIM,nao_ofensivo,hatebr
hatebr_5874,👏avante meu Brasil 👏,nao_ofensivo,hatebr
hatebr_5875,"Prezada deputada Joice, apesar de todo o ataque que você já sofreu, você continua firme na sua defesa do Brasil e de apoio ao governo do PR Bolsonaro. Isso é uma prova de seu caráter, desprendimento e amor pelo país. Por tudo isso, minha admiração por você cresceu ainda mais. Tenho orgulho de ter votado em você e tenha em mente que terá sempre o meu apoio. Parabéns por tudo o que tem feito por nós.",nao_ofensivo,hatebr
hatebr_5876,A mesma história de sempre e Lula continua solto.,nao_ofensivo,hatebr
hatebr_5877,"Q Lula pensa, q é Deus?",nao_ofensivo,hatebr
hatebr_5878,Como é rápido os processos de Lula sempre!!! o q ele é mais é outros,nao_ofensivo,hatebr
hatebr_5879,Ótimo ! É impossível se esconder debaixo do tapete !!!,nao_ofensivo,hatebr
hatebr_5880,Pelo menos isso 👏,nao_ofensivo,hatebr
hatebr_5881,Justiça seja feita !,nao_ofensivo,hatebr
hatebr_5882,Parabéns Excelência 👏🏻👏🏻👏🏻👏🏻👏🏻👏🏻👏🏻👏🏻🇧🇷🇧🇷🇧🇷,nao_ofensivo,hatebr
hatebr_5883,Muita ousadia deste lula,nao_ofensivo,hatebr
hatebr_5884,"SENSACIONAL É BEM PÔR AI MESMOOO, ELE ESTÁ PREOCUPADO PORQUÊ SERA, QUEM Ñ DEVE Ñ TEME, SIMPLES ASSIM!!!",nao_ofensivo,hatebr
hatebr_5885,Enfim alguém teve bom senso 🙏🙏🙏🙏,nao_ofensivo,hatebr
hatebr_5886,👏👏👏👏 Parabéns Ministro pela decisão sensata!!!,nao_ofensivo,hatebr
hatebr_5887,Boa Fachin,nao_ofensivo,hatebr
hatebr_5888,parabéns!!!! O Sr. REALMENTE é um homem de caráter !!!!,nao_ofensivo,hatebr
hatebr_5889,Fachin e Barroso ainda se salvam!,nao_ofensivo,hatebr
hatebr_5890,até que enfim uma boa notícia!,nao_ofensivo,hatebr
hatebr_5891,"Deus está acima das leis dos homens. Porém, qdo descumprimos as leis da Justiça Divina, só resta nos ajoelharmos e clamar por misericórdia para que Deus nos dê sabedoria para suportar as consequências. 1 Coríntios 6.12 Todas as coisas me são lícitas, mas nem todas as coisas convêm. Todas as coisas me são lícitas mas eu não me deixarei dominar por nenhuma delas.",nao_ofensivo,hatebr
hatebr_5892,O Ministro Fachin foi justo na primeira decisão e nesta mais ainda. Lula de novo à Curitiba caro Sr ministro.!!👍,nao_ofensivo,hatebr
hatebr_5893,O MINISTRO FACHIN MERECE NOSSO RESPEITO!!!!,nao_ofensivo,hatebr
hatebr_5894,Estão querendo prender Lula de novo.,nao_ofensivo,hatebr
hatebr_5895,👏👏👏👏👏👏 Esse Ministro Fachin e um homem de caráter ímpar parabéns,nao_ofensivo,hatebr
hatebr_5896,A justiça com Lula vai a jato,nao_ofensivo,hatebr
hatebr_5897,Que a justiça aconteça em nome de Jesus,nao_ofensivo,hatebr
hatebr_5898,Obrigada parabéns ainda tem algumas lei neste país,nao_ofensivo,hatebr
hatebr_5899,Ainda temos ministros que defendem a lei nesse país. Parabéns ao Ministro.,nao_ofensivo,hatebr
hatebr_5900,É isso aí ministro. Este podemos chamar de Vossa excelência pois está honrando seu mandato e principalmente não está nos decepcionando. 👏👏👏👏👏👏👏,nao_ofensivo,hatebr
hatebr_5901,As vezes eles acertam,nao_ofensivo,hatebr
hatebr_5902,Um dos 4 ministros sérios do STF. O resto....,nao_ofensivo,hatebr
hatebr_5903,🙌 Deus é justo,nao_ofensivo,hatebr
hatebr_5904,Pelo menos uma dentro,nao_ofensivo,hatebr
hatebr_5905,"Um dos poucos q restam, em termos de justiça neste país...",nao_ofensivo,hatebr
hatebr_5906,Parabéns unidos venceremos,nao_ofensivo,hatebr
hatebr_5907,"Tem problema não deputada, quem tem que se preocupar são a familia Bolsonaro.",nao_ofensivo,hatebr
hatebr_5908,"Deus o abençoe grandemente juiz, por sua digna decisão. Precisamos de homens como o Sr em nossa Nação.🙏🏻",nao_ofensivo,hatebr
hatebr_5909,Ao menos 1 pensa com sensatez,nao_ofensivo,hatebr
hatebr_5910,Parabéns PGR pedido negado 👍👏👏👏,nao_ofensivo,hatebr
hatebr_5911,Maravilha parabens,nao_ofensivo,hatebr
hatebr_5912,"Vc deveria esquecer o Lula, vc nao tem projetos, e deixando o povo desempregados",nao_ofensivo,hatebr
hatebr_5913,amém. ...que a justiça continue trabalhando,nao_ofensivo,hatebr
hatebr_5914,"Boa ministro ninguém está acima da lei, acabou para os corruptos e canalhas!! Pra cima deles!!",nao_ofensivo,hatebr
hatebr_5915,Ainda temos toga de respeito graças a Deus. Não podemos generalizar,nao_ofensivo,hatebr
hatebr_5916,Que a justiça seja feita!!!👏🏻👏🏻👏🏻,nao_ofensivo,hatebr
hatebr_5917,"Que se faça a justiça,antes que aconteça algo pior🤮",nao_ofensivo,hatebr
hatebr_5918,Ainda tem um ministro do supremo q tem compromisso com o Brasil.,nao_ofensivo,hatebr
hatebr_5919,Eternamente agradecido Ministro Fachin,nao_ofensivo,hatebr
hatebr_5920,Parabéns SR. Ministro! Ainda bem que temos o Sr aí para tentar alguma coisa!!!!!,nao_ofensivo,hatebr
hatebr_5921,"Parabéns, assim corrigimos o nosso querido Brasiiiiiiil",nao_ofensivo,hatebr
hatebr_5922,E salário mínimo diminuiu.,nao_ofensivo,hatebr
hatebr_5923,Isto que chamo de coerência jurídica👏👏,nao_ofensivo,hatebr
hatebr_5924,Viva o Fachin... é de gente assim que o Brasil está precisando.. palmas p Fachin👏👏👏👏👏👏👏👏👏👏,nao_ofensivo,hatebr
hatebr_5925,"É isso ai, Fachin",nao_ofensivo,hatebr
hatebr_5926,"Ele, Barroso e o Fux são a minoria dos ministros do STF que é a favor do povo brasileiro e que o Sr. Edson Fachin continue representando a nossa nação!!!",nao_ofensivo,hatebr
hatebr_5927,Nossa que fofo esse Fachin 👍❤️,nao_ofensivo,hatebr
hatebr_5928,Nele até agora o Brasil pode confiar!! 🇧🇷🇧🇷🇧🇷,nao_ofensivo,hatebr
hatebr_5929,Prá quê suspender se ele e inocente!... Deixe o julgamento seguir... Reforço: se ele é inocente não é preciso suspender o julgamento.,nao_ofensivo,hatebr
hatebr_5930,Alguém lúcido neste STF,nao_ofensivo,hatebr
hatebr_5931,Alguém c discernimento neste STF,nao_ofensivo,hatebr
hatebr_5932,E isso mesmo manter o julgamento!,nao_ofensivo,hatebr
hatebr_5933,Porquê estão temendo.,nao_ofensivo,hatebr
hatebr_5934,Afinal o sítio não é dele kkkkkkkkkkkkk,nao_ofensivo,hatebr
hatebr_5935,Até que enfim atitudes sérias sendo tomadas👏👏,nao_ofensivo,hatebr
hatebr_5936,Esse ministro é patriota !!! Parabéns !!!,nao_ofensivo,hatebr
hatebr_5937,"Parabéns, obrigado Ministro...",nao_ofensivo,hatebr
hatebr_5938,E continua sendo armação para Lula não se cadidata,nao_ofensivo,hatebr
hatebr_5939,Lula na presidência da republica,nao_ofensivo,hatebr
hatebr_5940,"Vi isto desde o começo, o pior cego é aquele que não quer enxergar",nao_ofensivo,hatebr
hatebr_5941,A prisão do lula .só o deixou mais inteligente .leu vários livros 👏👏,nao_ofensivo,hatebr
hatebr_5942,Kkkkkkkkkkkkkkkkk Gleici e suas piadas kkkkkkk,nao_ofensivo,hatebr
hatebr_5943,"Lula livre, voto no Lula",nao_ofensivo,hatebr
hatebr_5944,E já estão armando mas.... Deus proteja!!! 👏👏,nao_ofensivo,hatebr
hatebr_5945,"Claro que Justo a liberdade de LULA, que a justiça seja feita para o nosso país voltar a crescer em 2022, não sei se os brasileiros vão aguentar fome, desemprego e etc...mais 3 anos até chegar 2022😔😔😔😔😔😔😔😔😔😔",nao_ofensivo,hatebr
hatebr_5946,Claro meu amor até hoje ninguém nunca provou nada,nao_ofensivo,hatebr
hatebr_5947,boa noite presidenta Glesihoffmann,nao_ofensivo,hatebr
hatebr_5948,Só não vê quem não quer!! #lulalivre❤️🙌,nao_ofensivo,hatebr
hatebr_5949,😂😂😂👏👏👏vc vai ser juíza do lula .imaginando,nao_ofensivo,hatebr
hatebr_5950,Onde foi feita essa Pesquisa na sede do PT,nao_ofensivo,hatebr
hatebr_5951,Verdade Lula gigante,nao_ofensivo,hatebr
hatebr_5952,Segundo o Datafolha o Hadad era o Presidente.... 😂😂😂😂😂😂😂😂😂😂,nao_ofensivo,hatebr
hatebr_5953,Pura verdade👏🌹,nao_ofensivo,hatebr
hatebr_5954,Lula persedente 2022,nao_ofensivo,hatebr
hatebr_5955,Lula nosso futuro presidente 💜💜,nao_ofensivo,hatebr
hatebr_5956,"Verdade, domingo teve um show da Unilever em Candeias/ Pernambuco# a multidão cantava Lula livre! E olhe que a prefeitura é Bolsonaro.",nao_ofensivo,hatebr
hatebr_5957,Vou descobrir quem é vc,nao_ofensivo,hatebr
hatebr_5958,LIBERDADE TOTAL AO LULA,nao_ofensivo,hatebr
hatebr_5959,Verdade lula iria ganhar no primeiro turno!!!!!,nao_ofensivo,hatebr
hatebr_5960,👏👏 2022 nos voltaremos,nao_ofensivo,hatebr
hatebr_5961,Ela arrasaaaaaaaaa🤩🤩,nao_ofensivo,hatebr
hatebr_5962,Lula presidente,nao_ofensivo,hatebr
hatebr_5963,As fotos do sítio de Atibaia dizem o oposto!!,nao_ofensivo,hatebr
hatebr_5964,Me fez lembrar da época de Cristo onde o povo preferiu libertar barrabas ao invés de Cristo só muda os tempo o povo e o mesmo preferindo o errado,nao_ofensivo,hatebr
hatebr_5965,Bom dia minha linda aproveito suas postagens para dizer que TMJ gratidão! Quero agradecer a todos que colabararam direto e indiretamente para o acontecimento dessa audiência em defesa das nossas crianças! Com foco na vulnerabilidade da crianças e adolescentes e sobre a criação de um novo conselho tutelar para Juazeiro!,nao_ofensivo,hatebr
hatebr_5966,"Deus tem propósito na vida do Lula . A missão faz parte até as dores . O povo precisava entender o que realmente é uma luta de direitos . Que não foi fácil essa briga para garantir esses avanços que tivemos . É necessário perder para entender e agradecer . Muitos acham que tem direito a casa , só pelo fato de ter direito na constituição. E esquecem que passaram décadas sendo feito de gado pela elite .",nao_ofensivo,hatebr
hatebr_5967,Mas continuam perseguindo Lula,nao_ofensivo,hatebr
hatebr_5968,Verdade. Só não enxerga quem não quer.✋,nao_ofensivo,hatebr
hatebr_5969,Claro como a água 😆,nao_ofensivo,hatebr
hatebr_5970,Quem falou isso pra vc deputada? O sergio moro ta aprovado pela maioria dos brasileiros,nao_ofensivo,hatebr
hatebr_5971,Tiraram Dilma do poder e Lula da disputa.,nao_ofensivo,hatebr
hatebr_5972,ORGULHO PRESIDENTA!!!!!!! 🔥,nao_ofensivo,hatebr
hatebr_5973,Nem era pra ter sido preso! #LulaInocente ❤️🇧🇷💚,nao_ofensivo,hatebr
hatebr_5974,Verdade companheira 👏👏👏👏❤️❤️❤️❤️🔥,nao_ofensivo,hatebr
hatebr_5975,Com base em que vc diz isso ?,nao_ofensivo,hatebr
hatebr_5976,Lula livreeee. Nós te amamos muito Lula.,nao_ofensivo,hatebr
hatebr_5977,"Me nota, crush ❤️",nao_ofensivo,hatebr
hatebr_5978,Igual a lula não tem aqui nem na china ele é o melhor de todos,nao_ofensivo,hatebr
hatebr_5979,Deus é justo! Fizeram essa injustiça com Lula porque sabiam que Lula fez e faz a diferença a nação brasileira. E por causa da burrice de muitos o país tá passando por esse caos. Em todo o quesito. O pior cego é aquele que vê os fatos e finge demência. Deus é mais. Lula. Que Deus ilumine o senhor. Meu eterno presidente! ❤❤❤❤❤❤❤❤❤,nao_ofensivo,hatebr
hatebr_5980,💜👏💜 além de ser uma mulher da verdade e muito linda,nao_ofensivo,hatebr
hatebr_5981,Essa mulher é demais! Não existe palavras p suas qualidades! Obrigado por tudo que faz p o povo brasileiro!,nao_ofensivo,hatebr
hatebr_5982,E quem auditou a informação do Datafolha? 🤔,nao_ofensivo,hatebr
hatebr_5983,Manda Lula andar na Paulista kkk,nao_ofensivo,hatebr
hatebr_5984,"E óbvio, se ele não tivesse sido preso. A Vitória na eleição, teria sido nossa.",nao_ofensivo,hatebr
hatebr_5985,"A liberação dele é justa por estarmos seguindo o que prevê a constituição. A maioria concorda com isso, assim como a maioria concorda que foi justa a sua condenação, inclusive já julgado inúmeros recursos em terceira instância. Sua liberdade até que finalize o trânsito e julgado não descarta todas as suas condenações e comprovações de crime. São aspectos diferentes, frutos de uma aberração jurídica no nosso país que a maioria espera que seja consertada com a PEC da prisão após segunda instância.",nao_ofensivo,hatebr
hatebr_5986,Sem nem nos seus comentários essa opinião não é maioria imagina no Brasil kkkkkk,nao_ofensivo,hatebr
hatebr_5987,Lula o melhor da história👏👏👏👏👏👏❤️❤️,nao_ofensivo,hatebr
hatebr_5988,👏👏👏 #Lula livre Simm,nao_ofensivo,hatebr
hatebr_5989,Fonte datafolha😂😂😂😂😂 tem a mesma credibilidade que vc @gleisihoffmann 😂😂😂😂 aliança pelo Brasil 38 🙏🇧🇷🇧🇷🇧🇷🇧🇷,nao_ofensivo,hatebr
hatebr_5990,Infelizmente eu não estou vendo isso Gleisi,nao_ofensivo,hatebr
hatebr_5991,A minoria rica é bem organizada e se reúnem secretamente. Lucram muito com essa política exclusiva deles,nao_ofensivo,hatebr
hatebr_5992,"Então, pela pesquisa Datafalha o Haddad é presidente do Brasil, kkkkkk, Folha = sem crédito, hahahahaha",nao_ofensivo,hatebr
hatebr_5993,Curtem os comentários fortalece a união ❤️. Os ricos se incomodam tanto que aparecem aqui pra comentar,nao_ofensivo,hatebr
hatebr_5994,Estão vendo isso não kkkkk,nao_ofensivo,hatebr
hatebr_5995,Quando vai falar sobre o fundao eleitoral que vai prejudicar a saude e educacao?,nao_ofensivo,hatebr
hatebr_5996,pessoas comum que não entendem do assunto. Ou seja,nao_ofensivo,hatebr
hatebr_5997,"Penso que não... Hoje o Brasil melhorou muito. E não vemos escândalos com corrupção na Petrobras, Telebrás, Odebrecht... só vemos resultados positivos. Parabéns ao Bolsonaro.",nao_ofensivo,hatebr
hatebr_5998,Datafolha é aquela que pertence a Falha de São Paulo? Entendí !!,nao_ofensivo,hatebr
hatebr_5999,Data folha??? Oi???? 😂😂😂,nao_ofensivo,hatebr
hatebr_6000,Quem...DATA FOLHA ??? Kkkkkk,nao_ofensivo,hatebr
hatebr_6001,E eu já estou esperando o Bolsonaro no mais você pq segundo Ana Maria Braga o Brasil está em desenvolvimento e por isso ela não consegue entender a situação do Rio de Janeiro. # Ancioso,nao_ofensivo,hatebr
hatebr_6002,Essa menina não tem nada de importante só por que protestou?,nao_ofensivo,hatebr
hatebr_6003,Nenhuma pessoa deveria dar ouvidos para essa garota. E nosso presidente toda vez que aparece na TV é por causa de falas que não cabem a um líder de um país fazer!,nao_ofensivo,hatebr
hatebr_6004,"Hitler, Stalin também frequentaram essa capa.",nao_ofensivo,hatebr
hatebr_6005,"Parabéns presidente, no dia que agradar 100% deixo de votar em você.",nao_ofensivo,hatebr
hatebr_6006,Perdi meu voto !!!!,nao_ofensivo,hatebr
hatebr_6007,Se tivessem me entrevistado responderia que personalidade é vei da Havan 🤣🤣🤣🤣 ...,nao_ofensivo,hatebr
hatebr_6008,Ai joice votei em vc,nao_ofensivo,hatebr
hatebr_6009,O nosso preslidente esta muito certo sim .,nao_ofensivo,hatebr
hatebr_6010,Preocupar com coisas reais e que irao impactar o futuro de todos nos principalmente o deles. Aqui nao eh questao de ideologia direita ou esquerda e sim de sustentabilidade.,nao_ofensivo,hatebr
hatebr_6011,Perde mais um voto,nao_ofensivo,hatebr
hatebr_6012,"Além de que, na minha interpretação, a fala dele não foi nem no sentido pejorativo. O “pirralha” dele foi mais no sentido de “criança” mesmo.",nao_ofensivo,hatebr
hatebr_6013,Vc tem que se preocupar com coisas melhores....afinal um presidente que faz as coisas que os outros mônica fizeram....falar sempre a vdd...Sra joice se preocupe mais com as votações no seu trabalho...o povo a colocou lá pq confia nos seus serviços ou pq a Sra era uma.aliada do nosso presidente e o deixou...,nao_ofensivo,hatebr
hatebr_6014,Tanto escândalo por causa de uma palavra. Está faltando dicionário pra esse povo.,nao_ofensivo,hatebr
hatebr_6015,"Arrependimento de ter votado em você, se corrige não votando mais, vai ser oque eu vou fazer!!!",nao_ofensivo,hatebr
hatebr_6016,“Vcs mataram os meu sonhos 😡”😂😂😂😂😂😂,nao_ofensivo,hatebr
hatebr_6017,E o Bolsonaro deve estar muito preocupado....🤣🤣🤣,nao_ofensivo,hatebr
hatebr_6018,"Essa só falta virar petista pq do resto já está igualzinha, lamentável 🤦🏽‍♂️",nao_ofensivo,hatebr
hatebr_6019,Quando era amiguinha do presidente não fazia essas coisas.,nao_ofensivo,hatebr
hatebr_6020,kkkkkkkk tô com o presidente e o Lacombe!,nao_ofensivo,hatebr
hatebr_6021,"A estratégia de Soros é apoiar movimentos de protesto que minam os nacionalismos, colocando acima as reivindicações sociais globais, que desafiam os governos progressistas com um senso de pátria. De pertencer a um território e uma cultura. Malala e Greta fazem parte dessa estratégia, embora a mídia corporativa do mundo esteja focada em saber se a garota escandinava pode retornar de veleiro, mula ou skate para sua escola sueca, para não se contaminar no caminho de volta.",nao_ofensivo,hatebr
hatebr_6022,Ela é santa e perfeita kkkkk,nao_ofensivo,hatebr
hatebr_6023,A mídia promove quem quiser... Tem pessoas bem mais merecedora .,nao_ofensivo,hatebr
hatebr_6024,Hitler e Stálin tb já foram capa da Times por serem escolhidos personalidade do ano,nao_ofensivo,hatebr
hatebr_6025,"Patrocínio da esquerda internacional, não tem fim a verba.",nao_ofensivo,hatebr
hatebr_6026,Exatamente alguns dias atrás o comentário do Presidente sobre a Greta seria para vc um poço de franqueza . O q mudou?,nao_ofensivo,hatebr
hatebr_6027,O governador do Rio também.,nao_ofensivo,hatebr
hatebr_6028,Temos tantas coisas pra mudar em nosso país e vcs ai dando corda a uma menina que mal sabe o que é viver.,nao_ofensivo,hatebr
hatebr_6029,Vc agora e da canhota,nao_ofensivo,hatebr
hatebr_6030,Esperando ela falar dos incêndios da Austrália por exemplo... ela mostrou soluções de que??,nao_ofensivo,hatebr
hatebr_6031,Tanto faz. Bolsonaro Presidente!,nao_ofensivo,hatebr
hatebr_6032,Apontar causas é muito facil! Quero ver ter solucoes.,nao_ofensivo,hatebr
hatebr_6033,"Quanta gente se beneficiando com o uso da imagem de uma adolescente ,que nem sabe que e usada politicamente!!",nao_ofensivo,hatebr
hatebr_6034,"O presidente tem q se policiar! Agora, essa menina ser personalidade do ano, não dá!",nao_ofensivo,hatebr
hatebr_6035,"Hoooo Deus... As homenagens da Time, sei não viu...😂🤐",nao_ofensivo,hatebr
hatebr_6036,"Só pq sabe falar alto e o que algumas pessoas querem escutar, não quer dizer que ela vai resolver todos os problemas do planeta. Apontar problemas é fácil quero ver resolver",nao_ofensivo,hatebr
hatebr_6037,"Deputada isso é tão pequeno que me assusta a Senhora ficar dando destaque, vamos nos preocupar com o país.",nao_ofensivo,hatebr
hatebr_6038,"Hitler, Stalin e Donald Trump já ganharam tbm...",nao_ofensivo,hatebr
hatebr_6039,"Joice, Vendo vc hj começo a achar que o Reinaldo tinha razão!! Kkkk",nao_ofensivo,hatebr
hatebr_6040,"Se a gente fosse acreditar e concordar no que a grande mídea pensa, jamais votariamos no Bolsonaro. Vocês tem que entender que o senso crítico de hoje é bem difirente, assim como sabemos que Greta é uma imagem funcional, os interesses são outros.",nao_ofensivo,hatebr
hatebr_6041,"Queria saber qual grande avanço nacional ela realizou ,...??? 😏😏😏",nao_ofensivo,hatebr
hatebr_6042,"Sabe qto custou e qto foi pago por essa materia? Esse pessoal devia ir lá pra Nova Guine, ver se aguenta a fome q tem lá..",nao_ofensivo,hatebr
hatebr_6043,Vamos tratar de assuntos mais relevantes?,nao_ofensivo,hatebr
hatebr_6044,Ué... Agora vai usar o seu perfil pra passar notícia sem opinião? O que as revistas publicam todo mundo sabe... Parece propaganda de revista,nao_ofensivo,hatebr
hatebr_6045,"Assim como no Brasil elegem, caneta azul a música do ano, lá fora eles elegem uma criança a personalidade... 🙈🙉🙊",nao_ofensivo,hatebr
hatebr_6046,Coitada da menina! Só estão usando ela para fazer raiva no presidente.,nao_ofensivo,hatebr
hatebr_6047,Cada vez você se complica mais ficando contra o Presidente. Sinal que é contra a recuperação do nosso País...Fico triste pois admirava você Joice...Agora vejo que me enganei...Mesmo assim seja feliz...,nao_ofensivo,hatebr
hatebr_6048,"Bem, após breve reflexão sem tomar decisões por impulso, deixo de seguir.",nao_ofensivo,hatebr
hatebr_6049,"Se vc gosta tanto dele como disse aos 7 cantos ate pouco tempo atrás pq não vai e fala pessoalmente com ele sobre isso, ao invés de fazer postagem em rede social? Pq vc não foca no seu trabalho e mostra o que está fazendo com documentos, pra não ficar dúvidas? Está insuportável a política no Brasil. E pelos comentários, se der poder pra qualquer pessoa o cenário não vai mudar muito. Quem detém algum poder só pensa em si próprio.",nao_ofensivo,hatebr
hatebr_6050,Essa garota devia estar na escola,nao_ofensivo,hatebr
hatebr_6051,"Joice não consegui ficar sem aparecer nenhum minuto, e tudo ela diz foi a fala de fulano. Vc deveria concentrar esforço no trabalho para qual vc recebe muito bem.",nao_ofensivo,hatebr
hatebr_6052,O Brasil lutando para sair da Grota e alguns preocupado com a tal de Greta. Vamos ficar até quando nessa?,nao_ofensivo,hatebr
hatebr_6053,"Votei no Sr. Jair, mas são essas e várias outras atitudes que me faz refletir melhor sobre o futuro desse País. 😢",nao_ofensivo,hatebr
hatebr_6054,Lamentável a sua mudança de postura.😢@joicehasselmannoficial .,nao_ofensivo,hatebr
hatebr_6055,Criança deveria estar na escola e não fazendo ativismo.,nao_ofensivo,hatebr
hatebr_6056,Mas gente vcs sao contra ou a favor do presidente? tanta coisa q todo mundo fala acho q nal precisa continuar postando deixa q a globo faz isso,nao_ofensivo,hatebr
hatebr_6057,Postagem curiosa. Todos juntos numa Aliança pelo Brasil!!,nao_ofensivo,hatebr
hatebr_6058,Aproveite seu primeiro e último mandato 👍👍👍,nao_ofensivo,hatebr
hatebr_6059,"Projeto do George Soros, patrocinador da esquerda no mundo.",nao_ofensivo,hatebr
hatebr_6060,"@biancamelloimoveis , não há dúvidas sobre isso. Toda honra e toda glória a Ele!",nao_ofensivo,hatebr
hatebr_6061,"Parabéns pra ela, mas o Brasil está incomodando a Europa kkkkkk",nao_ofensivo,hatebr
hatebr_6062,"Deputada @joicehasselmannoficial qual a contribuição da revista Times para nosso país? O atual presidente da república, @jairmessiasbolsonaro tem trabalhado para melhorar a imagem do país lá fora, a imagem de confiabilidade, que é a imagem que realmente importa. Trabalhando pela nossa economia e pela reconstrução do Brasil, e a revista Times, faz o que pelos brasileiros? Deveríamos valorizar quem trabalhar a favor do nosso país, e não valorizar quem quer ganhar espaço na mídia nos criticando a cada oportunidade, vamos valorizar nosso presidente, valorizar nosso povo, que afinal de contas, foi o brasileiro que votou para você ser deputada, e não essa tal de Greta",nao_ofensivo,hatebr
hatebr_6063,"Joice, vc deveria se declarar lulista, é só o que está faltando...",nao_ofensivo,hatebr
hatebr_6064,😂😂😂 O importante é ela postar alguma coisa que seja contra o presidente 🐷🐷 Ela posta com prazer,nao_ofensivo,hatebr
hatebr_6065,O plano agora é falar que Bolsonaro não é tão bom assim e você é melhor? Sugiro se concentrar no seu trabalho e sua função sem criticar os outros. A campanha ainda nem começou!,nao_ofensivo,hatebr
hatebr_6066,"Grandes coisa, pro meu país não acarretou em nada",nao_ofensivo,hatebr
hatebr_6067,Nem aqui nem em lugar nenhum,nao_ofensivo,hatebr
hatebr_6068,Kkkkkkkk Adolf Hitler também foi eleito personalidade do ano na década de 30. Não tenho certeza do ano acho que foi 39,nao_ofensivo,hatebr
hatebr_6069,"Lamentável, deste jeito, 2022 não vai dar pra vc",nao_ofensivo,hatebr
hatebr_6070,Não sei se com 16 anos a Greta tem a mesma experiência de Amazônia que nosso presidente!!! Uma criança sempre sensibiliza a opinião pública neh?!? Acho de mau gosto usar este tipo de sentimento para fazer politicagem!!! Opinião minha!!! Respeitem nosso PRESIDENTE!!!,nao_ofensivo,hatebr
hatebr_6071,Enquanto existir homem e dinheiro na terra adeus natureza. O ser humano é único animal que destrói o seu próprio hábitat.,nao_ofensivo,hatebr
hatebr_6072,O presidente não deve da satisfação a essa criança,nao_ofensivo,hatebr
hatebr_6073,"Bolsonaro 38, em 2022 vai ser no primeiro turno!🇧🇷🙏",nao_ofensivo,hatebr
hatebr_6074,Concordo com Bolsonaro. É muita pretensão.,nao_ofensivo,hatebr
hatebr_6075,Nem tudo esra perdido qd perdemos algo ou alguém gratidão a Deus sempre,nao_ofensivo,hatebr
hatebr_6076,Pensei que ia ser o presidente do Brasil,nao_ofensivo,hatebr
hatebr_6077,@hudsonformiga garoto do bem ❤️,nao_ofensivo,hatebr
hatebr_6078,"Este meu Presidente me enche de orgulho, Bolsonaro 2022.",nao_ofensivo,hatebr
hatebr_6079,"Estão usando essa menina como escudo. Nada podemos falar ou fazer, pois se trata de uma menina, autista que defende o.meio ambiente. Como ser contra? Quanto preconceito! Não é ela o problema e sim quem está por trás dela.",nao_ofensivo,hatebr
hatebr_6080,Acabou de perder um voto,nao_ofensivo,hatebr
hatebr_6081,Todos de olho nas nossas riquezas,nao_ofensivo,hatebr
hatebr_6082,Ele falou tá falado e pronto.,nao_ofensivo,hatebr
hatebr_6083,@joicehasselmannoficial o problema é esse quando o brasileiro não deixar e não permitir ninguém falar do nosso país. O presidente tem toda a razão e você ainda apoia isso. Por favor!! Porque essa “pessoa “ não se incomoda com a Australia em chamas a semanas ?,nao_ofensivo,hatebr
hatebr_6084,Concordo com o Presidente.,nao_ofensivo,hatebr
hatebr_6085,Amor de pai 🍷🗿,nao_ofensivo,hatebr
hatebr_6086,Siga em frente Presidente Bolsonaro! Afinal o que nos interessa é a IMAGEM DO BRASIL aqui dentro e não a que a Imprensa Internacional publica!,nao_ofensivo,hatebr
hatebr_6087,"Tantas coisas importantes para resolver e ficam dando ênfase para uma menina, que francamente, não me diz NADA!!!!!",nao_ofensivo,hatebr
hatebr_6088,"A TIME escolhe quem eles quiser, isso não significa nada !!",nao_ofensivo,hatebr
hatebr_6089,Hitler também foi considerado o homem do ano por essa mesma revista. Kkkk. Dá para acreditar?,nao_ofensivo,hatebr
hatebr_6090,Musk Com Trump 👏👏👏👏👏🇧🇷🇧🇷🇧🇷🇧🇷🇧🇷🇧🇷❤️❤️,nao_ofensivo,hatebr
hatebr_6091,Brasil Israel Portugal Hungría não podem entrar,nao_ofensivo,hatebr
hatebr_6092,Ele inventou uma corte mundial e ele é o único integrante.,nao_ofensivo,hatebr
hatebr_6093,O homi agora partiu pra internacional,nao_ofensivo,hatebr
hatebr_6094,Quando ele vai ouvir musk na polícia federal kkkkkk,nao_ofensivo,hatebr
hatebr_6095,Mais o que esse ministro está querendo?,nao_ofensivo,hatebr
hatebr_6096,@carlosluz07 foi bem o que eu tava pensando…,nao_ofensivo,hatebr
hatebr_6097,"Manda a PF na casa deles Xandao! Recolhe documentos, computadores, celulares e blablabla 😂😂😂😂😂😂",nao_ofensivo,hatebr
hatebr_6098,Meu Deus será se o Elon Musk vai ser preso😢,nao_ofensivo,hatebr
hatebr_6099,Esse nunca mais pisa nos USA 😳😳😳😳😳😳😳😳😳😳😳😳,nao_ofensivo,hatebr
hatebr_6100,"Xandão agora vai tomar conta dos outros países tbm, é? Oxeeee",nao_ofensivo,hatebr
hatebr_6101,Juntos com Elon Musk!🙌,nao_ofensivo,hatebr
hatebr_6102,Rapaz tou achando ele muito nervoso não tá não? Algo de errado não está certo aí,nao_ofensivo,hatebr
hatebr_6103,"@depheliolopes sem vingança nosso lema é Deus ,pátria ,família e liberdade .🙌🙌🙌",nao_ofensivo,hatebr
hatebr_6104,A verdade é o Brasil está na mão do AM,nao_ofensivo,hatebr
hatebr_6105,O bicho vai pegar,nao_ofensivo,hatebr
hatebr_6106,@felipeazevedospjja não é coragem ... São princípios 😏,nao_ofensivo,hatebr
hatebr_6107,Isso que eu chamo de EGO 👏,nao_ofensivo,hatebr
hatebr_6108,🥚🥚🥚🤣🤣🤣🤣🤣🤣🤣🤣RINDO MUITO ATÉ 2026,nao_ofensivo,hatebr
hatebr_6109,Falta pouco! Bem pouco para a verdade aparecer! 🇧🇷🙏🏻🇧🇷,nao_ofensivo,hatebr
hatebr_6110,E ele tem esse poder?,nao_ofensivo,hatebr
hatebr_6111,"Quem está por trás desse ""Juiz"" ??? 🤷🏻‍♀️🤔",nao_ofensivo,hatebr
hatebr_6112,"@iza.pereirass verdade, valores e princípios são inegociáveis 👏👏👏",nao_ofensivo,hatebr
hatebr_6113,Ique importa mais? O lucro das industrias ou a saúde da populaçao?,nao_ofensivo,hatebr
hatebr_6114,A ordem é arrecadar o máximo,nao_ofensivo,hatebr
hatebr_6115,"E a mobilidade? O transporte público, fica aonde?!",nao_ofensivo,hatebr
hatebr_6116,"@cissoh_syphon Além de pagar mais juros, acaba deixando a pessoa mais tempo presa a um empréstimo. No sac, voce vai diminuindo as prestações e pagasse menos juros. So isso ja seria suficiente para abolir o sistema price que na pratica aumenta o endividamento da população ao pegar um valor maior sem que ela saiba disso",nao_ofensivo,hatebr
hatebr_6117,Precisamos de atenção nos contraventores das falsificações no Brasil. Tomem uma medida urgente @fernandohaddadoficial @mdicoficial estão acabando com o varejo.,nao_ofensivo,hatebr
hatebr_6118,"@sandra.bomfimbarbosa espero que os dentistas, técnicos em saúde bucal, TPDs e suas respectivas famílias respondam nas urnas nessas eleições municipais e nas próximas da mesma forma que obtemos respostas para nossas reivindicações.",nao_ofensivo,hatebr
hatebr_6119,Ministro Haddad! Inteligência com humanidade! Tudo de bom para o Brasil!👏👏👏👏👏👏👏,nao_ofensivo,hatebr
hatebr_6120,@william.n_97 Viva Haddad! Inteligência e humanidade! Exemplo para o mundo!,nao_ofensivo,hatebr
hatebr_6121,"Professor, pelo amor de Deus ajude as mães das escolas municipais!!!! Precisamos que nossos filhos voltem pra escola",nao_ofensivo,hatebr
hatebr_6122,Que ministro Educado sabe falar com cautela 👏👏👏👏👏👏,nao_ofensivo,hatebr
hatebr_6123,"Merecemos respeito e valorização. O que o senhor pensa dd Cirurgião-dentista do estado de São Paulo recebendo R$ 1.800,00 de salário base.",nao_ofensivo,hatebr
hatebr_6124,"Presidente @LulaOficial e @Haddad_Fernando o relatório da reestruturação de carreira dos técnicos administrativos das IFES foi entregue ao MGI e MEC. Agora é com vcs para encontrar orçamento para essa reestruturação e reajuste, assim, seguir valorizando a educação.",nao_ofensivo,hatebr
hatebr_6125,@solangemariamoreradasilva você tem o melhor governador e deseja o pior ?aff,nao_ofensivo,hatebr
hatebr_6126,@solangemariamoreradasilva ia encher de radar novamente,nao_ofensivo,hatebr
hatebr_6127,O Brasil voltou 👏👏👏👏,nao_ofensivo,hatebr
hatebr_6128,Haddad é o ministro!!!!,nao_ofensivo,hatebr
hatebr_6129,"Ministro, vamos investir e transporte público de qualidade? Metrô . Como os metrôs de São Paulo "" salvam os trabalhadores.",nao_ofensivo,hatebr
hatebr_6130,Uma angústia de 6 anos que não consegue acabar. Hoje é só o começo. Quem obstruiu? Quem protegeu esse povo até agora? Muita solidariedade à família de Marielle,nao_ofensivo,hatebr
hatebr_6131,Dia de justiça!! Esperamos que não sejam soltos sem o julgamento definitivo!!,nao_ofensivo,hatebr
hatebr_6132,"Parabéns para sua filha, que Deus os protejam dessa imundície do bolsonarismo 👏👏👏👏👏👏",nao_ofensivo,hatebr
hatebr_6133,"@oreinodagloria_oficial Calma. As investigações estão elucidando tudo. Se tem algum indício, evidência o prova que ajudem nas investigações, corre logo na POLÍCIA FEDERAL. Ligeeeeeeeiro!!!!!!😂😂😂😂😂😂",nao_ofensivo,hatebr
hatebr_6134,"@alliance_transfers Por que? Tu tem algum indício, evidência o prova que faça reabrir o caso. Se tem, leva logo na POLÍCIA. Cooooorrre!!!!!😂😂😂😂😂",nao_ofensivo,hatebr
hatebr_6135,que os assassinos sejam punidos no rigor da lei. Marielle Franco presente!,nao_ofensivo,hatebr
hatebr_6136,JESUS CRISTO ESTA VOLTANDO,nao_ofensivo,hatebr
hatebr_6137,Isso é um caso políticos tem muitos que não podem serem falados...,nao_ofensivo,hatebr
hatebr_6138,"@alliance_transfers E o irmão de legista não tem rosto, nao tem nome. Quem é tu, irmão de legista?😂😂😂😂😂",nao_ofensivo,hatebr
hatebr_6139,"Pessoal, tem um irmão de legista aqui @alliance_transfers que sabe da ""verdade"". Ele que irmão legista dele fez o laudo de tudo. Só não disse quem é. Mas sabe de tudo. E ainda me ""xingou"" de militante"". Mn, me magoou.😂😂😂😂😂",nao_ofensivo,hatebr
hatebr_6140,Quero saber quem foi o mandante desse crime,nao_ofensivo,hatebr
hatebr_6141,@joaoamgomes Por que os petistas têm tanto medo de investigarem a morte do Celso Daniel?,nao_ofensivo,hatebr
hatebr_6142,Ele só faz campanha para a Dilma e o Lula. O partido não importa...,nao_ofensivo,hatebr
hatebr_6143,"@ronaldo.rosario1992 , tem uma pessoa aqui, o @alliance_transfers, que diz ter um irmão legista que trabalhou no caso do Cells0 D@niel. Ele me disse que o irmão dele disse (isso mesmo: disse-me-disse) que o irmão dele sabe de coisas que a Polícia ou não sabe ou omitiu nos resultados das investigações. O @alliance_transfers deve ou não deve encaminhar essa informação a algum órgão de Justiça competente? Eu acho que deve. E logo.",nao_ofensivo,hatebr
hatebr_6144,"Ah sim, @ronaldo.rosario1992, o @alliance_transfers me chamou de ""militante"". Ele quis me xingar ou me elogiar?😂",nao_ofensivo,hatebr
hatebr_6145,Não foram? Apresenta suas provas à PF. Tá sabendo mais que eles…,nao_ofensivo,hatebr
hatebr_6146,"@silvio.torres.77 Era do PL, hoje estava no União Brasil.",nao_ofensivo,hatebr
hatebr_6147,"@dslvasantos707 essa criança como muitas outras precisam de apoio, um empresário patriota precisa estar de olho… valorizar quem quer ser valorizado",nao_ofensivo,hatebr
hatebr_6148,"Tem mais gente, e nós queremos saber!",nao_ofensivo,hatebr
hatebr_6149,Oh meu Deus! Que coisa mais linda 😍!,nao_ofensivo,hatebr
hatebr_6150,Domingo de ramos especial!,nao_ofensivo,hatebr
hatebr_6151,"Acredito ser apenas o início, deve ter mais gente envolvida. Importante sabermos os motivos desse crime hediondo",nao_ofensivo,hatebr
hatebr_6152,Se apertar mais um pouquinho aparece mais gente .,nao_ofensivo,hatebr
hatebr_6153,"@portaldosilvano2 caramba e olha que ela morreu só há 6 anos, a polícia é muito rápida agora, z frustração é que foi enorme",nao_ofensivo,hatebr
hatebr_6154,"Às vezes, o inimigo pode se disfarçar de amigo, aquele que te oferece apoio pode ser o mesmo que te derruba. Fique atento às verdadeiras intenções por trás dos gestos, pois nem sempre o que parece ser uma ajuda é realmente benéfico.",nao_ofensivo,hatebr
hatebr_6155,Por que será né! Cargo de senador pelo Estado. Morte de Mariele ajudou quem a ser eleito senador?????????????????,nao_ofensivo,hatebr
hatebr_6156,"É fato, o assassinato de Marielle e Anderson, os cargos ocupados pelos suspeitos envolvidos, assim como, as pessoas afastadas das investigações, deixa claro que o crime organizado faz parte da estrutura do Estado do Rio de Janeiro. Parabéns a PF pela seriedade do trabalho! #judticapormarielleeanderson",nao_ofensivo,hatebr
hatebr_6157,Que venham outras prisões,nao_ofensivo,hatebr
hatebr_6158,ISTO REALMENTE É UM HERÓI. MENINO LINDO. 👦 👨‍👦 👨‍👦‍👦 👩‍👦 👨‍👩‍👦 👦 👨‍👦 👩‍👦,nao_ofensivo,hatebr
hatebr_6159,"@silvaamariiane eu acho que você não entendeu, nomes ou nome! Quem mandou matar?????????? Vou reformular a pergunta para você: Quem é o suspeito que mandou matar?????????",nao_ofensivo,hatebr
hatebr_6160,Justiça por Marielle! Solidariedade a sua família!,nao_ofensivo,hatebr
hatebr_6161,"Eu quero gente honesta e competente na política e não importa o gênero, a cor, a raça, se é gay se é hetero, etc. Temos que ter políticos honestos e competentes, isso é o que importa",nao_ofensivo,hatebr
hatebr_6162,Quero que seja governadora.🌻🌼💕,nao_ofensivo,hatebr
hatebr_6163,Parabéns pelo seu dia! #Dia Internacional da Mulher,nao_ofensivo,hatebr
hatebr_6164,"Manuela D'Ávila, futura prefeita de Porto Alegre",nao_ofensivo,hatebr
hatebr_6165,@fallz.dev podemos ser oque a gente quiser ...quem decide não é você,nao_ofensivo,hatebr
hatebr_6166,"Neste 08/03/24, queria te agradecer por não desistir desta luta por igualdade de gênero, igualdade de oportunidades, por empoderamento, por sororidade, por uma sociedade mais justa e ainda sobrar tempo para ensinar-nos homens como que se faz com inteligência, disciplina e qualidade!",nao_ofensivo,hatebr
hatebr_6167,Vamos mulheres na politica e na vida sem briga e posicao❤️,nao_ofensivo,hatebr
hatebr_6168,"Atentas a materialidade (sexo) feminino ,na política",nao_ofensivo,hatebr
hatebr_6169,@valeriaguaitollini não respondo perfil fake da Manuela,nao_ofensivo,hatebr
hatebr_6170,"Mais mulheres na política, porém mulheres competentes, sábias, que lutem pelo povo, que ame o Brasil, que ame a educação. Mulheres como Damares, Zambele e outras por aí é melhor nem ter.",nao_ofensivo,hatebr
hatebr_6171,"Mas ela não está falando de mulheres de outro partido, Mas PT",nao_ofensivo,hatebr
hatebr_6172,"Depois de Lula,vai ser vc presidenta.Deus eh pai✝👉🏻🚔📲📚📖🍭🍬⏳🪽🌈👂🏻🪔💀❤✝👉🏻⚖🌎🌍🌏❤🇹🇷⛽",nao_ofensivo,hatebr
hatebr_6173,Eu tô acreditando que você tá falando que é fake o abuso de crianças no Marajó. É sério isso?,nao_ofensivo,hatebr
hatebr_6174,@ivangleice_costa mulheres votaram contra a investigação dos abusos no Marajó porque será.,nao_ofensivo,hatebr
hatebr_6175,"Obrigada, Manu. Você nos inspira ❤️",nao_ofensivo,hatebr
hatebr_6176,Vamos à luta todas juntas e misturadas ❤️❤️❤️❤️❤️,nao_ofensivo,hatebr
hatebr_6177,"Política foi criado pelo homem ent é claro que vai ser um locar de guerra onde vc tem que lutar pra sair vivo,ou se adapta ou não entra simples.",nao_ofensivo,hatebr
hatebr_6178,Muita lucidez e amor neste dia das mulheres ❤️😍👏,nao_ofensivo,hatebr
hatebr_6179,"Pois vai ficar querendo, pq a esquerda comanda o Brasil!.",nao_ofensivo,hatebr
hatebr_6180,É isso. Vamos juntas ✊🏾🌻,nao_ofensivo,hatebr
hatebr_6181,E o Lula não tem nem uma ministra mulher,nao_ofensivo,hatebr
hatebr_6182,"Dia 8 de Março, dia de luta, dia das lutadoras, dias das revolucionárias! Viva o 8 de Março!",nao_ofensivo,hatebr
hatebr_6183,Mais mulheres na política 👏,nao_ofensivo,hatebr
hatebr_6184,"@fallz.dev muito bem, você já tem a zambelli, a damares e outras do mesmo naipe. Brilhante",nao_ofensivo,hatebr
hatebr_6185,Onde estão as filmagens? Onde está o código fonte?,nao_ofensivo,hatebr
hatebr_6186,Cadê as imagens??? Pq não foram entregues???,nao_ofensivo,hatebr
hatebr_6187,"Por favor, ajude na proibição da exportação de CARGA VIVA 🙏",nao_ofensivo,hatebr
hatebr_6188,Vcs vão retroceder em relação aos pastores???,nao_ofensivo,hatebr
hatebr_6189,Sr ministro até quando vamos esperar o fies sem teto ?🤔,nao_ofensivo,hatebr
hatebr_6190,"Não pode voltar atrás com esses pastores não, eles não podem e não devem ter isenção",nao_ofensivo,hatebr
hatebr_6191,❤️❤️👏👏 LULA o melhor Presidente do Brasil 👏👏,nao_ofensivo,hatebr
hatebr_6192,"Gente é sério eu fui tão taxado hj que eu perdi até a fome , hoje não vou almoçar graças a Haddad, enfim triste fim",nao_ofensivo,hatebr
hatebr_6193,Engraçado é essa propaganda falar todo poder emana do Povo 😂 gente,nao_ofensivo,hatebr
hatebr_6194,Não dê isenção a pastores!!!!,nao_ofensivo,hatebr
hatebr_6195,Se cortar 70% dos cargos políticos a economia é maior. A começar pelos esquerdistas.,nao_ofensivo,hatebr
hatebr_6196,"Não se iluda, aqueles que defendem a censura na Internet, não estão preocupados com as notícias falsas (fake news) e sim com as notícias verdadeiras! Censura nunca mais ! Chega de ditaduras",nao_ofensivo,hatebr
hatebr_6197,"Você vai testemunhar falta de bençãos daqui pra frente, me responda aqui daqui 1 ano.",nao_ofensivo,hatebr
hatebr_6198,"Petrópolis RJ cheio de denúncia de DESMATAMENTOS, calor e chuva não param 👏🌳🪽",nao_ofensivo,hatebr
hatebr_6199,Que nos próximos aniversários da Laura possamos ter um mundo mais justo,nao_ofensivo,hatebr
hatebr_6200,"Lamento seu Jair, o amor venceu",nao_ofensivo,hatebr
hatebr_6201,"@fernandohaddadoficial PRESIDENTE ARTHUR LIRA, NÓS 38 MILHÕES DE APOSENTADOS E PENSIONISTAS GOSTARÍAMOS DE SABER O PORQUÊ DO DEPUTADO ESTÁ IGNORANDO OS ARTIGOS 154 E 155 DO RICD, QUE JÁ TEM REQUERIMENTO APOIADO POR 257 DEPUTADOS DESDE O DIA 11/09 E ATÉ AGORA O DEPUTADO NÃO MARCOU PAUTA PARA O PROJETO DE QUE DEVERIA TER SIDO PAUTADO NA ORDEM DO DIA, E COMO ESTÁ A REDAÇÃO DO REQUERIMENTO 2973/2023 DO DEPUTADO POMPEO DE MATTOS, QUEREMOS UMA POSIÇÃO VOSSA DEPUTADO. O POVO QUE ELEGEU O SENHOR PRESIDENTE DESSA CASA LEGISLATIVA POIS FOI ATRAVÉS DE VOTOS DE PARLAMENTARES ELEITOS PELO POVO QUE O DEPUTADO FOI ELEITO PRESIDENTE. ENTÃO NOS RESPONDA PORQUÊ O DEPUTADO IGNORA O REGIMENTO INTERNO DA CASA? TRABALHAR EM PTOL DO POVO E COLOCAR O PL4434/2008 EM VOTAÇÃO. APOSENTADO E PENSIONISTAS EDTAO DESEPERADOS COM O REAJUSTE 3 71 FACA PELO POVO.",nao_ofensivo,hatebr
hatebr_6202,"@fernandohaddadoficial Então, queremos saber se já foi feita a correção da tabela do IRPF pra esse ano? Pq ano passado foi feita uma pequena correção e quem ganha até 2.640,00 (dois salários mínimos) ficou isento de pagar o IR e esse ano quem ganha 2.824,00 reais (dois salários mínimos) está isento de pagar o IR ou não foi feita a correção da tabela do IRPF????",nao_ofensivo,hatebr
hatebr_6203,"Ministro tem que rever este aumento 3,71 para aposentados este ano tem eleições municipais 😍",nao_ofensivo,hatebr
hatebr_6204,"Precisamos da sua ajuda para acabar com a injustiça no Prouni. Nossa reivindicação é unicamente para reserva de vagas dos bolsistas de escolas particulares. Em nenhum momento queremos prejudicar estudantes de escola pública. Estamos lutando pelos direitos de estudante de baixa renda que foram bolsistas integrais ou parciais em escolas privadas, estudantes com deficiência que estudaram em escola privada e estão sendo excluídos do Prouni. Não queremos competição entre estudantes de escola pública e estudantes oriundos de escolas privadas. Se houve a criação de uma categoria para estudantes de escola particular e nenhum estudante dessa categoria está sendo contemplado, criou-se outra distorção, outra exclusão. Por isso, é justo que haja uma reserva pra alunos bolsistas integrais e parciais, visto que esses alunos também se enquadram nos critérios de baixa renda e cursaram escolas privadas apenas por intermédio de bolsas, não possuindo recursos para pagar integralmente cursos como medicina, por exemplo.",nao_ofensivo,hatebr
hatebr_6205,"a Receita deferal e @correiosoficial estão devolvendo todas as importações de livros, vinis, revistas, produtos que nao sao fabricados no pais. Não votei no @lulaoficial pra isso. Isso tem alguma relação com o @fernandohaddadoficial Ele quer acabar com a importação no pais? Receita e Correio deveria trabalhar para população, mas estao violando os nossos direitos. Por que amigos?",nao_ofensivo,hatebr
hatebr_6206,Professor: 2800 reais entrar na alíquota do IR é muita sacanagem. Até pq vc sabe que com menos de 3 pau por mês mal da pra sobreviver a depender de onde se vive.,nao_ofensivo,hatebr
hatebr_6207,Que dados são esses??? N vejo isso em lugar nenhum 😂😂,nao_ofensivo,hatebr
hatebr_6208,Onde fica este Brasil? 😂😂😂😂,nao_ofensivo,hatebr
hatebr_6209,"Qual a qualidade desse trabalho? Na indústria q não é! Se pegar esse cenário inteiro, praticamente nada ""made in Brazil"".",nao_ofensivo,hatebr
hatebr_6210,Se assistir esse vídeo será taxado em 60% @fernandohaddadoficial,nao_ofensivo,hatebr
hatebr_6211,@lu_cianoramos vai se taxado em 92% pra respirar,nao_ofensivo,hatebr
hatebr_6212,Como tem coragem de falar que pobre paga menos inposto,nao_ofensivo,hatebr
hatebr_6213,"A propaganda é bonita, mas a realidade nas comunidades é diferente!",nao_ofensivo,hatebr
hatebr_6214,Aonde é esse Brasil ? Tô vivendo no Brasil errado kkkk,nao_ofensivo,hatebr
hatebr_6215,Quando sairá o desenrola CNPJ?,nao_ofensivo,hatebr
hatebr_6216,Viva nosso ministro,nao_ofensivo,hatebr
hatebr_6217,"venho encarecidamente pedir o seu apoio, pois as vítimas de acidente de trânsito estão padecendo com as indenizações do seguro DPVAT suspensas , milhares de pessoas precisa desse seguro para se reestabelecer depois das fatalidades. O seguro é de grande importância para todos aqueles que estão sequelados e com suas funções laborais reduzidas permanente .",nao_ofensivo,hatebr
hatebr_6218,Os estudantes precisam de fies sem teto!,nao_ofensivo,hatebr
hatebr_6219,@cristianscottd me fala 15 coisas boas pro pobre que ele fez em um ano?,nao_ofensivo,hatebr
hatebr_6220,Esse modelo não dá certo em nenhum lugar do mundo 🌍,nao_ofensivo,hatebr
hatebr_6221,Impostos e mais impostos e mais impostos e mais imposto,nao_ofensivo,hatebr
hatebr_6222,"Feliz 2024 para você também, e pode ter certeza que o meu conhecimento não vem de zap zap 😂😂😂",nao_ofensivo,hatebr
hatebr_6223,"gostei desse apresentador super carismático, legal e engraçado bem cheio de empolgação e eufórico, bem melhor que os outros☺️",nao_ofensivo,hatebr
hatebr_6224,"O presidente Lula tem que fazer alguma coisa pelos aposentados! Os aposentados precisam de ter seus benefícios reajustados. O governo anterior não fez nada pelos aposentados. Estamos aguardando o Presidente Lula, pois também somos eleitores! Nossos benefícios estão super defasados!",nao_ofensivo,hatebr
hatebr_6225,@carlosheflima porque está com déficit de 140 bilhões se pegou o caixa com mais de 50 bilhões positivo?,nao_ofensivo,hatebr
hatebr_6226,HADDAD fazendo a diferença 👏👏👏👏,nao_ofensivo,hatebr
hatebr_6227,"@ton.freitas então vai morrer pq vamos ficar msis 8 anos, o que dá certo não se muda❤️❤️❤️",nao_ofensivo,hatebr
hatebr_6228,Ele nunca tem motivos. Mas sempre vão,nao_ofensivo,hatebr
hatebr_6229,Não querida! Está sempre a sua disposição. Aproveita e pega mais 🌱🌱🌱🌱🌱🌱🌱🐴,nao_ofensivo,hatebr
hatebr_6230,O melhor presidente do mundo volta presidente 💚💛🇧🇷🇧🇷,nao_ofensivo,hatebr
hatebr_6231,@_rodrigobrazz está fazendo o que aqui então cara pálida? Fazendo engajamento pro Bolsonaro?😂😂😂,nao_ofensivo,hatebr
hatebr_6232,@_rodrigobrazz Então como é curioso veio comentar kkkkkkk ajuda aí Zé 😂😂😂😂😂😂😂,nao_ofensivo,hatebr
hatebr_6233,Com Deus venceremos!!Ele Honra sua Palavra!!Deus é Fiel!!🙌,nao_ofensivo,hatebr
hatebr_6234,"Presidente Bolsonaro..... o melhor, mais competente, estávamos no caminho certo com a economia,tudo estava fluindo, vem o grande golpe, e tiram nosso presidente, jamais haverá outro como ele, porém podemos ter uma presidente bem próxima a ele,linda, competente, perfeita!!!!!!!",nao_ofensivo,hatebr
hatebr_6235,"Volta meu Presidente Bolsonaro, que saudades 🙏🇧🇷🇧🇷🇧🇷🇧🇷🇧🇷",nao_ofensivo,hatebr
hatebr_6236,Eterno Presidente Bolsonaro. 👏👏👏👏👏👏,nao_ofensivo,hatebr
hatebr_6237,São Félix do Coribe Bahia estamos juntos amo meu eterno presidente bolsonaro,nao_ofensivo,hatebr
hatebr_6238,🇧🇷JAIR MESSIAS BOLSONARO🇧🇷 O VERDADEIRO PRESIDENTE DO BRASIL 🙌🇧🇷🙌,nao_ofensivo,hatebr
hatebr_6239,Família que ainda vai dar muitas alegrias,nao_ofensivo,hatebr
hatebr_6240,@macaneirogil vivo num mundo em que as empresas estão voltando ao Brasil,nao_ofensivo,hatebr
hatebr_6241,Excelentíssimo Sr. Bolsonaro o melhor presidente dos últimos tempos. Os PATRIOTAS ti Ama.,nao_ofensivo,hatebr
hatebr_6242,ESSA GUERRA É NOSSA 👍🏻👍🏻,nao_ofensivo,hatebr
hatebr_6243,Meu presidente Bolsonaro 🇧🇷🇧🇷🇧🇷🇧🇷estamos juntos.,nao_ofensivo,hatebr
hatebr_6244,"Elon Musk faz mais que toda direita junta, e o melhor, a custo zero",nao_ofensivo,hatebr
hatebr_6245,Nossos melhores Patriotas 🇧🇷💚💛🇧🇷 continuam lutando por todos nós 🙏 obrigado 🫂 por tudo que estão fazendo 👏 Deus abençoe a cada um 🙏💚💛💚💛💚💛💚💛💚💛💚💛💚🙏,nao_ofensivo,hatebr
hatebr_6246,"@edinalepechak oxe, acho que vc respondeu pra pessoa errada, eu sou Bolsonaro ontem, hoje e sempre🇧🇷🇧🇷🇧🇷",nao_ofensivo,hatebr
hatebr_6247,Bom dia companheiro adadi❤️❤️❤️,nao_ofensivo,hatebr
hatebr_6248,"Minha irmã é professora e sempre te elogiou então eu votava em você, mas a partir de agora o meu voto você não tem mais",nao_ofensivo,hatebr
hatebr_6249,Só esperando as eleições para votar contra esse taxador,nao_ofensivo,hatebr
hatebr_6250,"Parabéns, Ministro! ""Ah, se todos fossem iguais a você!...""",nao_ofensivo,hatebr
hatebr_6251,Admiro muito Haddad 😍,nao_ofensivo,hatebr
hatebr_6252,"Kkkkk Vc votou nessa rapaziada, mano?",nao_ofensivo,hatebr
hatebr_6253,"Ei Sr ministro em breve o pobre não vai conseguir comprar comida em, o preço do amor é caríssimo em",nao_ofensivo,hatebr
hatebr_6254,O amor venceu😍,nao_ofensivo,hatebr
hatebr_6255,Aumenta o teto do FGTS .. destrava a vida das pessoas.. 5 anos sem ajustar.. quero poder usar o FGTS para quitar a casa propria,nao_ofensivo,hatebr
hatebr_6256,E o Icms da Carne já zerou?,nao_ofensivo,hatebr
hatebr_6257,“Nós vamos baixar o ICMS da carne sabe pra quanto? Pra 0” 😂,nao_ofensivo,hatebr
hatebr_6258,Parabéns Deus abençoe,nao_ofensivo,hatebr
hatebr_6259,"Vitória do Brasil, tá de brincadeira né",nao_ofensivo,hatebr
hatebr_6260,"Vai sim, e o palmeira vai ter mundial 👏",nao_ofensivo,hatebr
hatebr_6261,Hahaha cervejinha da picanha ficou mais cara neh.... Deve ser pq a gente vai ganhar um aumento :),nao_ofensivo,hatebr
hatebr_6262,Acabou com os prestadores de serviço no Brasil,nao_ofensivo,hatebr
hatebr_6263,"Boa notícia! Mas só será possível se alcançar 130 Bi para poder se alcançar déficit zero e se honrar com o Arcabouço Fiscal se a segunda etapa da Reforma Tributária, aquela que incide sobre o patrimônio dos mais ricos, também for a aprovado. Mas infelizmente não há mais tempo de se fazer isso em 2023. Logo, Lula está correto ao defender a flexibilização da meta",nao_ofensivo,hatebr
hatebr_6264,TUDO IRÁ DÁ CERTO!! NOSSO MINISTRO HADDAD!!! É PARA O CRESCIMENTO DO NOSSO BRASIL. ❤️❤️❤️❤️❤️❤️,nao_ofensivo,hatebr
hatebr_6265,Que tudo dê certo! Abraços Haddad,nao_ofensivo,hatebr
hatebr_6266,"Tai, o MELHOR Presidente e Ministro da Educação da época, e agora a Saga continua, Graças à Deus ❤️",nao_ofensivo,hatebr
hatebr_6267,Lula melhor presidente faço um apelo colocar em pauta a pec 101 dos sucamzeiro que combateu a malária no estado de Rondônia estamos com intoxicação crônica por DDT combati a malária dengue est. Está pec 101 está com presidente Artur lira pesso oração e ajuda dos senhores presidente da República Luiz Inácio Lula da Silva,nao_ofensivo,hatebr
hatebr_6268,"Eu não votei em @lulaoficial para ver ou ouvir MUNICÍPIOS dizerem que os recursos diminuíram, principalmente da SAÚDE. M",nao_ofensivo,hatebr
hatebr_6269,PARABÉNS GRANDES ADMINISTRADORESSS.,nao_ofensivo,hatebr
hatebr_6270,Pelo amor de Deus ajeita esse FGTS que fica bloqueado quando a pessoa saco de aniversário,nao_ofensivo,hatebr
hatebr_6271,"Com muita honra terceira idade minha querida. Só não sei se você chegará a terceira idade, já que você tem preconceito com a idade. Pense nisso!",nao_ofensivo,hatebr
hatebr_6272,@jaoo_alexandre Sou só inteligente mesmo kkkkkk,nao_ofensivo,hatebr
hatebr_6273,"Por exatamente 45 anos eu confiei , hoje fizeram reforma tributária mas esqueceram de isentar de IR RETIDO NA FONTE e previdência iniciada em 2003 os trabalhadores do Brasil",nao_ofensivo,hatebr
hatebr_6274,Os Robin Hood's do Brasil,nao_ofensivo,hatebr
hatebr_6275,Eis que você estuda 4 meses de economia 20 anos atrás.,nao_ofensivo,hatebr
hatebr_6276,@felipefonseca88 votei tão bem que fiz o L.,nao_ofensivo,hatebr
hatebr_6277,@guilhermina.martins56 percebe-se pela sua inteligência! 😉,nao_ofensivo,hatebr
hatebr_6278,#LULADAPAZ 💙🇧🇷 #haddad forte e inteligente na pasta!,nao_ofensivo,hatebr
hatebr_6279,"Cadê o ICMS baixo ?, disse que ia ZERA",nao_ofensivo,hatebr
hatebr_6280,Mas já teve o fim do foro: quando Daniel Silveira foi preso,nao_ofensivo,hatebr
hatebr_6281,Publiquem quem já assinou,nao_ofensivo,hatebr
hatebr_6282,@diegoandrademg vamos meu caro pega firme será nosso senador,nao_ofensivo,hatebr
hatebr_6283,"Ao fim dos privilégios tbm e que todos os políticos passem a pagar seus planos de saúde, INSS e impostos de renda... Que peguem seus próprios alugueis e suas próprias roupas. Afinal políticos tem algum gasto? Pra que tem salários?",nao_ofensivo,hatebr
hatebr_6284,Seria fácil se a gente que votou neles entrar em contato com algum deles ninguém consegue falar com um deputado ou senador,nao_ofensivo,hatebr
hatebr_6285,"Perdão, deputados, mas há um erro na proposta. O foro que se pretende acabar deixou de ser privilegiado, por decisão do STF. Passou a ser um foro comum, um juízo criminal ""competente"" para julgar qualquer um dos 200 milhões de brasileiros. As demais instâncias foram relegadas ao papel de simples auxiliares do juízo único e universal, onde 11 ""brilhantes"" ""juizes"" tem a primeira, a última e a única palavra, já que nem mesmo a defesa é autorizada a se pronunciar (e quando o faz, é solenemente ignorada, com a cumplicidade da OAB). Então, a medida correta seria o impechman do presidente do Senado, Rodrigo Pacheco, por omissão voluntária e descumprimento do dever funcional, seguido do processo de impedimento de cada um dos atuais ministros - com amplo direito de defesa, em respeito à Constituição- permanecendo no cargo apenas aqueles que forem absolvidos pelo tribunal competente. Os demais, passarão a responder criminalmente por seus atos, a partir da primeira instância, com o devido processo legal, como manda a Carta Política. @carla.zambelli @sostenescavalcante",nao_ofensivo,hatebr
hatebr_6286,Assinem façam merecer o voto do povo.,nao_ofensivo,hatebr
hatebr_6287,Vc é a minha deputada.,nao_ofensivo,hatebr
hatebr_6288,Se for pra ministro okkk,nao_ofensivo,hatebr
hatebr_6289,Sou católica e acredito em Deus 100% tbm,nao_ofensivo,hatebr
hatebr_6290,"Eu penso diferente, ainda que ela queira realmente isso. Mas não consegue sou Bolsonarista de coração, mas nenhuma luta estamos ganhando.",nao_ofensivo,hatebr
hatebr_6291,"@miriamdejesus_cps , agradecemos o apoio de todos vocês!",nao_ofensivo,hatebr
hatebr_6292,"@alissonrosa007 , amém!🙏🏼  Vamos pra cima, para que esse privilégio acabe. Abraços 🇧🇷",nao_ofensivo,hatebr
hatebr_6293,"@carla.zambelli obrigada minha deputada, sempre terá meu apoio 💪🏾🇧🇷",nao_ofensivo,hatebr
hatebr_6294,"@adrisouza22 , sem sombra de dúvidas, é de extrema importância acabar com esse privilégio! Beijos 💚💛",nao_ofensivo,hatebr
hatebr_6295,Espero que o senhor também tenha assinado @bibonunes1 !,nao_ofensivo,hatebr
hatebr_6296,"Essa PEC é excelente, contudo, não sei se é o melhor momento para ser aprovada, com a escalada de poder do judiciário, seria tudo que eles precisam para tomar de vez o poder.",nao_ofensivo,hatebr
hatebr_6297,Vamos lá @_pedrolucasfernandes como meu representante .. votei em vc .. hora de retribuir a gentileza,nao_ofensivo,hatebr
hatebr_6298,"@enildes_sl , agradeço imensamente por todo apoio e carinho dado. Contem sempre comigo! Beijos💚💛",nao_ofensivo,hatebr
hatebr_6299,@carla.zambelli o Brasil tem q ter mudanças! Começando pelas urnas.,nao_ofensivo,hatebr
hatebr_6300,"@paulopessatto poxa como você é otimista cara, seu otimismo é inspirador",nao_ofensivo,hatebr
hatebr_6301,É a existência do foro privilegiado que dá esse poder aos 11 ministros do STF.,nao_ofensivo,hatebr
hatebr_6302,Vai passar dez vezes. Mas mesmo assim é importante de uma forma simbólica,nao_ofensivo,hatebr
hatebr_6303,STF querendo aumentar o alcance do foro privilegiado. Sabem prá que né? É lógico,nao_ofensivo,hatebr
hatebr_6304,"Os 513 deputados tem o dever de aprovar a matéria. Afinal, foram eleitos pelo povo brasileiro. Para trabalhar em defesa de toda população…",nao_ofensivo,hatebr
hatebr_6305,"@orlando.lima.18847 😂😂😂😂😂, A eleição pra deputados ta longe ainda,eles neste momento só se preocupa com salários e emendas.",nao_ofensivo,hatebr
hatebr_6306,O deputado federal que eu votei com certeza vai votar a favor.👏,nao_ofensivo,hatebr
hatebr_6307,De que adianta se só fica no papel!,nao_ofensivo,hatebr
hatebr_6308,Vamos apoiar essa peça vamos conversar com cada deputados federal para apoiar,nao_ofensivo,hatebr
hatebr_6309,"Queremos nossos direitos! É tudo muito lindo, mas queremos ter acesso ao básico, as terapias, doutores",nao_ofensivo,hatebr
hatebr_6310,"Sou autista. Casada com autista. Mãe de dois filhos autistas. Me filiei ao @plmulherlondrina e sou pre candidata a vereadora na minha cidade. Fui muito bem acolhida pelo partido, que me deu oportunidade de representar os autistas e suas famílias. Confiaram em mim. Na minha capacidade. Estou só gratidão. E a @michellebolsonaro é minha inspiração. Eu vou conseguir! 🔥❤️",nao_ofensivo,hatebr
hatebr_6311,"Está na hora de conscientizar os políticos para termos leis para os autista , conseguirem tratamentos é escolas Adequadas .",nao_ofensivo,hatebr
hatebr_6312,❤️❤️🔥🔥👏👏 dia Histórico e Importante pro Brasil,nao_ofensivo,hatebr
hatebr_6313,"@marialinagriggio Torço por vc, Maria Lina! DEUS só manda pra gente, o que suportamos! 🙏🙏🙏",nao_ofensivo,hatebr
hatebr_6314,"Eu e minha esposa entramos pra esse novo mundo agora dia 26/03/24, nosso filhote tem 3 anos, e foi diagnóstico como autistma nivel 2 de suporte, sentimos que ainda iremos aprender muito, pois estamos apenas no início da jornada, nao esta sendo nada fácil, perdi meu pai e agora a minha mae em novembro, pessoas que com certeza estariam nos ajudando e nos apoiando muito nesse momento, mas estou vivendo confiante de que Deus esta conosco em cada fase ❤️",nao_ofensivo,hatebr
hatebr_6315,Volta bolsonaro e Michelle vcs deixaram um legado lindo👏👏👏,nao_ofensivo,hatebr
hatebr_6316,"Pela inclusão das terapias pedagógicas, como psicopedagoga, Neuropsicopedagoga, Terapeuta ABA nos planos de saúde. Estão travando o desenvolvimento dos autistas e outros transtornos.",nao_ofensivo,hatebr
hatebr_6317,Um presidente e uma 1a dama comprometidos com a Inclusão 😍,nao_ofensivo,hatebr
hatebr_6318,"Poderia estar fazendo muito mais pelo nosso Brasil , volta Bolsonaro",nao_ofensivo,hatebr
hatebr_6319,"Obrigado Presidente Jair Bolsonaro Pelo Seu Apoio, Creio que Voltara Para Guiar Essa Nação 💙💙🇧🇷🇧🇷🇧🇷🇧🇷",nao_ofensivo,hatebr
hatebr_6320,Melhor governo para os autistas e paz para os pais!! Obrigada presidente Bolsonaro!!🇧🇷💚💛🙏,nao_ofensivo,hatebr
hatebr_6321,"@marcianegalvao , sem sombra de dúvidas, a conscientização e empatia por essa causa é de extrema importância! Beijos 💚💛",nao_ofensivo,hatebr
hatebr_6322,"@daisy.borali , nos sentimos muito orgulhosos por saber que eles estão sempre comprometidos para trazer o melhor para as pessoas. O Bolsonaro e a Michelle sempre serão os nossos verdadeiros Presidente e Primeira Dama! Beijos💚💛",nao_ofensivo,hatebr
hatebr_6323,"@ozamar_carvalho , faço de suas palavras as minhas! Sentimos saudades deles e do comprometimento com o nosso Brasil e, principalmente, com o povo Brasileiro. Abraços 🇧🇷",nao_ofensivo,hatebr
hatebr_6324,"@marialinagriggio , estou imensamente feliz com seu relato, você também é inspiração para muitas outras pessoas! Acredite sempre. Beijos💚💛",nao_ofensivo,hatebr
hatebr_6325,"@marcialenita_ , concordo plenamente, o Bolsonaro sempre prezou pelo bem e pela paz de todos! Beijos 💚💛",nao_ofensivo,hatebr
hatebr_6326,@carla.zambelli meu Deus ela me notou.. ❤️❤️❤️❤️ que honra. Beijos!,nao_ofensivo,hatebr
hatebr_6327,Eu quero Bolsonaro d volta,nao_ofensivo,hatebr
hatebr_6328,Eu ainda assim me sinto só! Ate hj meu filho nao conseguiu fazer terapias adequadas😢,nao_ofensivo,hatebr
hatebr_6329,Pena que é uma lei que não leva benefício nenhum às famílias de autista pois não leva terapias atendimentos etc só da visibilidade ao filho dele que diga-se de passagem não tem a realidade da maioria das famílias de autistas,nao_ofensivo,hatebr
hatebr_6330,"Que lindo, que Deus continue os abençoando.",nao_ofensivo,hatebr
hatebr_6331,Daqui a pouco o Mion vai dizer q usaram a imagem dele pra fazer campanha sem permissão...querem apostar???🙄🙄🤔😒😒😏😏,nao_ofensivo,hatebr
hatebr_6332,"@rosamarialopesmagalhaes infelizmente,ele não né a realidade o quê o governo atual estão fazendo com os atendimentos para com os Autista,e digo mais, tirando tbm as conquistas",nao_ofensivo,hatebr
hatebr_6333,DEUS ABENÇOE BOLSONARO 😢😢😢😢😢🙌❤️❤️❤️🇧🇷🇧🇷🇧🇷🇧🇷🇧🇷🇧🇷🇧🇷,nao_ofensivo,hatebr
hatebr_6334,E por isso que voto em MULHERES👏👏👏👏👏 😍😍😍😍,nao_ofensivo,hatebr
hatebr_6335,"@josimar466 claro que não vai falar, no mundo do amor, tudo é válido, provavelmente ela tenha uma justificativa pra isso.",nao_ofensivo,hatebr
hatebr_6336,É o mínimo que deveriam fazer.,nao_ofensivo,hatebr
hatebr_6337,Grande conquista. Parabéns pelo trabalho que vc tem feito,nao_ofensivo,hatebr
hatebr_6338,E verdade as pesquisas so ladeira abaixo. Inclusive no nordeste,nao_ofensivo,hatebr
hatebr_6339,"Revisão do FGTS, Abono salarial atrasado, Revisão da vida toda, são direitos trabalhistas, Partido dos trabalhadores ainda não devolveu esses diretos.. O que a senhora diz?????",nao_ofensivo,hatebr
hatebr_6340,E A SOLIDARIEDADE COM A NORA DO LULA????,nao_ofensivo,hatebr
hatebr_6341,"Vdd, muitos impostos para se pagar",nao_ofensivo,hatebr
hatebr_6342,Meu voto será sempre L❤️❤️,nao_ofensivo,hatebr
hatebr_6343,"Eu votei no Lula, estou começando a me arrepender, pois hoje foi no mercado aqui no Rio, e vi o Kilo do Tomate a 16 REAIS! Entre outras coisas, e ele não tá tomando nenhuma providência!!",nao_ofensivo,hatebr
hatebr_6344,As obras do PAC foram todas abandonadas.,nao_ofensivo,hatebr
hatebr_6345,@mariamenezes3258 farmácia popular que só fornece medicamento de baixo custo,nao_ofensivo,hatebr
hatebr_6346,Poder econômico de compra dos brasileiros caiu,nao_ofensivo,hatebr
hatebr_6347,Nossa não lembro disto ter acabado no outro governo … lembro que tivemos uma pandemia com vários auxílios inclusive,nao_ofensivo,hatebr
hatebr_6348,O PT nunca terá meu voto!,nao_ofensivo,hatebr
hatebr_6349,PARABÉNS PRESIDENTE LULA PELO SEU TRABALHO VC É OBRA DAS MÃOS DE DEUS AMÉM ❤️👏👏,nao_ofensivo,hatebr
hatebr_6350,"Porque vocês não fazer propostas do tipo reduzir número de partidos. Dois de esquerda um de centro e dois de direita. Outra proposta diminuir números de municípios, e os pequenos colocarem como distrital de outra cidade mais próxima é maior, acabar com cargos de vice-governador e vice-prefeito",nao_ofensivo,hatebr
hatebr_6351,"Obrigada Presidente Lula!!! O senhor , sua força, sabedoria … são muito importantes para tod@s nós!!! Como É bom tê-lo a frente do Brasil!!! Liderança de valores significativos, aprendizagens, construções de caminhos bons … vamos ⭐️⭐️⭐️⭐️⭐️",nao_ofensivo,hatebr
hatebr_6352,As universidades públicas federais estão sem suas verbas completas há anos! É uma situação trágica!,nao_ofensivo,hatebr
hatebr_6353,Enquanto isso o desemprego subindo,nao_ofensivo,hatebr
hatebr_6354,Viva o Nosso Presidente Lula 🙌🙌🙌🙌O melhor de todos os tempos 🙌🙌🙌🙌🙌,nao_ofensivo,hatebr
hatebr_6355,Foto maravilhosa 👏👏👏 Amo ver Lula feliz❤️,nao_ofensivo,hatebr
hatebr_6356,"Grande Lula, sempre cercado de gente boa e inteligente. L",nao_ofensivo,hatebr
hatebr_6357,Parabéns o tempo todo!!,nao_ofensivo,hatebr
hatebr_6358,Tamo junto meu presidente lula na cabeça e no coração,nao_ofensivo,hatebr
hatebr_6359,Lula só traz felicidade viva Lula viva o Brasil 🇧🇷 com Lula 👏👏👏👏👏👏👏👏👏👏❤️❤️❤️,nao_ofensivo,hatebr
hatebr_6360,"É muito importânte, investir com fôrça na Educação no Brasil.",nao_ofensivo,hatebr
hatebr_6361,"OBRIGADA meu DEUS, pela vida de nosso Presidente Lula.",nao_ofensivo,hatebr
hatebr_6362,Meu coração ❤️❤️❤️ tá feliz 😍😍,nao_ofensivo,hatebr
hatebr_6363,O amor vai sempre vencer o ódio ❤❤O maior presidente do Brasil de todos os tempos.,nao_ofensivo,hatebr
hatebr_6364,Precisamos valorizar este senhor Luiz Inácio lula da Silva!! e agradecer a Deus pela vida dele!👏👏,nao_ofensivo,hatebr
hatebr_6365,Lula nosso presidente é o melhor da nossa história!,nao_ofensivo,hatebr
hatebr_6366,O governo LULA nos trouxe de volta a alegria e esperança,nao_ofensivo,hatebr
hatebr_6367,Lula falar dele é fácil mas é difícil ter a capacidade de gestão pública privado como Lula Alckmin reconhecido pela maioria dos brasileiros e todas Nações do planeta viva a democracia com esperança que voltou a todas classes sociais brasileiras viva LULA ALCKMIN. Vamos acordar eleitor de Santa Catarina.,nao_ofensivo,hatebr
hatebr_6368,Deus continue abençoando nosso querido presidente!!!,nao_ofensivo,hatebr
hatebr_6369,"Deus abençoe os nossos jovens ,que sigam o caminho de Deus e estudem para ter um futuro promissor. DEUS ABENÇOE GRANDEMENTE O PRESIDENTE LULA COM MUITA SAUDE E PROTEÇÃO DIVINA DO ESPIRITO SANTO DE DEUS🙏😇💯🇧🇷💯❤👏👏👏👏",nao_ofensivo,hatebr
hatebr_6370,Parabéns presidente LULA pir mais um brilhante incentivo aos alunos da escola pública 👏👏👏👏👏👏,nao_ofensivo,hatebr
hatebr_6371,Que lindeza de foto,nao_ofensivo,hatebr
hatebr_6372,"Astral maravilhoso do nosso Presidente Lula, o Brasil precisa de quem acredite nele!👏🏼👏🏼👏🏼👏🏼👏🏼👏🏼🤜🏼🤛🏼🫶🏼🇧🇷",nao_ofensivo,hatebr
hatebr_6373,Muito orgulho de ter feito o L,nao_ofensivo,hatebr
hatebr_6374,"Isso Lula, é pela educação que um país progride 😍👏👏👏👏",nao_ofensivo,hatebr
hatebr_6375,O presidente Lula é o presidente mais amado do Brasil 👏👏🇧🇷🇧🇷 parabéns meu querido presidente que Deus continue abençoando grandemente sua vida e seu trabalho e sua saúde 🙏🙏❤️❤️,nao_ofensivo,hatebr
hatebr_6376,Só esse Pernambucano no governo. .....tem igual não.,nao_ofensivo,hatebr
hatebr_6377,Grande Presidente Lula que orgulho ❤️,nao_ofensivo,hatebr
hatebr_6378,Um presidente q ama seu povo! ❤️❤️❤️❤️❤️❤️❤️❤️,nao_ofensivo,hatebr
hatebr_6379,❤️❤️❤️ Lindo 😍 parabéns pelo Trabalho maravilhoso que fazem pelo nosso Brasil ❤️❤️❤️❤️❤️❤️❤️❤️❤️ 💓 Meu Apoio meu Coração é vermelho,nao_ofensivo,hatebr
hatebr_6380,Três mulheres lindas que nós representam 👏👏👏👏👏👏👏👏❤️❤️❤️,nao_ofensivo,hatebr
hatebr_6381,"Seja bem-vinda, Aniele Franco!",nao_ofensivo,hatebr
hatebr_6382,Trio maravilhoso!!!👏👏👏🙌,nao_ofensivo,hatebr
hatebr_6383,Três mulheres inteligentes e impoderadas.👏😍 👍,nao_ofensivo,hatebr
hatebr_6384,Meninas lindas e maravilhosas,nao_ofensivo,hatebr
hatebr_6385,👏👏👏👏 Parabéns para essas guerreiras do povo brasileiro!,nao_ofensivo,hatebr
hatebr_6386,Grandes exemplos. Sou fã de vocês.,nao_ofensivo,hatebr
hatebr_6387,Quer fazer uma foto com as pessoas como vocês! Amam a paz!.,nao_ofensivo,hatebr
hatebr_6388,Três mulheres empoderadas...👏👏👏,nao_ofensivo,hatebr
hatebr_6389,❤️ Mulheres lindas e batalhadoras👏👏👏,nao_ofensivo,hatebr
hatebr_6390,As mulheres maravilhosas. ❤️❤️❤️👏👏👏,nao_ofensivo,hatebr
hatebr_6391,LINDAS DO CORAÇÃO ❤ ❤ ❤ ❤ ❤ ❤ ❤ ❤ ❤ DOS VERDADEIROS BRASILEIROS E BRASILEIRAS QUE AMAM O BRASIL E A NOSSA DEMOCRACIA ! 👏👏👏👏👏👏👏👏❤️❤️❤️❤️❤️❤️❤️❤️❤️❤️❤️❤️❤️❤️❤️,nao_ofensivo,hatebr
hatebr_6392,Só mulheres batalhadoras e abençoada por Deus. Trabalham muito para o bem do nosso Brasil.,nao_ofensivo,hatebr
hatebr_6393,👏👏👏👏três mulheres maravilhosas. 🙌🙌🙌🙌🙌,nao_ofensivo,hatebr
hatebr_6394,Bem-vinda Ministra Aniele Franco! Estar em um Partido político nos fortalece para a luta!!Com certeza ajudará nossa estrela a brilhar mais intensa e forte como um espaço para dar voz ao povo brasileiro!Boa luta!,nao_ofensivo,hatebr
hatebr_6395,A FORÇA DA MULHER 👏,nao_ofensivo,hatebr
hatebr_6396,Mulheres guerreira do Brasil,nao_ofensivo,hatebr
hatebr_6397,Parabéns mulher do Brasil,nao_ofensivo,hatebr
hatebr_6398,"Três mulheres de fibra, inteligentes, sábias e lindas.",nao_ofensivo,hatebr
hatebr_6399,Indignação PT financiar candidatura de prefeita bolsonarista em Cabo Frio . Uma atitude incompatível com essa foto .,nao_ofensivo,hatebr
hatebr_6400,"@andersonwanze São mulheres politizadas e sábias, não estão preocupadas com Channel e nem tampouco com Carolina Herrera, estão preocupadas com a saúde da nossa democracia, não são mulheres fùteis, sou fã de carteirinha!",nao_ofensivo,hatebr
hatebr_6401,"Maravilhosas vocês, amoooooo!",nao_ofensivo,hatebr
hatebr_6402,Meu Presidente Luiz Inácio da Silva sempre certo bjs,nao_ofensivo,hatebr
hatebr_6403,Que trio lindo🤩 bem vinda Anielle👏👏👏❤,nao_ofensivo,hatebr
hatebr_6404,Mulheres para ninguém colocar defeito.,nao_ofensivo,hatebr
hatebr_6405,Parabéns! Junte-se aos bons e serás um deles!,nao_ofensivo,hatebr
hatebr_6406,Que alegria. Bem-vinda Anielle,nao_ofensivo,hatebr
hatebr_6407,Como Portuguesa e Progressista. Saudo essas três mulheres guerreiras que tanto orgulham todas as mulheres Progressistas Brasileiras e do mundo ❤❤❤❤👏👏👏👏👏,nao_ofensivo,hatebr
hatebr_6408,"Concordo com Bolsonaro, onde já se viu!",nao_ofensivo,hatebr
hatebr_6409,Kkkkk Mais afiado que tramontina😂💚💛,nao_ofensivo,hatebr
hatebr_6410,Meu presidente sem Papa na língua 👅,nao_ofensivo,hatebr
hatebr_6411,Pois é mas não e isso ser diplomatico,nao_ofensivo,hatebr
hatebr_6412,"Amo meu Presidente Bolsonaro😍 além de inteligente, íntegro e direto 👏👏👏",nao_ofensivo,hatebr
hatebr_6413,"Sua luta sempre foi guia e segue sendo, @manueladavila ! Estamos contigo pois agora é uma causa de todas/os nós ❤️",nao_ofensivo,hatebr
hatebr_6414,😂😂😂😂Por isso Amoooooo esss homem kkkkkkk,nao_ofensivo,hatebr
hatebr_6415,"Nosso Amado Presidente ONTEM HOJE E SEMPRE, BOLSONARO PRESIDENTE",nao_ofensivo,hatebr
hatebr_6416,Força e honra!,nao_ofensivo,hatebr
hatebr_6417,Só falou verdades,nao_ofensivo,hatebr
hatebr_6418,"Amei a resposta do nosso presidente, ouviu o que pediu tava sentindo falta dessas respostas do meu presidente BOLSONARO",nao_ofensivo,hatebr
hatebr_6419,"Parabéns..presidente sua missão divina,luzes vencerá trevas,bem vencerá ma.l❤️Deus proteja nossas nação",nao_ofensivo,hatebr
hatebr_6420,Esse é nosso presidente Bolsonaro ❤️😍🇧🇷👏👏 é cheque mate,nao_ofensivo,hatebr
hatebr_6421,Eita esse é o meu eterno presidente que querem prender a todos custo 👏👏👏👏👏👏👏👏👏👏👏,nao_ofensivo,hatebr
hatebr_6422,Eu falei um bisturi? Kkkk,nao_ofensivo,hatebr
hatebr_6423,😂😂😂😂😂adoro essas respostas do seu presidente 😂😂😂😂❤❤❤❤❤❤❤❤,nao_ofensivo,hatebr
hatebr_6424,Boa resposta...esse é o meu presidente. 🇧🇷🇧🇷🇧🇷🇧🇷🇧🇷,nao_ofensivo,hatebr
hatebr_6425,Corte rápido como sempre 🤌,nao_ofensivo,hatebr
hatebr_6426,😂😂 esse é meu capitão 🧑‍✈️ Nosso presidente eterno,nao_ofensivo,hatebr
hatebr_6427,"Meu presidente, parabéns! Deus o abençoe! Minha filha de 6 anos te adora e faz aniversário no mesmo dia que o senhor. 😍 21/03 dia dos arianos de personalidade @bolsonarosp",nao_ofensivo,hatebr
hatebr_6428,Família linda Parabéns Presidente Bolsonaro,nao_ofensivo,hatebr
hatebr_6429,Lindos. Sigam em frente! 🇧🇷✨️,nao_ofensivo,hatebr
hatebr_6430,Bolsonaro é um Herói do Brasil. Estamos com ELE SEMPRE.,nao_ofensivo,hatebr
hatebr_6431,"Boa noite deputado Eduardo @bolsonarosp no video de gravação que o senhor postou no story, na mesa do seu escritório o senhor tem um Alcorão Sagrado ? Gostei de ver 😊👏👏🤲🏻🤲🏻🕌🕌",nao_ofensivo,hatebr
hatebr_6432,Parabéns presidente 🇧🇷🇧🇷🇧🇷🇧🇷 que Deus o abençoe sempre 🙏🙏🙏🙏 o Sr e sua família.,nao_ofensivo,hatebr
hatebr_6433,"Meu querido e amado Presidente, feliz aniversário! Que Deus continue te abençoando e lhe conceda saúde, paz e força para enfrentar essa turma do ódio!!!!🎂🙏😘",nao_ofensivo,hatebr
hatebr_6434,"@ricardo_eleuterio30 desistir nunca. Mais é revigorante ver pessoas com o mesmo sentimento, como vc.",nao_ofensivo,hatebr
hatebr_6435,Família Bolsonaro: nobre e exemplar. Me representa totalmente. Vocês são a FORÇA da DIREITA brasileira,nao_ofensivo,hatebr
hatebr_6436,Saúde e vida longa ao melhor Presidente do Brasil 🙏💚😎,nao_ofensivo,hatebr
hatebr_6437,Parabéns Melhor presidente que Brasil já viu... Sou nordestino Bolsonarista com orgulho 🇧🇷🇧🇷🇧🇷🇧🇷,nao_ofensivo,hatebr
hatebr_6438,Meu presidente parabéns Deus abençoe sempre sua vida,nao_ofensivo,hatebr
hatebr_6439,TAMOS JUNTOS MEU CAPITÃO BOLSONARO 🙏🇧🇷💛💚💙,nao_ofensivo,hatebr
hatebr_6440,Amores da minha vida 😍🇧🇷💙💛💚🙏😘,nao_ofensivo,hatebr
hatebr_6441,Parabéns família Bolsonaro!!!🙌 Deus continue abençoando vossas vidas!,nao_ofensivo,hatebr
hatebr_6442,O melhor presidente deste país 🇧🇷 torcemos pela sua volta 🙏,nao_ofensivo,hatebr
hatebr_6443,Deus é com vocês e o Povo Brasileiro também!🇧🇷🙏,nao_ofensivo,hatebr
hatebr_6444,"Que homens lindos 😍😍 maravilhosos, inteligentes, queridos!",nao_ofensivo,hatebr
hatebr_6445,"Parabéns meu querido e eterno PRESIDENTE BOLSONARO que DEUS abençoe poderosamente o Senhor e sua família... felicidade, saúde,paz e prosperidade 👏👏👏👏💚💛🇧🇷🇧🇷🇧🇷🇧🇷",nao_ofensivo,hatebr
hatebr_6446,Parabéns e muitas bençãos na vida de Bolsonaro!!!🙏🇧🇷,nao_ofensivo,hatebr
hatebr_6447,"Parabéns meu Presidente Bolsonaro 🇧🇷💚💛... Que o Senhor Deus dos exércitos lhe conceda saúde ,paz e alegrias ...DEUS TE ABENÇOE SEMPRE 💚💛🇧🇷🙏🏻🙌🏻",nao_ofensivo,hatebr
hatebr_6448,Deus 💚abençoe sempre!💚🙏🏽🤝🏽👏🏽👏🏽👏🏽🇧🇷,nao_ofensivo,hatebr
hatebr_6449,Estamos juntos presidente Bolsonaro 🇧🇷🇧🇷👏👏,nao_ofensivo,hatebr
hatebr_6450,Família maravilhosa. Parabéns querido presidente!,nao_ofensivo,hatebr
hatebr_6451,"Parabéns presidente, feliz aniversário e muitos anos de vida👏👏👏",nao_ofensivo,hatebr
hatebr_6452,NOSSO ETERNO PRESIDENTE...PARABÉNS FELICIDADES COM MUITA SAÚDE PAZ 🇧🇷🩵🇧🇷🩵🇧🇷🩵🇧🇷,nao_ofensivo,hatebr
hatebr_6453,A perseguição é do homem mais o livramento e de deus,nao_ofensivo,hatebr
hatebr_6454,Muito satisfeita com meu voto em vc pela segunda vez.👏👏👏😍,nao_ofensivo,hatebr
hatebr_6455,Parabéns vai salvar milhares de vidas,nao_ofensivo,hatebr
hatebr_6456,Ohhh Glória obrigada por vim na nossa região 👏👏👏,nao_ofensivo,hatebr
hatebr_6457,"Parabéns o Eduardo Bolsonaro , só quem por tratamento de câncer sabe o valor desse equipamento. Eu fiz 30 sessões em 2020 , tratando um tumor no cérebro e hoje estou vivo e graças a esse equipamento. Fiz em Brasília com com a equipe do hospital Sarah Kubitschek , DF",nao_ofensivo,hatebr
hatebr_6458,Maravilhoso....como seria bom se tivessemos mais parlamentares como vc,nao_ofensivo,hatebr
hatebr_6459,👏👏👏👏🇧🇷🇧🇷parabéns pelo seu trabalho 🇧🇷,nao_ofensivo,hatebr
hatebr_6460,Que maravilha!! Graças a Deus!!,nao_ofensivo,hatebr
hatebr_6461,Não acredito que vc esteve aqui e eu não fiquei sabendo 😭😭😭😭😭😭,nao_ofensivo,hatebr
hatebr_6462,Deus abençoe sempre você tenha uma ótima noite,nao_ofensivo,hatebr
hatebr_6463,Que maravilha. Que Deus te abençoe. 👏👏,nao_ofensivo,hatebr
hatebr_6464,"Agradecemos, o hospital de base, socorre milhares de pessoas da cidade e toda a região.",nao_ofensivo,hatebr
hatebr_6465,"Até, agora! Só vejo as boas notícias! Vindo do filho do Bolsonario!! Mas dos outros! Não vejo nada, a ser feito, para o povo do país! Parabéns Eduardo 👏👏👏",nao_ofensivo,hatebr
hatebr_6466,"Deus abençoe, que muitosss sejam beneficiados..",nao_ofensivo,hatebr
hatebr_6467,Todos políticos deveriam mostrar pra onde estão indo suas verbas públicas. Parabéns Eduardo Bolsonaro,nao_ofensivo,hatebr
hatebr_6468,"Parabéns Eduardo. O povo precisa muito de vcs deputados do bem, que tem compromisso com o povo brasileiro 👏👏👏",nao_ofensivo,hatebr
hatebr_6469,A Marnha Do Brasil está produzindo esses aparelhos Parabéns MARINHA DO BRASIL🇧🇷🇧🇷🇧🇷🇧🇷,nao_ofensivo,hatebr
hatebr_6470,"Parabéns , fico feliz em você estar empenhado em busca de novas tecnologias e inovações ao combate do câncer.",nao_ofensivo,hatebr
hatebr_6471,"Parabéns, saúde merece tudo investimento",nao_ofensivo,hatebr
hatebr_6472,Parabéns pela iniciativa. Mas seria de suma importância dispor desse equipamento em todo o país.👏👏👏👏👏👏,nao_ofensivo,hatebr
hatebr_6473,"E isso aí, trabalhar para o bem do povo, saúde e tudo.Parabéns!!!!!👏👏👏👏👏👏👏👏👏",nao_ofensivo,hatebr
hatebr_6474,Parabéns Dep. Eduardo e sos pacientes que precisam de assistência 👏👏👏,nao_ofensivo,hatebr
hatebr_6475,Espetacular ação @bolsonarosp parabéns pra vc toda equipe 🙌,nao_ofensivo,hatebr
hatebr_6476,Que maravilha! Imaginemos os milhões gastos com compra de deputados o que poderia ser feito nos hospitais do país.,nao_ofensivo,hatebr
hatebr_6477,"Nosso presidente Bolsonaro, faz a diferença! 👏👏👏👏👏👏👏👏👏👏",nao_ofensivo,hatebr
hatebr_6478,Parabéns pelo engajamento com país e de pessoas assim que precisamos..😍😍,nao_ofensivo,hatebr
hatebr_6479,Obrigada meu Deus meu irmão estava com câncer na garganta foi tratado no HB e ficou curado,nao_ofensivo,hatebr
hatebr_6480,👏👏👏 se candidata a presidente @bolsonarosp,nao_ofensivo,hatebr
hatebr_6481,"Parabéns!Deus permaneça o abençoando @bolsonarosp por realizar tal feito ,Deus abençoe os profissionais desse hospital e cada um dos pacientes!🙏🏽🙏🏽🙏🏽",nao_ofensivo,hatebr
hatebr_6482,Agora vai deus abençoe sempre 🙌,nao_ofensivo,hatebr
hatebr_6483,"Hospital de Base em São José do Rio Preto, é filantrópico, mantido vom doações. Atende SUS. Excelente atendimento a saúde. Obrigada a esses excelentes servidores da saúde",nao_ofensivo,hatebr
hatebr_6484,"Obrigado Eduardo Bolsonaro, Deus te abençoe sempre!🙏 Quem usa sabe o que isso significa...",nao_ofensivo,hatebr
hatebr_6485,👏🏽👏🏽👏🏽👏🏽👏🏽BRAVÍSSIMO NOSSO QUERIDO GÊNIO DEPUTADO EDUARDO BOLSONARO 🇧🇷🇧🇷🇧🇷🇧🇷🇧🇷,nao_ofensivo,hatebr
hatebr_6486,Parabéns os pacientes do HB agradece,nao_ofensivo,hatebr
hatebr_6487,"Que maravilha! Obrigado Eduardo Bolsonaro, em nome de todo povo brasileiro, pela aquisição desse aparelho que é um diferencial no tratamento do câncer em nosso país. 👏👏🇧🇷🇧🇷🇧🇷",nao_ofensivo,hatebr
hatebr_6488,👏👏 parabéns pelo empenho deputado 👏👏 graças a Deus que ainda temos pessoas,nao_ofensivo,hatebr
hatebr_6489,✨ Parabéns! #DireitaGentequeFaz 👍👏👏👏...🇧🇷💐,nao_ofensivo,hatebr
hatebr_6490,"Que benção!Parabéns Eduardo Bolsonaro, Deus o abencoe",nao_ofensivo,hatebr
hatebr_6491,"👏👏👏 parabéns o HB é referência e excelência em tratamento de pacientes , 😍😍 direita com apoio Bolsonaro 😍😍",nao_ofensivo,hatebr
hatebr_6492,Sensacional isso daqui,nao_ofensivo,hatebr
hatebr_6493,Parabéns Dep. Eduardo Bolsonaro ..esse hospital é referência até pra nós aqui de Minas...eu mesmo já fiquei internado aí 3 dias e sai bem...Graças a Deus,nao_ofensivo,hatebr
hatebr_6494,Esse é um ex mais querido do mundo,nao_ofensivo,hatebr
hatebr_6495,Em julho acaba a esperança. Kkkkk,nao_ofensivo,hatebr
hatebr_6496,👏👏👏 aqui em RP na Agrishow tb foi assim. Meu sonho era ter conseguido chegar perto do mito 😎,nao_ofensivo,hatebr
hatebr_6497,"Estamos esperando o @jairmessiasbolsonaro na Tecnoshow, Rio Verde Goiás, capital do AGRO. 🚜🇧🇷",nao_ofensivo,hatebr
hatebr_6498,O Sul representa!,nao_ofensivo,hatebr
hatebr_6499,Nosso presidente é jair Bolsonaro. Mito.,nao_ofensivo,hatebr
hatebr_6500,Não preci@ de pesquisa isso mostra as urnas? Bolsonaro🇧🇷,nao_ofensivo,hatebr
hatebr_6501,"Lindo de se ver!!! Gente boa, Bolsonaro cuidem das crianças da Ilha do Marajo. Juntos todos podemos. Grata",nao_ofensivo,hatebr
hatebr_6502,Lindo de ver que meu Rio Grande do Sul é Bolsonaro!,nao_ofensivo,hatebr
hatebr_6503,Amamos Bolsonaro 🇧🇷🇧🇷🇧🇷👍 👏👏👏👍👍👍👍🥰🥰🇧🇷🇧🇷🇧🇷🇧🇷,nao_ofensivo,hatebr
hatebr_6504,👏👏👏👏 ESSE é o escolhido do povo e nem tem condiçao de negar. 😂😂😂😂😂😂💪🏻💪🏻💪🏻👊🏻🤛🏻👏🏻👏🏻👏🏻👏🏻👏🏻👏🏻👏🏻,nao_ofensivo,hatebr
hatebr_6505,SEGUE O LÍDER NÃO TÊM PRÁ NINGUÉM,nao_ofensivo,hatebr
hatebr_6506,É muita gente que gosta de Bolsonaro,nao_ofensivo,hatebr
hatebr_6507,Que Deus abençoe nosso presidente Bolsonaro l❤️🙌,nao_ofensivo,hatebr
hatebr_6508,Esse é nosso Presidente BOLSONARO 🇧🇷🇧🇷🇧🇷🇧🇷🇧🇷🇧🇷,nao_ofensivo,hatebr
hatebr_6509,Sempre cercado pelo povo....,nao_ofensivo,hatebr
hatebr_6510,O maior homem do país,nao_ofensivo,hatebr
hatebr_6511,E ó nosso presente com certeza outro igual não tem,nao_ofensivo,hatebr
hatebr_6512,Lindo dê se ver 🙏🙏🙏🙏👏👏👏👏👏👏👏🇧🇷🇧🇷🇧🇷🇧🇷,nao_ofensivo,hatebr
hatebr_6513,Aquí e brasil 🇧🇷 🇧🇷🇧🇷🇧🇷🇪🇸🇪🇸🇪🇸,nao_ofensivo,hatebr
hatebr_6514,Precisa. Urgentemente mudar as regras das eleições!,nao_ofensivo,hatebr
hatebr_6515,Coisa mais lindaaaaa😍😍😍,nao_ofensivo,hatebr
hatebr_6516,Esse é o verdadeiro presidente do Brasil eleito pelo povo!,nao_ofensivo,hatebr
hatebr_6517,"Pessoal, vamos orar mais por BOLSONARO!",nao_ofensivo,hatebr
hatebr_6518,🇧🇷🇧🇷🇧🇷🇧🇷🇧🇷Deus padria família vamos mudar essa geração juntos somos mais fortes 👏👏👏👏👏parabéns Bolsonaro siga firme,nao_ofensivo,hatebr
hatebr_6519,"Popularidade ñ é poder. Evidentemente, o povo brasileiro ñ tem poder nenhum. (Olavo de Carvalho)",nao_ofensivo,hatebr
hatebr_6520,Deus te proteja meu presidente!🍀🇧🇷,nao_ofensivo,hatebr
hatebr_6521,Se fosse assim que taria na presidência era ele kkkkkk,nao_ofensivo,hatebr
hatebr_6522,Duas pessoas maravilhosas se abraçando ❤️❤️,nao_ofensivo,hatebr
hatebr_6523,Dois seres humanos de um coração sem tamanho. A Benção Padre Lancelloti.,nao_ofensivo,hatebr
hatebr_6524,Um dos melhores seres humanos vivos,nao_ofensivo,hatebr
hatebr_6525,Parabéns padre Júlio...muitas bênçãos em sua vida!,nao_ofensivo,hatebr
hatebr_6526,Deixei de ser católica há anos. Mas tá aí um padre que me faz ter respeito por essa vocação religiosa.,nao_ofensivo,hatebr
hatebr_6527,"Vivaaaaaaaaaa, duas potências do Planeta Terra gerando LUZ.",nao_ofensivo,hatebr
hatebr_6528,E aí? O vídeo comprovou que era vdd...,nao_ofensivo,hatebr
hatebr_6529,"Manuela D'Ávila e Padre Júlio Lancellotti, dois seres maravilhosos, Deus lhes abençoe e proteja 👏🙏",nao_ofensivo,hatebr
hatebr_6530,"É muita beleza, sabedoria e empatia, numa pessoa só! Obrigado Manu, por ser tão bela assim 👏🙏",nao_ofensivo,hatebr
hatebr_6531,A beleza e o ser divino juntos! Parabéns a vocês dois! Deus lhes abençoe 👏🙏,nao_ofensivo,hatebr
hatebr_6532,Meu Abraço Carinhoso na Gratidão pela sua presença em minha vida🙏🏻,nao_ofensivo,hatebr
hatebr_6533,"Felicidades, @padrejulio.lancellotti, e gratidão enorme pelo seu trabalho nesse mundo!",nao_ofensivo,hatebr
hatebr_6534,FELIZ NATAL E PRÓSPERO ANO NOVO. Saudações Democráticas. Um Abração Fraterno. Sorrir É Preciso ➡ MOVIMENTO POLÍTICO REPENSAR PETROLINA MELHOR - RPM. ❤❤🙌🙄🤗🎄👪🙏👆😂👏👏👏👏👏👏,nao_ofensivo,hatebr
hatebr_6535,Deus abençoe sempre o padre Júlio Lancellotti verdadeiro sacerdote,nao_ofensivo,hatebr
hatebr_6536,Amamos esse maravilhoso ❤️,nao_ofensivo,hatebr
hatebr_6537,Pe. Júlio é um verdadeiro seguidor de Cristo! Parabéns! Vida longa cheia de bênçãos divinas!,nao_ofensivo,hatebr
hatebr_6538,"Parabéns, Pe. Júlio, gratidão por renovar nossa fé e esperança não só na caridade, mas, especialmente, na justiça social.",nao_ofensivo,hatebr
hatebr_6539,Esquerda sempre !❤️,nao_ofensivo,hatebr
hatebr_6540,MANÚ NÓS BRASILEIROS AMAMOS VOCÊ E TUDO QUE VOCÊ FAZ .❤️❤️❤️,nao_ofensivo,hatebr
hatebr_6541,"Obrigado, Jair! A conversa com Israel foi fundamental!",nao_ofensivo,hatebr
hatebr_6542,"@clebe.r76 não gosto de picanha , ( prefiro costela) mas se gostasse hoje poderia comprar tranquilamente",nao_ofensivo,hatebr
hatebr_6543,"@cheoheck mídia direitista brasileira? Isso existe? Tem anos que procuro uma e ainda não achei.. Se tiver pra indicar, eu agradeço..",nao_ofensivo,hatebr
hatebr_6544,#Lulaamado❤️❤️pela PAZ ❤️🇸🇩,nao_ofensivo,hatebr
hatebr_6545,@julianopereiralore o governo não tem nada a ver com esse episódio lamentável. Foi uma ex-deputada que criou a situação. Mudaram as regras de entrada de indivíduos para evitar esse tipo de coisa.,nao_ofensivo,hatebr
hatebr_6546,E COMO ESTA A GUERRA DA RUSSIA..... SÓ FALAM AGORA DA GUERRA DE ISRAEL.... PORQUÊ?,nao_ofensivo,hatebr
hatebr_6547,Estamos aliviados e felizes por eles. Gratidão ao governo Lula e todos os envolvidos. Paz para o mundo!,nao_ofensivo,hatebr
hatebr_6548,"Fiquei muito emocionada, chorei ao ver aquela menina universitária que perdeu a mãe para um câncer e estava refazendo a vida na Palestina descendo do avião. Eu todo dia via os vídeos dela, através do Instagram do Thiago Ávila, e muitas vezes me perguntei se ela sobreviveria. Ter um presidente, e um governo, uma diplomacia que trabalha agilmente para tirar todo cidadão brasileiro da zona de guerra, e defende a paz, é incrível!!! Não é comum essa intenção e essa capacidade caminharem juntas, nos governos planeta afora!!! Parabéns Brasil, parabéns Lula, parabéns diplomacia brasileira!!!",nao_ofensivo,hatebr
hatebr_6549,"@cunhaiata cobra do teu governador e prefeito, responsabilidade deles",nao_ofensivo,hatebr
hatebr_6550,"@paulorobertoalbuquerqueoliv , prezado, tu ainda está nesse viagem?",nao_ofensivo,hatebr
hatebr_6551,Itamarati com lula Ou sem lula sempre recebe brazileiros q estao em paises em Guerra,nao_ofensivo,hatebr
hatebr_6552,A fumaça está dentro de casa difícil de viver nessa situação,nao_ofensivo,hatebr
hatebr_6553,"A preservação da integridade da Amazônia é um grande desafio para o governo, e vale a pena ser encarado com planejamento e energia.",nao_ofensivo,hatebr
hatebr_6554,@wellington_do_gremio não tenho tempo nem de ver TV quanto mais globo.,nao_ofensivo,hatebr
hatebr_6555,@wellington_do_gremio você leu sobre os fatores cruciais para a diminuição?,nao_ofensivo,hatebr
hatebr_6556,A urgência de preservação ……..,nao_ofensivo,hatebr
hatebr_6557,@mel.walthier muito importante o diálogo que estamos produzindo aqui nos comentários 👏🏾,nao_ofensivo,hatebr
hatebr_6558,"Tá mais agora o governo federal tem que tomar providências urgente. Crianças, pessoas estão com problemas respiratório. Manuela precisamos de ajuda. Tal qual a pandemia .",nao_ofensivo,hatebr
hatebr_6559,@sena.julio no Amazonas e Manaus só elegeram bolsonaristas e aí agora que estamos precisando de ajudar pra respirar não tem 1 se quer que nos ajude.,nao_ofensivo,hatebr
hatebr_6560,"Estamos a 3 dias nesse sufoco, tosse, dor de cabeça, nariz sangrando, garganta irritada, tá horrível 😢",nao_ofensivo,hatebr
hatebr_6561,"O AMAZONAS AGONIZA MAIS UMA VEZ, AGORA É QUALIDADE PÉSSIMA DE AR RELACIONADA A FUMAÇA CONSEQUÊNCIA DAS QUEIMADAS PROMOVIDA PELA AÇÃO HUMANA. Os humanos destruindo nosso meio ambiente, os animais que lá habitam e nos sufocando com essa fumaça insuportável",nao_ofensivo,hatebr
hatebr_6562,@flamarbulhoes calma😂😂 Pai Lula voltou. Vai zerar os problemas do BRASIL,nao_ofensivo,hatebr
hatebr_6563,@prillamendes você disse tudo. Essa é a questão! E agora querem que Lula resolva??,nao_ofensivo,hatebr
hatebr_6564,"@prillamendes o povo precisa ir pra porta da Câmara de vereadores e pra porta do legislativo estadual. Todos de máscaras pra protestar e todos fazendo transmissão ao vivo da fumaça. Se todos se unirem, o problema vira pauta imediatamente",nao_ofensivo,hatebr
hatebr_6565,"@manueladavila Sou enfermeira da atenção básica numa Comunidade Ribeirinha do Município de Parintins, estamos na mesma situação. Além do sofrimento com a fumaça, estamos parcialmente isolados da sede do município por conta da seca dos rios. Aumento de doenças respiratórias pela fumaça e das síndromes diarréicas pela má qualidade da água.",nao_ofensivo,hatebr
hatebr_6566,"@grazi_diphylleia acabei de ler na imprensa. De fato, a situação é grave e eu não queria estar na ele de Manaus e entorno agora. Meu Deus 😱",nao_ofensivo,hatebr
hatebr_6567,O ministério do meio ambiente já se pronunciou?,nao_ofensivo,hatebr
hatebr_6568,@coca.figueiredo chefe não saber e normal..........fica na paz vamos nos alegrR mais segurança pra nós pais de família 👏,nao_ofensivo,hatebr
hatebr_6569,Parabéns querida deputada Carla Zambele você é dez,nao_ofensivo,hatebr
hatebr_6570,@tatis.ambiente os assessores do Instagram da deputada já me explicaram fica em paz irmão,nao_ofensivo,hatebr
hatebr_6571,O projeto era pra impedir.. Agora aprovou pra limitar só kkk nunca vai mudar nada... o amor sempre vence,nao_ofensivo,hatebr
hatebr_6572,Carla zanbelle gastei das suas prerrogativa de deputada atuante sou seu fã,nao_ofensivo,hatebr
hatebr_6573,PARABÉNS DEPUTADOS DEUS ABENÇOE VCS MUITA FORÇA VAMOS CHEGAR LA COM FÉ EM DEUS 🙌🙌,nao_ofensivo,hatebr
hatebr_6574,"Parabéns, mais uma vitória 🏅👏🏼👏🏼👏🏼 juntos somos mais fortes",nao_ofensivo,hatebr
hatebr_6575,Parabéns Carla Parabéns Você me representa Parabéns Brasil Parabéns,nao_ofensivo,hatebr
hatebr_6576,Menos um problema pra resolver 🙌🙌🙌🙌,nao_ofensivo,hatebr
hatebr_6577,Amém obrigada está certo 🙌👏👏👏,nao_ofensivo,hatebr
hatebr_6578,"Parabéns a todos, uma ótima notícia",nao_ofensivo,hatebr
hatebr_6579,"@celhaivandis , agradecemos o apoio e carinho dado à Deputada! Atenciosamente, Equipe da Deputada Federal Carla Zambelli.",nao_ofensivo,hatebr
hatebr_6580,"Comercialização de animais silvestres, onde o bem estar animal entra aí?",nao_ofensivo,hatebr
hatebr_6581,"Deus nos ajude, com tantas coisas urgentes COMO O VOTO IMPRESSO . TEMOS ELEIÇÕES ESSE ANO , AJAM LOGO 😢",nao_ofensivo,hatebr
hatebr_6582,Parabéns deputada vice é especial merece todos os aplausos 👏👏,nao_ofensivo,hatebr
hatebr_6583,"Parabéns Deputada Carla, sempre dando voz a que não tem 👏👏👏👏",nao_ofensivo,hatebr
hatebr_6584,Parabéns continue firme e forte e conte conosco,nao_ofensivo,hatebr
hatebr_6585,"@elizeu_ribeiro_nascimento vc mesmo pode fazer a pergunta a ela meu jovem, com relação ao nosso presidente estamos n luta juntos somos mais fortes um grande abraço",nao_ofensivo,hatebr
hatebr_6586,Parabéns pelo belíssimo trabalho 👏👏👏,nao_ofensivo,hatebr
hatebr_6587,"Parabéns, Deus abençoe e guarde",nao_ofensivo,hatebr
hatebr_6588,"Deputada, vamos ao que interessa, voto impresso auditavel. Esqueceu foi?",nao_ofensivo,hatebr
hatebr_6589,🙌👏 Parabéns sempre representando nosso povo nossa nação Deus Pátria família e liberdade 👕🗽💚,nao_ofensivo,hatebr
hatebr_6590,Quero saber do voto impresso e também dos presos políticos que alguns estão com mais de 17 anos de prisão,nao_ofensivo,hatebr
hatebr_6591,"É tão gostoso ouvir uma criança falar um Eu te amo assim, tão sincero e cheio de verdade 🙌❤😍",nao_ofensivo,hatebr
hatebr_6592,Parabéns para esse muleque e principalmente ao pai que tem dado uma educação de excelência,nao_ofensivo,hatebr
hatebr_6593,"Paulinho que Deus te abençoe sempre, exemplo de pai que eu quero ser.",nao_ofensivo,hatebr
hatebr_6594,Não julgo porq ninguém conhece devidamente o que aconteceu . Mas Deus é com vc . Ele nunca abandona . Deus o abençoe,nao_ofensivo,hatebr
hatebr_6595,Emocionante!Eu sou o Pai(para a minha filha)que eu sempre quis ter.Que Deus abençoe esse garoto e seu pai.,nao_ofensivo,hatebr
hatebr_6596,Deus abençoe esse menino e a seu pai herói tbm,nao_ofensivo,hatebr
hatebr_6597,"Por essas e outras que o bem jamais será derrotado.É como dizia Silvio Santos,o mau vence por alguns momentos,mas no final o bem sempre triunfa!🙌🏾🙏🏾",nao_ofensivo,hatebr
hatebr_6598,"Eu vi esse vídeo, emocionante mesmo",nao_ofensivo,hatebr
hatebr_6599,"Tem que amar pai e mãe apesar de qualquer coisa, bíblia diz isso.",nao_ofensivo,hatebr
hatebr_6600,"Bem educado e ensinando pelo pai Deus, pátria, família",nao_ofensivo,hatebr
hatebr_6601,"Aí de nós,se não fosse o amor que Deus tem por nós",nao_ofensivo,hatebr
hatebr_6602,"Emocionante de mais, Deus é tudo 🙌🙌",nao_ofensivo,hatebr
hatebr_6603,"Paulinho, eu te saúdo e abençoo com o ampr que sinto pelo meu proprio pai.Que nunca me falrou nem me falta🙏",nao_ofensivo,hatebr
hatebr_6604,😍😍😍👏👏👏 esse vídeo ganhou meu ❤️,nao_ofensivo,hatebr
hatebr_6605,Quem Deus tem tudo e quem não tem Deus não tem nada. Que moleque abençoado 🙌,nao_ofensivo,hatebr
hatebr_6606,"@ricardo_eleuterio30 exatamente, Deus é o princípio para todas as coisas boas acontecerem",nao_ofensivo,hatebr
hatebr_6607,"@luiz_f_gelezov o mundo pode ser melhor, não vamos desistir!",nao_ofensivo,hatebr
hatebr_6608,"Ohhh Manu, Laurinha já nasceu com consciência política e espírito solidário. Ela traz a empatia na alma. Você @ducaleindeckeroficial estão criando-a muito bem. Parabéns! Parabéns especial pra nossa Laurinha linda. E força pra vocês, querida♥️🌺🩷",nao_ofensivo,hatebr
hatebr_6609,"Um abraço, nossa corajosa representante na luta contra as mentiras que assolam o nosso país.",nao_ofensivo,hatebr
hatebr_6610,Queremos o salário mínimo pra 1.320 oficial apati de maio,nao_ofensivo,hatebr
hatebr_6611,E a Mp da enfermagem como fica?,nao_ofensivo,hatebr
hatebr_6612,"@carol.hell e @lucasmanzotti vou responder os 2 de uma vez. Não sou contra, só acho que devia ser temporário até encontrar um emprego. Poderia aqui citar n casos que teria que ser uma política diferente, mas achei que fosse livre para expressar minha opinião.",nao_ofensivo,hatebr
hatebr_6613,Parabéns presidente Lula!!!!,nao_ofensivo,hatebr
hatebr_6614,Isso sim é pensar na família,nao_ofensivo,hatebr
hatebr_6615,Vamos juntos com o Governo popular do Presidente Lula !O Brasil para todos e todas!,nao_ofensivo,hatebr
hatebr_6616,Kd o fim da reforma do ensino médio????,nao_ofensivo,hatebr
hatebr_6617,Que programa maravilhoso e importante para nosso povo.,nao_ofensivo,hatebr
hatebr_6618,Família que ganha mil reais sem trabalhar e o salário mínimo de mil trezentos e dezoito pra o trabalhador é sem lógica.,nao_ofensivo,hatebr
hatebr_6619,@gilberttsantos pra quem vive de doação sim meu querido!,nao_ofensivo,hatebr
hatebr_6620,@daianeluz7 o amor venceu! Trabalhem por amor!,nao_ofensivo,hatebr
hatebr_6621,Parabéns pelo retorno do BF 👏👏👏👏👏👏,nao_ofensivo,hatebr
hatebr_6622,@victorbrivera depois te explico melhor o que vc não entendeu ainda,nao_ofensivo,hatebr
hatebr_6623,@_guevangelista seria exelente governador de São Paulo alem tudo e bonito ele sendo ótimo. Ministro da Fazenda.,nao_ofensivo,hatebr
hatebr_6624,@leina_maria_ da última vez tivemos o melhor GOVERNO que o Brasil já teve em toda história política brasileira,nao_ofensivo,hatebr
hatebr_6625,@le.dearruda governo acabou de baixar gasolina e diesel,nao_ofensivo,hatebr
hatebr_6626,"Que lindeza! Lugar de criança é na escola, bem cuidada e bem alimentada! Foi isso que mudou minha vida",nao_ofensivo,hatebr
hatebr_6627,Vai dar certo Brasil!,nao_ofensivo,hatebr
hatebr_6628,"@brunomartins_sf1 vc me convenceuuuu, com toda suas palavras educadas!!! Vi que vc entende mesmo de política e estuda muito, pois conseguiu debater com tds em alto nível! Fk com Deus garoto.",nao_ofensivo,hatebr
hatebr_6629,"Na última pesquisa do IBGE, a constatação é que mesmo com o funcionamento do Bolsa Família o número de filhos por mulher não aumentou.",nao_ofensivo,hatebr
hatebr_6630,"@brunomartins_sf1 realmente vou ter que voltar a estudar e entender tudoooo que está acontecendo. Vc deu uma aula ... nos passe sua base de conhecimento, para que tds aqui possa seguir este mesmo pensamento, de argumentos e de Educação. Sensacional 👏👏👏👏👏👏",nao_ofensivo,hatebr
hatebr_6631,"Parabéns, que felicidade estarmos em um novo Brasil. Fé, esperança, organização, compromisso. Que tenham sempre muita sabedoria",nao_ofensivo,hatebr
hatebr_6632,Precisa frear a inflação e tornar insento quem ganha 5000 mil. Diminuir o gasto público e fazer crescer o país.,nao_ofensivo,hatebr
hatebr_6633,Que abraço gostoso se percebe a sinceridade,nao_ofensivo,hatebr
hatebr_6634,Que demais! 👏👏👏,nao_ofensivo,hatebr
hatebr_6635,Só amigos que se cumprimentam assim 👏👏👏👏,nao_ofensivo,hatebr
hatebr_6636,Adoro ver este abraço.,nao_ofensivo,hatebr
hatebr_6637,Que abraço ms e espontâneo 👋,nao_ofensivo,hatebr
hatebr_6638,Quem não se emociona ?,nao_ofensivo,hatebr
hatebr_6639,"Abraço sincero, de amigos de vdd",nao_ofensivo,hatebr
hatebr_6640,Adoro ver isso! 👏👏👏😍😍😍😍😍😍,nao_ofensivo,hatebr
hatebr_6641,"Argentina com Milei, no rumo certo para o sucesso....",nao_ofensivo,hatebr
hatebr_6642,Presidente toppppp🙌,nao_ofensivo,hatebr
hatebr_6643,Bolsonaro sempre,nao_ofensivo,hatebr
hatebr_6644,👏👏👏👏👏👏 a direita avançando 🔥❤️,nao_ofensivo,hatebr
hatebr_6645,Adoro a alegria do Javier,nao_ofensivo,hatebr
hatebr_6646,Deus abençoe a todos este sou eu de Guarulhos São Paulo Brasil para o mundo,nao_ofensivo,hatebr
hatebr_6647,Grandes líderes PATRIOTAS,nao_ofensivo,hatebr
hatebr_6648,Os homens se reunindo PRESIDENTE BOLSONARO +MILEI +TRUMP HOMENS RESPEITADOS 🇧🇷🇧🇷🇧🇷🇧🇷🇧🇷🇧🇷🇧🇷,nao_ofensivo,hatebr
hatebr_6649,Parabéns aos argentinos por ter escolhido o lado certo,nao_ofensivo,hatebr
hatebr_6650,Unidos venceremos!,nao_ofensivo,hatebr
hatebr_6651,"Eu estou aqui, é só dizer o q devo fazer",nao_ofensivo,hatebr
hatebr_6652,Vamos propagar o conservadorismo pelo Brasil.,nao_ofensivo,hatebr
hatebr_6653,Bora ser honesto!👏,nao_ofensivo,hatebr
hatebr_6654,Pode conta comigo 👏,nao_ofensivo,hatebr
hatebr_6655,Falou tudo. parabens as pessoas honestas ja intenderam isso,nao_ofensivo,hatebr
hatebr_6656,Quero sim juntos somos fortes,nao_ofensivo,hatebr
hatebr_6657,@prbolsonaro2026ofc estamos com o senhor nosso presidente Bolsonaro 🇧🇷🇧🇷🇧🇷🇧🇷🇧🇷🇧🇷🇧🇷,nao_ofensivo,hatebr
hatebr_6658,O Brasil irá por vcs,nao_ofensivo,hatebr
hatebr_6659,@gusmao961 Faz anos que pego remédio na farmácia popular😂😂😂😂😂,nao_ofensivo,hatebr
hatebr_6660,Bolsonaro o melhor presidente é mas amado do Brasil Mitoooooooooo !!,nao_ofensivo,hatebr
hatebr_6661,Sempre bossonaro pôde contar comigo sempre patriota,nao_ofensivo,hatebr
hatebr_6662,VIVA Á DEMOCRACIA,nao_ofensivo,hatebr
hatebr_6663,"Uma ótima semana , cheia de vitórias e surpresas boas ❤️❤️❤️❤️",nao_ofensivo,hatebr
hatebr_6664,Democracia sempre ❤️,nao_ofensivo,hatebr
hatebr_6665,Uma semana abençoada pra sra.,nao_ofensivo,hatebr
hatebr_6666,"Bom dia democracia o Brasil e os apoiadores estadistas democráticos , as escolhas são democracia.",nao_ofensivo,hatebr
hatebr_6667,Boa tarde Gleice querida 😍,nao_ofensivo,hatebr
hatebr_6668,Bom dia Democracia obrigado por existir!!,nao_ofensivo,hatebr
hatebr_6669,Revisão da vida toda já!!!!!!!!!!,nao_ofensivo,hatebr
hatebr_6670,"Bom dia querida deputada Gleisi Hoffmann, um ótimo início de mês, e também um maravilhoso início de semana.",nao_ofensivo,hatebr
hatebr_6671,@prestes.reh noooossa essa foi boa 👏👏👏👏,nao_ofensivo,hatebr
hatebr_6672,Que tal governadora do Rjkkk,nao_ofensivo,hatebr
hatebr_6673,"Se filiar pode com certeza, ser eleita já é outra conversa 😂",nao_ofensivo,hatebr
hatebr_6674,Os comentários são o que há de melhor,nao_ofensivo,hatebr
hatebr_6675,Passando aqui para me divertir com os comentários,nao_ofensivo,hatebr
hatebr_6676,"Volta linda, faz muitaaaaaa falta",nao_ofensivo,hatebr
hatebr_6677,Melhor fazer uma enquete .,nao_ofensivo,hatebr
hatebr_6678,Tinha prometido que não voltaria,nao_ofensivo,hatebr
hatebr_6679,@rennatorasta pensei a mesma coisa kkk,nao_ofensivo,hatebr
hatebr_6680,Vai ter seleção para merendeira no colégio do meu filho,nao_ofensivo,hatebr
hatebr_6681,"Tem meu voto, @joicehasselmannoficial",nao_ofensivo,hatebr
hatebr_6682,"@adelaineadv Tá eleita, comentário do ano!😂😂😂",nao_ofensivo,hatebr
hatebr_6683,Kkkkkkkkk tô rindo só,nao_ofensivo,hatebr
hatebr_6684,"Realmente a situação é difícil, só vejo uma saída para essa candidatura, tentar uma vaga na Câmara de Vereadores e fazer um trampolim, pois, esperar 2 anos para recuperar um prestígio político é arriscado.",nao_ofensivo,hatebr
hatebr_6685,"Que triste! Mesmo elegível, não ganha eleição.",nao_ofensivo,hatebr
hatebr_6686,Tem meu voto!!!! 👏👏👏,nao_ofensivo,hatebr
hatebr_6687,Vem pro PT,nao_ofensivo,hatebr
hatebr_6688,Vim olhar os comentários pra ver se ainda tem receitas,nao_ofensivo,hatebr
hatebr_6689,As pessoas acha q só existem lula e Bolsonaro,nao_ofensivo,hatebr
hatebr_6690,@simonemouraom sempre . Combater as desigualdades sociais,nao_ofensivo,hatebr
hatebr_6691,Vem para o 13 amor,nao_ofensivo,hatebr
hatebr_6692,"Boa Joice, sou da mesma opinião.",nao_ofensivo,hatebr
hatebr_6693,Podemos ter opiniões diferentes e realizar um debate de país digno e honesto para o futuro. @joicehasselmannoficial sou de Centro-esquerda e concordo contigo!,nao_ofensivo,hatebr
hatebr_6694,Resumindo: o novo centrão é a Joice e o MBL,nao_ofensivo,hatebr
hatebr_6695,@neidesilvamariano É o novo centrão,nao_ofensivo,hatebr
hatebr_6696,"O Ministério da Saúde passou a recomendar que não sejam aplicadas as vacinas Astrazeneca e Janssen na população com menos de 40 anos,",nao_ofensivo,hatebr
hatebr_6697,"Finalmente temos um presidente que trabalha e trabalha MUITO! VIVA a DEMOCRACIA com #LulaMelhorPresidente , um presidente que respeita o povo brasileiro.",nao_ofensivo,hatebr
hatebr_6698,Mulheres maravilhosas 💝💖,nao_ofensivo,hatebr
hatebr_6699,Lula o melhor Presidente do Brasil ❤️🇧🇷 sempre e para sempre ❤️🇧🇷,nao_ofensivo,hatebr
hatebr_6700,Aí é o monte de ministros todos bem preparados,nao_ofensivo,hatebr
hatebr_6701,@luiziannelinspt 2024 Fortaleza... a candidata da Militância de @lulaoficial,nao_ofensivo,hatebr
hatebr_6702,Ninguém solta a mão de ninguém 🤝❤️,nao_ofensivo,hatebr
hatebr_6703,@elizabethsavala Verdade!!!❤️❤️❤️❤️❤️,nao_ofensivo,hatebr
hatebr_6704,Maravilhosas!!! Estamos JUNTAS!!❤️❤️❤️❤️❤️❤️,nao_ofensivo,hatebr
hatebr_6705,A pauta mais importante é segurança publica e educação basica,nao_ofensivo,hatebr
hatebr_6706,Guerreiras do povo brasileiro!,nao_ofensivo,hatebr
hatebr_6707,Vocês nos inspiram ! 😍😍😍😍😍,nao_ofensivo,hatebr
hatebr_6708,...Lugar de Mulher é na Política.👏👏😍,nao_ofensivo,hatebr
hatebr_6709,"LULA SEMPRE ♥️♥️♥️♥️♥️♥️o melhor presidente do Brasil e do mundo, abençoado por Deus, mais amado ♥️♥️♥️♥️♥️♥️👍👍👍👍👍",nao_ofensivo,hatebr
hatebr_6710,MULHERES PELA DEMOCRACIA 👏👏👏🙌❤️,nao_ofensivo,hatebr
hatebr_6711,"Mulheres inspiradoras, guerreiras e potentes de todas as LUTAS e batalhas em prol de um Brasil mais igual, justo e fraterno. 👏🇧🇷❤️🙌",nao_ofensivo,hatebr
hatebr_6712,Por isso fiz o L agora temos um presidente de verdade e que causa orgulho Viva Lula ❤️❤️❤️❤️🇧🇷🇧🇷🇧🇷🙏🙏,nao_ofensivo,hatebr
hatebr_6713,"Alô @bolsonarosp hoje teremos manifestações pelo Brasil todo dos motoristas de aplicativo, se puder cobrir nossa manifestação e dar apoio será gigante da sua parte 🙌",nao_ofensivo,hatebr
hatebr_6714,O melhor presente que o Brasil já teve Jair Bolsonaro,nao_ofensivo,hatebr
hatebr_6715,Ler um filho defender o pai é muito prazeroso mais ter um pai honesto é muito melhor não tem palavras que explique,nao_ofensivo,hatebr
hatebr_6716,"🙏 Mil cairão ao teu lado , dez mil a tua direita , mas tu não serás atingido ... em nome de Jesus . 🙏 Obrigado Presidente Bolsonaro ! 🇧🇷 Os brasileiros do bem estará com o senhor p/ o q Der e Vier . 🇧🇷 Deus Pátria Família e Liberdade . 🇧🇷🙏🇧🇷🙏🇧🇷🙏🇧🇷🙏🇧🇷🙏🇧🇷🙏",nao_ofensivo,hatebr
hatebr_6717,Que boné top👏,nao_ofensivo,hatebr
hatebr_6718,👏👏👏👏👏 Deus está cuidando de tudooo,nao_ofensivo,hatebr
hatebr_6719,O que está sendo feito para termos uma votação limpa na próxima eleição?,nao_ofensivo,hatebr
hatebr_6720,Bolsonaro nosso lider,nao_ofensivo,hatebr
hatebr_6721,@bolsonarosp será que VCS podem fazer fotografia cartaz em tamanho grande do nosso Bolsonaro. Gostaria de ter um poster grande dele.,nao_ofensivo,hatebr
hatebr_6722,Esse é meu Presidente!!!,nao_ofensivo,hatebr
hatebr_6723,Vou comprar os vinhos.,nao_ofensivo,hatebr
hatebr_6724,O MELHOR DE TODOS OS TEMPOS..O BOLSONARO O INSUBSTITUÍVEL SEMPRE! 😂😂❤️❤️👏👏👏,nao_ofensivo,hatebr
hatebr_6725,História nacional,nao_ofensivo,hatebr
hatebr_6726,"QUEREMOS A VOLTA DE @jairmessiasbolsonaro VOLTA, O BRASIL TE AMA!",nao_ofensivo,hatebr
hatebr_6727,Deus há de abençoar nosso pais eu Creio,nao_ofensivo,hatebr
hatebr_6728,Eu te agradeci pelo elogio amor,nao_ofensivo,hatebr
hatebr_6729,"Tá bom eu vou dormir ,até daqui a pouco amor",nao_ofensivo,hatebr
hatebr_6730,Amor a gente se fala ao amanhecer,nao_ofensivo,hatebr
hatebr_6731,Não vamos desistir!!!,nao_ofensivo,hatebr
hatebr_6732,QUEREMOS VOTO AUDITAVEL E IMPRESSO COM APURAÇÃO PÚBLICA,nao_ofensivo,hatebr
hatebr_6733,Parabéns ao Nosso capitão.,nao_ofensivo,hatebr
hatebr_6734,"Deus abençoe a turma do bem,Bolssonaro e Família.luz no seu caminho.",nao_ofensivo,hatebr
hatebr_6735,O Bolsonaro foi e continua sendo o nosso Presidente.,nao_ofensivo,hatebr
hatebr_6736,Vamos que vamos Bolsonaro 🇧🇷🇧🇷🇧🇷💚💛🏆👏🏼👏🏼👏🏼,nao_ofensivo,hatebr
hatebr_6737,"Parabéns, a verdade sempre aparece 🙌🙌🙌🙌",nao_ofensivo,hatebr
hatebr_6738,Até a abóbora está cara!,nao_ofensivo,hatebr
hatebr_6739,Só falou verdades Sr Deputado! 👏👏👏,nao_ofensivo,hatebr
hatebr_6740,"👉🙄🙌 parabéns sentir firmeza ,brasíl assima de tudo Deus assima de todos 🇧🇷🇧🇷🇧🇷🇧🇷🇧🇷",nao_ofensivo,hatebr
hatebr_6741,"Pensando na geopolítica atual, é muito estranho esse tipo de parceria…",nao_ofensivo,hatebr
hatebr_6742,Verdadeiros HOMENS DE DEUS ……..A BONDADE DE DEUS DENTRO DELES E A IMAGEM DE DEUS POR FORA ….lindos … Deus abençoe todos vocês os guarda e os livre de todo mal espiritual e de homens sanguinários.💚🩵💙🙏,nao_ofensivo,hatebr
hatebr_6743,Perfeito!! Tem gabarito pra fazer o que está fazendo. Muito bom!!!,nao_ofensivo,hatebr
hatebr_6744,Adorei a música 😍❤️✨,nao_ofensivo,hatebr
hatebr_6745,Foto de milhões!!,nao_ofensivo,hatebr
hatebr_6746,Parabéns Bolsonaro Parabéns Você me representa Parabéns Brasil Parabéns Parabéns Bahrein Parabéns,nao_ofensivo,hatebr
hatebr_6747,PARABÉNS FAMÍLIA ABENÇOADA por Deus 🙏👏👏👏👏💛💚💛💚💛💚🇧🇷🇧🇷🇧🇷🇧🇷🇧🇷,nao_ofensivo,hatebr
hatebr_6748,Liberdade é VIDA. 👏👏 tamo junto.,nao_ofensivo,hatebr
hatebr_6749,Parabéns Eduardo Bolsonaro merece o nosso respeito!!🇧🇷🇧🇷,nao_ofensivo,hatebr
hatebr_6750,Chic esses filhos do mito 👏👏,nao_ofensivo,hatebr
hatebr_6751,Bem relacionado 👏👏👏👏🇧🇷🇧🇷,nao_ofensivo,hatebr
hatebr_6752,"@bolsonarosp traz esse pessoal ali, aqui para o Brasil!",nao_ofensivo,hatebr
hatebr_6753,Parabéns Deputado Eduardo Bolsonaro pelo esforço que vc está fazendo e mostrando a nossa realidades ao mundo a fora! 👏🏻👏🏻👏🏻👊🏼🇧🇷,nao_ofensivo,hatebr
hatebr_6754,@dieguera_ Ele ñ é filho d Lula.,nao_ofensivo,hatebr
hatebr_6755,Nosso guerreiro ❤️❤️😍,nao_ofensivo,hatebr
hatebr_6756,Uau que legal ! Excelente,nao_ofensivo,hatebr
hatebr_6757,Deputado Eduardo nos dá segurança. você sei pai e seu irmão e nossa primeira Dama. Deus sempre esteja os abençoando Amém Amo vocês,nao_ofensivo,hatebr
hatebr_6758,Deus Pátria Famílias e liberdades amém,nao_ofensivo,hatebr
hatebr_6759,Na verdade querem aumentar para 28%.,nao_ofensivo,hatebr
hatebr_6760,"Muito bom, ministro Haddad! 👏🏽👏🏾👏🏿",nao_ofensivo,hatebr
hatebr_6761,Cade a diversidade Haddad?,nao_ofensivo,hatebr
hatebr_6762,Taxou a entrada advogado?,nao_ofensivo,hatebr
hatebr_6763,"@mauricioysilva seu comentário foi taxado em R$92,00",nao_ofensivo,hatebr
hatebr_6764,@alexcassimir Olá vamos ser taxados de novo?😢,nao_ofensivo,hatebr
hatebr_6765,@debora_martina___ 92% é justo aonde kkkk,nao_ofensivo,hatebr
hatebr_6766,@kevenfer7 Não estou defendendo as taxações,nao_ofensivo,hatebr
hatebr_6767,"Que isso glr, vcs n sabem conversar sem ofender?",nao_ofensivo,hatebr
hatebr_6768,👏👏👏👏👏. Não poderia está em mãos melhores!,nao_ofensivo,hatebr
hatebr_6769,Vamos abaixar essa remessa conforme aí meu brother.,nao_ofensivo,hatebr
hatebr_6770,Libera o Projeto de Lei do saque aniversário ❗❗❗,nao_ofensivo,hatebr
hatebr_6771,"@giselecordeiros kkkkkkkkkkkk calma, calma, é só o começo",nao_ofensivo,hatebr
hatebr_6772,Parabéns pelo excelente trabalho sr Haddad,nao_ofensivo,hatebr
hatebr_6773,Nunca foi sorte !!!👏,nao_ofensivo,hatebr
hatebr_6774,Verdadeiro homem de bem 👏👏👏❤️❤️❤️ te cuida amigo... deus te abençoe,nao_ofensivo,hatebr
hatebr_6775,E o DPVAT no BRASIL?.,nao_ofensivo,hatebr
hatebr_6776,"Cooperação internacional, desenvolvimento, respeito às leis brasileiras, força e paz na luta, Ministro @fernandohaddadoficial",nao_ofensivo,hatebr
hatebr_6777,Haddad!!! O maior gestor público do Brasil.,nao_ofensivo,hatebr
hatebr_6778,"Fora USA! Aliar-se ao USA, significa opor-se so resto do mundo. Fora#USA!",nao_ofensivo,hatebr
hatebr_6779,"Vai se confirmando o que nós já sabíamos, presidente Lula e sua equipe fazendo o melhor governo da história.",nao_ofensivo,hatebr
hatebr_6780,"Sempre juntos, professor ❤️",nao_ofensivo,hatebr
hatebr_6781,Grande Haddad,nao_ofensivo,hatebr
hatebr_6782,9 meses de progresso. Parabéns Haddad Lula 👏,nao_ofensivo,hatebr
hatebr_6783,"Parabéns p trabalho, respeito, elegancia, Deus abençoe o Sr. Equipe, e Presidente Lula.",nao_ofensivo,hatebr
hatebr_6784,Bora acabar com a fome e fazer o Brasil avançar,nao_ofensivo,hatebr
hatebr_6785,Esse é aquele que simplesmente SANEOU as contas da cidade de SP. Agora o negacionista presencia o salto gigantesco na economia brasileira 🇧🇷⭐🙌🏼,nao_ofensivo,hatebr
hatebr_6786,Melhor prefeito de SP 😢,nao_ofensivo,hatebr
hatebr_6787,"Outra boa notícia, @fernandohaddadoficial : A NOSSA CATEGORIA AFIRMA QUE A PARTIR DO NOSSO ENCONTRO, À PORTA DO MGI , PASSAMOS A ACREDITAR QUE A SUA VOZ IRÁ ECOAR PARA QUE ONNOSSOS #PLANODECARREIRASERVIDORESADMINISTRATIVOSMTE aconteça agora !!!! Estamos lá, com o SECRETÁRIO JOSÉ FEIJÓO. Fala com @estherdweck_ que a nossa história cabe nesse capítulo do maravilhoso LIVRO CHAMADO NOVO BRASIL.🇧🇷. Converse com @lulaoficial , também !!!!! Teremos uma próxima rodada , semana que vem . Escreva uma carta de AM❤️R à essa categoria. Nós do @comandonacionalmte , confiamos no MINISTRO @fernandohaddadoficial , e no HOMEM HADDAD.💰❤🇧🇷",nao_ofensivo,hatebr
hatebr_6788,👏👏👏👏Excelente Ministro !!! Parabéns Haddad!👏👏👏,nao_ofensivo,hatebr
hatebr_6789,"Enorme interesse em investir no agronegócio aqui, depois da queda do MARCO TEMPORAL?",nao_ofensivo,hatebr
hatebr_6790,"Haddad sinônimo de competência, inteligência e dinamismo. Melhor Ministro da Economia que o Brasil já teve.",nao_ofensivo,hatebr
hatebr_6791,"Cara, vc é demais. Tenho maior orgulho de apoiar suas ideias, sua trajetória política.👏",nao_ofensivo,hatebr
hatebr_6792,"Confio muito na sua competência, inteligência e calma, para resolver tudo da melhor maneira!!! Avante Grande Ministro!!!🤩👏👏🙏👏",nao_ofensivo,hatebr
hatebr_6793,@m1gu3lsth qual comentário de extrema direita seria?,nao_ofensivo,hatebr
hatebr_6794,@francinhaclara A receita federal é um órgão de quem? Não é do governo?😂😂,nao_ofensivo,hatebr
hatebr_6795,Não se esqueçam dos pensionistas por favor 🙌🙌🙌🙌🙌,nao_ofensivo,hatebr
hatebr_6796,2026 você lembra de fazer o L de novo. Lembre-se que o importante é que o Amor venceu.,nao_ofensivo,hatebr
hatebr_6797,"O Ministro do Trabalho, Luiz Marinho, planeja propor ao Conselho Curador do Fundo de Garantia por Tempo de Serviço (FGTS), a suspensão da antecipação do saque-aniversário. Essa medida funciona como um empréstimo bancário, com um limite de juros de 2,05% ao mês, que é significativamente menor do que os juros do cheque especial e do rotativo do cartão de crédito.",nao_ofensivo,hatebr
hatebr_6798,"- [ ] O ministro acrescentou que o FGTS tem funções importantes, sendo a principal delas proteger o trabalhador em caso de perda de emprego. Há também o papel de ajudar a financiar a política de habitação no País. Em todos esses aspectos, o trabalhador de baixa renda é o maior beneficiado, apontou Marinho.",nao_ofensivo,hatebr
hatebr_6799,"“O saque-aniversário, apesar de necessitar de melhorias, como o fim da carência de 25 meses para acessar o FGTS em caso de demissão, é um programa excelente para o cidadão, pois dá a ele acesso imediato a recursos que são seus mas que estão retidos compulsoriamente pelo governo, rendendo menos que a inflação”, opinou.",nao_ofensivo,hatebr
hatebr_6800,"O ministro do Trabalho e Emprego, Luiz Marinho, se autonomeou para o Conselho Fiscal do Serviço Social do Comércio (Sesc), no lugar do Gilberto Carvalho, ex-ministro no governo de Dilma Rousseff. O salário pode chegar a R$ 28,6 mil se ele comparecer a todas as reuniões, e é cumulativo ao salário de ministro. Por cada participação em uma das seis reuniões mensais do Conselho, Marinho receberá R$ 4,7 mil.",nao_ofensivo,hatebr
hatebr_6801,Libera nosso fgts,nao_ofensivo,hatebr
hatebr_6802,"Eai ministro? Quase um mês que autorizou o desconto dos carros mas o site não funciona pra faturar os pedidos. 15 dias carro parado na concessionária, a gente precisanfo do carro pra trabalhar",nao_ofensivo,hatebr
hatebr_6803,Vamos valorizar está idéia #dezpelé 😍,nao_ofensivo,hatebr
hatebr_6804,Parabéns Ministro. Competència e honestidade.,nao_ofensivo,hatebr
hatebr_6805,Posso comprar com o MEU DINHEIRO onde eu quiser!?,nao_ofensivo,hatebr
hatebr_6806,Amo a obra de Jeferson Tenório é maravilhosa,nao_ofensivo,hatebr
hatebr_6807,Comprei o meu 😍,nao_ofensivo,hatebr
hatebr_6808,Toda solidariedade a @jeferson.tenorio.9 ! Não à censura!,nao_ofensivo,hatebr
hatebr_6809,Livro maravilhoso e impactante! Absurdo a censura!,nao_ofensivo,hatebr
hatebr_6810,Excelente livro. Todos deveriam ler!,nao_ofensivo,hatebr
hatebr_6811,@daniellebraga_fotografia obrigada pelo livro. Já começo a ler.,nao_ofensivo,hatebr
hatebr_6812,Avesso da pele: relato sensível da condição do negro na sociedade brasilera e a eterna dívida social!!,nao_ofensivo,hatebr
hatebr_6813,Todo apoio a esse brilhante escritor.,nao_ofensivo,hatebr
hatebr_6814,Salve salve os livros q nos ajudam a abrir portas mentais,nao_ofensivo,hatebr
hatebr_6815,Vou adquirir e ler,nao_ofensivo,hatebr
hatebr_6816,Aproveitem e leiam Estela sem Deus também que é tão espetacular quanto.,nao_ofensivo,hatebr
hatebr_6817,Eu também espero. Que seu livro venda muito. Amanhã vou comprar o meu.,nao_ofensivo,hatebr
hatebr_6818,"Livro excelente, vale muito a leitura e reflexão 🧐📖",nao_ofensivo,hatebr
hatebr_6819,"👏👏👏👏👏 Jefferson Tenório, autor de livros obrigatórios. Retrata o Brasil que muitos negam!",nao_ofensivo,hatebr
hatebr_6820,"Como o preço do livro está um pouco elevado pra mim no momento, comprei o Estela Sem deus e na próxima oportunidade comprarei os demais livros dele q são tão elogiados quanto o q foi proibido.✊🏻",nao_ofensivo,hatebr
hatebr_6821,"Desculpa li rápido e acabei tirando conclusões precipitadas, sim deve ser uma ótima leitura e certamente mais obras sobre outros assuntos são necessárias mesmo que os temas sejam pelo vieis político.",nao_ofensivo,hatebr
hatebr_6822,"Li este livro ano passado, não dá para acreditar que foi censurado.",nao_ofensivo,hatebr
hatebr_6823,"Minha neta de 20 anos leu ano passado e me recomendou, ela contou que se emocionou com esse livro! Vou ler também!",nao_ofensivo,hatebr
hatebr_6824,"Vai ocorrer efeito contrário. Na minha ignorância, eu nem sabia que esse livro existia. Agora já encomendei pra ler.",nao_ofensivo,hatebr
hatebr_6825,"Manuela, você é maravilhosa!",nao_ofensivo,hatebr
hatebr_6826,@manueladavila querida e que grande @jeferson.tenorio.9 ! Avesso da Pele é também um grande presente para qualquer data.,nao_ofensivo,hatebr
hatebr_6827,O Avesso da Pele é genial!!!! E Estela sem Deus é o meu preferido de @jeferson.tenorio.9 !!!!! Leiam!!!!!,nao_ofensivo,hatebr
hatebr_6828,Espero muito que o efeito seja o contrário: todo mundo lendo e amando ler Tenório!,nao_ofensivo,hatebr
hatebr_6829,"eu li, por sua indicação. necessário! 🙌❤️",nao_ofensivo,hatebr
hatebr_6830,@numretratofalado obrigada @jeferson.tenorio.9 por essa obra.,nao_ofensivo,hatebr
hatebr_6831,Vai dar casamento,nao_ofensivo,hatebr
hatebr_6832,Li.. e recomendo! 👏👏,nao_ofensivo,hatebr
hatebr_6833,A leitura de O Avesso da Pele é fundamental!,nao_ofensivo,hatebr
hatebr_6834,Eu sou muito fã do Jeferson Tenório. Li o avesso da pele e Estela sem Deus.,nao_ofensivo,hatebr
hatebr_6835,Já na minha lista para comprar,nao_ofensivo,hatebr
hatebr_6836,@geannerocha Livro maravilhoso e necessário!,nao_ofensivo,hatebr
hatebr_6837,"Pô, mandou bem demais nessa",nao_ofensivo,hatebr
hatebr_6838,Amei os doguinhos 😍,nao_ofensivo,hatebr
hatebr_6839,Aquele pratinho do vaso de planta tava com terra não areia.,nao_ofensivo,hatebr
hatebr_6840,Bom demais! 😍😍❤️❤️❤️👏🏼👏🏼👏🏼🇧🇷🇧🇷🇧🇷#brasilunidocontradengue,nao_ofensivo,hatebr
hatebr_6841,Manu esqueceu de mim. Pega meu número🔥,nao_ofensivo,hatebr
hatebr_6842,"Na verdade, a maior mensagem que eu tirei da propaganda foi 'tenha cachorros em casa pra espantar a dengue'",nao_ofensivo,hatebr
hatebr_6843,"@brunolourenco2009 Desde que eu me conheço por gente se fala em prevenção de Dengue, inclusive os Agentes Sanitárias trabalham pra isso.",nao_ofensivo,hatebr
hatebr_6844,Dengue precisa e de vacina né de vídeo bonito não cadê as vacina,nao_ofensivo,hatebr
hatebr_6845,"Já tive dengue hemorrágica, não é nada legal! Parabéns pelo aporte Manu 🌷🙏",nao_ofensivo,hatebr
hatebr_6846,"Essa guerreira é a minha deputada. Honesta, corajosa e incansável. Amoooo. 👏🏼👏🏼💛💚💛💚🇧🇷🇧🇷🇧🇷🇧🇷",nao_ofensivo,hatebr
hatebr_6847,"Ela é sim, competente, inteligente, mastenho muito estima e respeito muitos outros da direita. Gente maravilhosas! Amo os.",nao_ofensivo,hatebr
hatebr_6848,Os defensores da PATRIA.,nao_ofensivo,hatebr
hatebr_6849,"A base tem que ser a honestidade, a lisura e com nosso presidente, Bolsonaro diz: Deus acima de tudo!",nao_ofensivo,hatebr
hatebr_6850,O povo conta muito com todos,nao_ofensivo,hatebr
hatebr_6851,"Avante direita, o Brasil está precisando de mais ações do que narrativas, 🇧🇷🇧🇷🇧🇷🇧🇷🇧🇷",nao_ofensivo,hatebr
hatebr_6852,estamos com vocês 👏👏👏👏🇧🇷🇧🇷🇧🇷🇧🇷💯💯💯💯,nao_ofensivo,hatebr
hatebr_6853,Não existe nova direita. Quem é direita é direita,nao_ofensivo,hatebr
hatebr_6854,Adoro este linda pessoa guerreira batalhadora nosso orgulho Carla Zambelli Brasil te ama 🇧🇷🇧🇷🇧🇷🇧🇷👏👏👏👏,nao_ofensivo,hatebr
hatebr_6855,Que DEUS capacite todos políticos da direita pra lutarem por nosso país,nao_ofensivo,hatebr
hatebr_6856,"Minha querida Deputada Carla Zambelle. Vc é,uma grande guerreira. Deus está sempre ao seu lado, para qualquer batalha que for enfrentar. Que Deus lhe abençoe sempre, com as mais grandiosas vitórias!👏👏👏👏👏👏💪🌹🌹🌹🌹⚘️⚘️⚘️🍀🍀🍀🍀",nao_ofensivo,hatebr
hatebr_6857,"👏👏👏,ela merece todo o nosso respeito, é uma guerreira",nao_ofensivo,hatebr
hatebr_6858,Deus seja louvado!! 💚💛🇧🇷,nao_ofensivo,hatebr
hatebr_6859,Esse é o conteúdo que fará a direita ter motivos pra continuar,nao_ofensivo,hatebr
hatebr_6860,"Cadê o @gusgayer dessa capa, um dos maiores protagonistas da direita??",nao_ofensivo,hatebr
hatebr_6861,Homem de reputação ilibada e saber jurídico.👏👏👏👏👏,nao_ofensivo,hatebr
hatebr_6862,O senado é composto por políticos. Por isso zanin será aprovado,nao_ofensivo,hatebr
hatebr_6863,"@vanfernandez.adv Sendo a senhorita, uma agente do Direito. AONDE exatamente, fica O PRINCÍPIO da IMPESSOALIDADE ou FINALIDADE, referido na constituição de 1988 (art. 37, caput)? Dentro da sua capacidade Intelectual, e saber jurídico.",nao_ofensivo,hatebr
hatebr_6864,Parabéns Zanin! Lula o melhor presidente do Brasil!😍❤️,nao_ofensivo,hatebr
hatebr_6865,"Isto deveria se exigir para ocupar o cargo um juiz , e não um advogado ...",nao_ofensivo,hatebr
hatebr_6866,Parabéns pela escolha,nao_ofensivo,hatebr
hatebr_6867,Excelente indicação. Nosso novo Ministro 👏👏👏,nao_ofensivo,hatebr
hatebr_6868,@sandrinhomonteiroaraujo apago não. Zanin é competente e será um excelente ministro do supremo,nao_ofensivo,hatebr
hatebr_6869,@zoo.master44 verdade foi assim que moro se tornou ministro da justiça 😉,nao_ofensivo,hatebr
hatebr_6870,Vai ser bem vindo. Um homem íntegro e bem qualificado. À democracia brasileira precisa desse gênio....,nao_ofensivo,hatebr
hatebr_6871,Parabéns pela escolha presidente Lula 👏👏👏👏,nao_ofensivo,hatebr
hatebr_6872,Lula é muito inteligente !!! 😍👏🇧🇷🇧🇷🇧🇷,nao_ofensivo,hatebr
hatebr_6873,Um dos mais brilhantes juristas deste País.,nao_ofensivo,hatebr
hatebr_6874,Grande profissional!!!!,nao_ofensivo,hatebr
hatebr_6875,Parabéns ao presidente Lulaaaaa pela escolha!,nao_ofensivo,hatebr
hatebr_6876,Lula tá certíssimo.,nao_ofensivo,hatebr
hatebr_6877,Pois é isso!! Esse é uma assumidade! Parabéns lula pela indicação!,nao_ofensivo,hatebr
hatebr_6878,@joaofreiredesena2 sonhar não paga nada hummmmmmm,nao_ofensivo,hatebr
hatebr_6879,Linda foto gostei parabéns bom dia Boa semana ❤️,nao_ofensivo,hatebr
hatebr_6880,@joaofreiredesena2 com FE EM DEUS 🙏🙏🙏🙏,nao_ofensivo,hatebr
hatebr_6881,"Onde uma, e mais mulheres fortes, determinadas e destemidas se unem, só vem vitória!",nao_ofensivo,hatebr
hatebr_6882,Se eu votasse em São Paulo já tinha meu voto,nao_ofensivo,hatebr
hatebr_6883,Deus é contigo contra as invejas Deus é maior,nao_ofensivo,hatebr
hatebr_6884,Duas mulheres lindas Deus abençoe sempre,nao_ofensivo,hatebr
hatebr_6885,Joice está uma loira linda Deus abençoe sempre,nao_ofensivo,hatebr
hatebr_6886,Líder @renataabreu1919 fazendo do PODEMOS um partido gigante...se vier será muito bem vinda @joicehasselmannoficial 👏👏👏,nao_ofensivo,hatebr
hatebr_6887,Ela tem que ir pra o PT 👏👏👏,nao_ofensivo,hatebr
hatebr_6888,Bha tá gata de quantia Joice 👏🏻👏🏻👏🏻,nao_ofensivo,hatebr
hatebr_6889,Vai voltar pra política Joice,nao_ofensivo,hatebr
hatebr_6890,Lindas demais❤️❤️❤️❤️❤️❤️❤️❤️,nao_ofensivo,hatebr
hatebr_6891,Gata demais🔥🔥🔥😘😘😘❤❤❤,nao_ofensivo,hatebr
hatebr_6892,Juntando duas excelência!!,nao_ofensivo,hatebr
hatebr_6893,Simplesmente lindas 😍,nao_ofensivo,hatebr
hatebr_6894,Pra cima!!!! 👏👏👏👏 Deus te abençoe sempre!,nao_ofensivo,hatebr
hatebr_6895,"@raquelmorenooficial , vamos eleger uma base forte e de direita! Abraços 🇧🇷",nao_ofensivo,hatebr
hatebr_6896,@carla.zambelli Por uma Rio Claro melhor!!! 👏👏👏,nao_ofensivo,hatebr
hatebr_6897,PARABÉNS VEREADOR MOISÉS MARQUES O TRABALHO NÃO PARA NUNCA.,nao_ofensivo,hatebr
hatebr_6898,"Carla, estamos com vc, meu voto foi e continua sendo seu",nao_ofensivo,hatebr
hatebr_6899,Carla Zambelli é uma guerreira!👏👏,nao_ofensivo,hatebr
hatebr_6900,Flávio Bolsonaro subiu no meu ranking,nao_ofensivo,hatebr
hatebr_6901,"PARABÉNS FLÁVIO BOLSONARO PELO EQUILÍBRIO , E PELA CONSIENCIA",nao_ofensivo,hatebr
hatebr_6902,"Sempre soube, que Carla Zambelli estava com Bolsonaro.",nao_ofensivo,hatebr
hatebr_6903,"Eu admiro extremamente @carla.zambelli , eu sigo ela há pelo menos 8 anos, sinto orgulho dela e quando vi q casou com @coronel_aginaldo , fiquei muito, mas muito feliz, talvez 1 dia eu possa dizer pessoalmente, sou de Londrina, abraços",nao_ofensivo,hatebr
hatebr_6904,É isso aí Senador 👏👏👏🇧🇷👊🤝,nao_ofensivo,hatebr
hatebr_6905,"Verdade ,deputada Carla Zambelli,íntegra,atuante,honesta,respeitosa, etc.....🌟🌟🌟🌟🌹🌹🌹🌹🌹🌹",nao_ofensivo,hatebr
hatebr_6906,Muita boa pessoa Carla Zambele,nao_ofensivo,hatebr
hatebr_6907,😢😢😢ela merece respeito de todos,nao_ofensivo,hatebr
hatebr_6908,👏👏👏👏falou tudo Carla Zambelli é orgulho para o Brasil.,nao_ofensivo,hatebr
hatebr_6909,Nunca duvidei disso. Contamos sempre com vc. E todo mundo sabe como perdemos.,nao_ofensivo,hatebr
hatebr_6910,E continua sendo a melhor!!!!!👏👏👏👏👏,nao_ofensivo,hatebr
hatebr_6911,A verdade sempre aparece,nao_ofensivo,hatebr
hatebr_6912,A CARLA.ZAMBELLI É NOSSA!🇧🇷🇧🇷🇧🇷🇧🇷🤚🤚,nao_ofensivo,hatebr
hatebr_6913,"Isso, alinhada com a verdade e o melhor para o Brasil!",nao_ofensivo,hatebr
hatebr_6914,22 sempre será meu presidente,nao_ofensivo,hatebr
hatebr_6915,"@lukinhadobreakoficial , muito obrigada por seu apoio e carinho. Conte sempre comigo! Abraços 🇧🇷",nao_ofensivo,hatebr
hatebr_6916,@carla.zambelli sempre amiga você merece todo nosso carinho e apoio!!! Nós brasileiros somos gratos a tudo que faz pelo nosso Brasil e por nós 🇧🇷🇧🇷🇧🇷🇧🇷💚,nao_ofensivo,hatebr
hatebr_6917,"@mcpm.insta , agradeço imensamente por terem vocês ao meu lado. Que Deus abençoe todos nós, amém!🙏🏼  Abraços 🇧🇷",nao_ofensivo,hatebr
hatebr_6918,"@claudinho.novaes , sem sombra de dúvidas, juntos somos mais fortes! Abraços 🇧🇷",nao_ofensivo,hatebr
hatebr_6919,Minha irmã querida vc merece !!!,nao_ofensivo,hatebr
hatebr_6920,"Estaremos sempre com nossa Carla Zambelli,eu e minha família votamos nela e ela não nos decepcionou e ela sempre vai ter nosso apoio,e que Deus te abençoe 🙌🙌🇧🇷🇧🇷🇧🇷",nao_ofensivo,hatebr
hatebr_6921,"Eu acompanho eu seu trabalho a anos a sua luta contra a corrupção, a senhora merece o meu respeito e de muitos brasileiros. 👏👏👏👏👏👏👏🇧🇷❤️",nao_ofensivo,hatebr
hatebr_6922,Sou seu fã Deputada !! Batalhadora,nao_ofensivo,hatebr
hatebr_6923,"Parabéns deputada, vc é foda!🙌🏻🙏🏻👉🏻",nao_ofensivo,hatebr
hatebr_6924,ELA É A MELHOR DEPUTADA DO BRASIL....CARLA E DESTEMIDA CORAJOSAS MERECE NOSSO TOTAL APOIO....,nao_ofensivo,hatebr
hatebr_6925,Grande deputada👏👏👏,nao_ofensivo,hatebr
hatebr_6926,Parabéns @flaviobolsonaro por seu esclarecimento ao fato passado antes das eleições de 22 com @carla.zambelli ! Que postura invejável😍,nao_ofensivo,hatebr
hatebr_6927,👏👏👏👏👏👏você é maravilhosa 🇧🇷🇧🇷,nao_ofensivo,hatebr
hatebr_6928,Sempre gostei de Carla,nao_ofensivo,hatebr
hatebr_6929,O Sr. Governador é jogo firme.,nao_ofensivo,hatebr
hatebr_6930,Perfeito como sempre,nao_ofensivo,hatebr
hatebr_6931,Vc é tão linda ( das formas de beleza todas que há ) ... e tudo isso é tão triste...,nao_ofensivo,hatebr
hatebr_6932,A máquina de realização Tarcísio… será presidente,nao_ofensivo,hatebr
hatebr_6933,Aí sim nosso Governador 👏👏👏👏,nao_ofensivo,hatebr
hatebr_6934,Parabéns!! Meu melhor voto para governar SP,nao_ofensivo,hatebr
hatebr_6935,Tarcísio não é fraco não,nao_ofensivo,hatebr
hatebr_6936,Melhor governador do mundo 👏🙌🇧🇷,nao_ofensivo,hatebr
hatebr_6937,Se não fosse o Tarcísio São Paulo já tinha quebrado,nao_ofensivo,hatebr
hatebr_6938,Já pode ser presidente 🙌🙌,nao_ofensivo,hatebr
hatebr_6939,Ele na presidência por favor🙌,nao_ofensivo,hatebr
hatebr_6940,Ainda bem que pelo menos temos Governador.,nao_ofensivo,hatebr
hatebr_6941,"Nossa solidariedade de mães a você e sua família, em especial, sua filhinha, por estarem sofrendo tanta violência ... dói só de ouvir",nao_ofensivo,hatebr
hatebr_6942,"Ficou Tarcísio pra nos alegrar,,,,mto gente boa.... competência..e mto mais..",nao_ofensivo,hatebr
hatebr_6943,CONCORDO PLENAMENTE... PARABÉNS... AMÉM.,nao_ofensivo,hatebr
hatebr_6944,Espero que vc saia como vice do Lula na próxima eleição 🥰,nao_ofensivo,hatebr
hatebr_6945,"Parabéns Tarcísio, você é o melhor governador de são Paulo até hj, que Deus abençoe sua vida, são Paulo seráo melhor estado do Brasil",nao_ofensivo,hatebr
hatebr_6946,👏👏esse é o cara,nao_ofensivo,hatebr
hatebr_6947,👏👏👏👏👏👏 Votei nele!! Bravo!!!!🇧🇷🇧🇷🇧🇷🇧🇷,nao_ofensivo,hatebr
hatebr_6948,Deus abençoe ricamente este homem de Deus,nao_ofensivo,hatebr
hatebr_6949,👏👏👏👏👏@tarcisiogdf Deus é contigo!❤️🇧🇷🇧🇷🇧🇷🇧🇷🇧🇷🇧🇷🇧🇷,nao_ofensivo,hatebr
hatebr_6950,Parabéns futuro presidente do Brasil 🇧🇷🇧🇷🇧🇷🇧🇷🇧🇷🇧🇷🇧🇷🇧🇷🇧🇷🇧🇷🇧🇷🇧🇷🇧🇷🇧🇷🇧🇷,nao_ofensivo,hatebr
hatebr_6951,Parabéns Tarcísio precisa colocar trem ou metro aqui em Campinas SP,nao_ofensivo,hatebr
hatebr_6952,"Esse governador é fantástico , representa meu voto !!!!",nao_ofensivo,hatebr
hatebr_6953,Parabéns Governador Tarcísio você representa o povo Brasileiro do bem.,nao_ofensivo,hatebr
hatebr_6954,Bolsonaro e Tarcísio juntos! Não tem pra ninguém 💚💛👊,nao_ofensivo,hatebr
hatebr_6955,Nunca tivemos ninguém melhor que ele aqui.,nao_ofensivo,hatebr
hatebr_6956,Além de melhor Governador de São Paulo será nosso futuro Presidente do Brasil 🇧🇷🇧🇷🇧🇷,nao_ofensivo,hatebr
hatebr_6957,olha aí meu voto colhendo frutos 👏😍,nao_ofensivo,hatebr
hatebr_6958,👏👏👏🇧🇷🇧🇷🇧🇷 esse cara me representa...,nao_ofensivo,hatebr
hatebr_6959,Esse é o nosso queridão Thorcisio @tarcisiogdf ❤️❤️❤️ que Deus o abençoe abundantemente.,nao_ofensivo,hatebr
hatebr_6960,Melhor governador que poderia ter para SP..,nao_ofensivo,hatebr
hatebr_6961,"Que inveja, São Paulo! Em breve ele cuidará do país inteiro. Aí sim, seremos prósperos, livres, seguros e felizes!",nao_ofensivo,hatebr
hatebr_6962,"Sem sombra de dúvidas, nosso futuro presidente 👏",nao_ofensivo,hatebr
hatebr_6963,👏👏👏🇧🇷🇧🇷🇧🇷 será um Grande Presidente do Brasil,nao_ofensivo,hatebr
hatebr_6964,Parabéns senhor governador Tarcísio de Freitas o melhor governador de todos os tempos 🇧🇷🇧🇷🇧🇷 Deus o abençoe e proteja sempre 👏👏👏,nao_ofensivo,hatebr
hatebr_6965,A maioria dos estados estão precisando de um governador como esse. 👏👏👏,nao_ofensivo,hatebr
hatebr_6966,"Parabéns Tarcísio, Deus abençoe pelo seu trabalho e dedicação 👏👏👏👏👏👏👏👏",nao_ofensivo,hatebr
hatebr_6967,Esse é de Deus parabéns Tarcísio,nao_ofensivo,hatebr
hatebr_6968,Deus tenha misericórdia da nossa nação,nao_ofensivo,hatebr
hatebr_6969,Família. É Projeto de Deus na Terra.!!!!!,nao_ofensivo,hatebr
hatebr_6970,Família é a estrutura de todos nós! Deus salve nossa família...😍😍🙌🙌❤️❤️,nao_ofensivo,hatebr
hatebr_6971,LULA É GIGANTE 👏👏❤️❤️🇧🇷🇧🇷🇧🇷,nao_ofensivo,hatebr
hatebr_6972,amo mais que maçã <3,nao_ofensivo,hatebr
hatebr_6973,Aonde esta mesa de negociação da carreira dos servidores federais da educação?,nao_ofensivo,hatebr
hatebr_6974,"Meu ministro, com todo respeito a sua caminhada, mas o que ta acontecendo com a dívida interna do país? Porquê esse salto?",nao_ofensivo,hatebr
hatebr_6975,"Muito inteligente, educado e capaz.",nao_ofensivo,hatebr
hatebr_6976,Reestruturação da Carreira dos técnicos administrativos em educação das universidades federais!!!,nao_ofensivo,hatebr
hatebr_6977,"Meu querido pelo amor ❤de Deus ajudar as pequenas empresas, principalmente na área de alimentação , estamos sem fôlego",nao_ofensivo,hatebr
hatebr_6978,Gosto demais de ver o sorriso de @dilmarousseff 😍😍,nao_ofensivo,hatebr
hatebr_6979,Política é diálogo e trabalho ! Continuidade nos projetos!,nao_ofensivo,hatebr
hatebr_6980,"Muito bem, @fernandohaddadoficial! Vamos também apoiar o desenvolvimento da reestruturação da carreira dos técnicos federais em educação",nao_ofensivo,hatebr
hatebr_6981,Trabalho impecável👏👏👏👏,nao_ofensivo,hatebr
hatebr_6982,Amém que Deus abençoe em o nome de Jesus🙌🥹,nao_ofensivo,hatebr
hatebr_6983,Deus abençoe que dê tudo certo!,nao_ofensivo,hatebr
hatebr_6984,Vocês são os verdadeiros políticos que o povo necessita.,nao_ofensivo,hatebr
hatebr_6985,Meus @bolsonarosp fico muito feliz com o lindo trabalho de vcs em favor do Brasil 🇧🇷🇧🇷🇧🇷👏👏👏,nao_ofensivo,hatebr
hatebr_6986,Torcendo por vcs !!!👏👏👏🇧🇷🇧🇷🇧🇷🇧🇷🇧🇷🇧🇷,nao_ofensivo,hatebr
hatebr_6987,👏👏👏👏👏👏👏👏👏👏👏 PARABÉNS VCS SAO HERÓIS DO BRASIL 🇧🇷🇧🇷🇧🇷🇧🇷🇧🇷🇧🇷🇧🇷🇧🇷🇧🇷🇧🇷🇧🇷🇧🇷🇧🇷🇧🇷,nao_ofensivo,hatebr
hatebr_6988,E o que pode fazer esse tribunal em favor do povo brasileiro?,nao_ofensivo,hatebr
hatebr_6989,Parabéns pelo trabalho de vocês!,nao_ofensivo,hatebr
hatebr_6990,Não podemos desistir do Brasil. Parabéns!,nao_ofensivo,hatebr
hatebr_6991,Parabéns pelo trabalho e por serem voz por nós brasileiros.🇧🇷🇧🇷🇧🇷,nao_ofensivo,hatebr
hatebr_6992,Parabéns Guerreiro. Deus Pátria e família 🇧🇷,nao_ofensivo,hatebr
hatebr_6993,Estamos orando por vcs 👏🙏🙏🙏🙏💪💪💪💪,nao_ofensivo,hatebr
hatebr_6994,"Bolsonaro e seus filhos, são gênios!😂💛💚💛💚💛💚💛💚",nao_ofensivo,hatebr
hatebr_6995,Que o Senhor Jesus esteja com vocês dando sabedoria e proteção 🙌,nao_ofensivo,hatebr
hatebr_6996,Parabéns Eduardo!!! Deus te proteja. Obrigada por tudo 🙏🇧🇷💚💛,nao_ofensivo,hatebr
hatebr_6997,A melhor maneira de unir a direita do mundo todo!!,nao_ofensivo,hatebr
hatebr_6998,Vcs são lutadores. Sejam protegidos.,nao_ofensivo,hatebr
hatebr_6999,"Parabéns Deus abençoe 🙌, que a verdade traga a justiça.",nao_ofensivo,hatebr
hatebr_7000,"Agradecer a Deus por colocar esses anjos para defender o povo honesto do Brasil, estamos juntos nessa luta, povo unido.Vomos nos unir em oração para que Deus proteja vocês.",nao_ofensivo,hatebr
